,"T° Read 2:424,465",A1,A2,A3,A4,A5,A6,A7,A8,A9,A10,A11,A12,B1,B2,B3,B4,B5,B6,B7,B8,B9,B10,B11,B12,C1,C2,C3,C4,C5,C6,C7,C8,C9,C10,C11,C12,D1,D2,D3,D4,D5,D6,D7,D8,D9,D10,D11,D12,E1,E2,E3,E4,E5,E6,E7,E8,E9,E10,E11,E12,F1,F2,F3,F4,F5,F6,F7,F8,F9,F10,F11,F12,G1,G2,G3,G4,G5,G6,G7,G8,G9,G10,G11,G12,H1,H2,H3,H4,H5,H6,H7,H8,H9,H10
6.966666666666667,37,,,,,,,,,,,,,,292,292,296,296,293,281,288,288,306,294,,,270,277,269,289,276,276,282,292,309,285,,,285,268,277,285,287,296,283,263,296,294,,,150,159,157,181,171,156,166,177,184,170,,,157,159,157,170,159,162,170,161,174,181,,,135,118,122,134,128,138,135,137,180,180,,,,,,,,,,,
13.983333333333333,37,,,,,,,,,,,,,,275,285,297,308,289,287,282,307,287,288,,,270,263,268,282,278,274,276,291,299,273,,,277,271,294,284,276,294,273,267,297,296,,,159,151,156,177,158,153,158,171,187,172,,,169,160,148,171,153,166,160,166,174,169,,,133,113,120,137,126,131,123,132,169,183,,,,,,,,,,,
21.0,37,,,,,,,,,,,,,,281,270,282,293,280,290,284,300,291,289,,,273,275,270,281,269,274,279,303,302,289,,,282,267,279,294,283,303,270,273,294,288,,,162,155,151,176,158,155,161,161,175,172,,,148,160,157,165,162,152,150,159,176,163,,,126,126,122,116,132,126,128,128,170,171,,,,,,,,,,,
28.016666666666666,37,,,,,,,,,,,,,,273,273,279,285,291,276,278,299,291,282,,,265,267,280,280,274,266,267,288,295,281,,,278,277,271,276,278,290,278,269,292,281,,,160,146,150,181,154,154,148,164,176,168,,,168,157,142,169,156,158,161,161,176,171,,,124,120,124,131,115,126,117,122,163,172,,,,,,,,,,,
35.016666666666666,37,,,,,,,,,,,,,,281,269,278,293,287,278,268,295,291,281,,,264,269,273,289,273,269,272,288,298,277,,,281,280,266,278,286,277,264,257,292,276,,,152,162,160,180,155,160,156,162,173,176,,,155,155,155,167,162,151,142,162,173,170,,,121,125,115,122,117,123,127,126,174,175,,,,,,,,,,,
42.03333333333333,37,,,,,,,,,,,,,,268,277,278,289,291,281,269,304,286,285,,,270,266,264,278,273,272,271,283,287,285,,,270,272,278,280,279,287,275,257,286,289,,,154,148,150,182,141,146,156,176,177,181,,,162,139,156,169,156,151,164,165,173,176,,,127,120,110,130,132,119,127,125,169,183,,,,,,,,,,,
49.05,37,,,,,,,,,,,,,,289,272,269,289,286,281,272,292,281,288,,,264,265,261,291,269,266,275,281,305,279,,,272,266,272,279,277,286,279,266,294,281,,,166,158,159,192,161,164,145,159,166,161,,,153,150,142,161,155,158,157,163,167,178,,,131,117,126,121,119,122,116,122,176,172,,,,,,,,,,,
56.06666666666667,37,,,,,,,,,,,,,,271,274,271,284,290,283,281,285,287,291,,,253,274,261,282,289,264,271,282,301,279,,,273,258,264,293,269,293,272,254,286,285,,,156,157,157,176,151,154,159,159,176,170,,,153,158,154,169,151,160,153,168,172,169,,,132,113,114,121,119,115,119,123,159,174,,,,,,,,,,,
63.083333333333336,37,,,,,,,,,,,,,,277,280,278,284,273,277,279,297,287,283,,,273,263,263,284,270,268,261,286,302,278,,,262,264,272,282,271,289,275,245,286,276,,,154,153,155,185,154,147,161,175,173,165,,,159,154,151,155,155,158,155,162,162,165,,,134,110,117,119,128,117,124,107,166,163,,,,,,,,,,,
70.08333333333333,37,,,,,,,,,,,,,,278,275,276,287,270,282,278,278,283,294,,,261,262,271,289,263,279,270,270,300,273,,,270,274,267,285,280,284,274,265,286,286,,,151,159,158,179,157,146,160,165,172,166,,,157,163,152,159,157,163,146,171,169,181,,,133,111,111,130,108,127,126,127,175,170,,,,,,,,,,,
77.1,37,,,,,,,,,,,,,,263,275,280,292,277,276,272,295,291,280,,,264,271,270,283,274,264,261,265,305,282,,,273,256,264,287,268,277,263,255,285,282,,,163,155,156,174,165,146,149,167,168,166,,,151,157,151,162,136,152,159,165,168,162,,,133,116,121,115,120,111,124,125,186,173,,,,,,,,,,,
84.11666666666666,37,,,,,,,,,,,,,,274,281,278,290,284,272,264,290,280,293,,,276,256,265,295,273,271,262,276,286,274,,,271,262,261,289,268,289,268,251,286,275,,,168,156,149,181,161,156,154,173,165,155,,,161,162,152,159,155,161,160,162,172,168,,,129,107,114,110,120,123,116,119,176,171,,,,,,,,,,,
91.11666666666666,37,,,,,,,,,,,,,,274,267,273,290,282,279,280,283,298,290,,,256,266,260,277,264,261,271,281,301,268,,,278,260,269,277,275,278,266,255,287,282,,,163,158,151,174,154,158,159,168,173,173,,,158,150,149,156,153,150,165,164,172,168,,,133,107,114,114,119,120,119,118,167,170,,,,,,,,,,,
98.13333333333334,37,,,,,,,,,,,,,,270,276,280,275,279,278,280,282,285,271,,,257,257,270,288,273,266,261,280,304,283,,,277,272,275,284,273,282,265,258,293,277,,,161,156,155,169,155,151,163,162,165,165,,,149,164,154,159,156,156,161,164,178,168,,,127,117,113,118,120,128,120,125,187,164,,,,,,,,,,,
110.41666666666667,37,,,,,,,,,,,,,,274,274,292,315,300,273,281,305,308,300,,,274,279,263,286,272,271,273,275,304,294,,,277,280,258,282,283,297,281,265,290,296,,,169,163,175,187,165,174,163,180,164,174,,,169,165,159,167,169,171,177,167,174,173,,,139,111,119,120,126,122,123,125,165,164,,,,,,,,,,,
117.41666666666667,37,,,,,,,,,,,,,,284,275,289,295,280,285,286,300,296,288,,,262,274,270,289,279,274,273,285,279,274,,,283,278,262,292,284,292,284,280,286,276,,,158,173,159,196,175,159,161,173,170,175,,,166,162,157,161,163,166,159,181,164,166,,,135,118,113,121,128,124,141,119,158,174,,,,,,,,,,,
141.63333333333333,37,,,,,,,,,,,,,,3061,2591,2696,300,2236,2144,2125,297,287,293,,,296,295,295,306,314,291,304,299,307,283,,,296,297,297,305,307,309,289,298,301,295,,,172,171,162,183,167,166,163,174,185,174,,,168,163,166,176,173,172,170,170,183,181,,,116,121,113,120,127,114,116,120,173,164,,,,,,,,,,,
148.63333333333333,37,,,,,,,,,,,,,,2915,2553,2667,298,2191,2116,2126,297,294,291,,,282,280,284,304,285,298,297,298,297,282,,,291,289,284,308,291,312,301,281,293,282,,,163,153,164,191,169,175,160,180,174,173,,,168,170,166,167,164,158,166,164,155,167,,,136,122,116,125,123,122,126,129,175,165,,,,,,,,,,,
155.63333333333333,37,,,,,,,,,,,,,,2781,2470,2605,289,2050,2013,2070,297,295,278,,,274,283,278,288,284,277,286,309,302,280,,,277,284,286,300,286,297,282,278,287,272,,,149,173,164,172,164,169,155,180,173,165,,,170,167,167,156,164,165,158,165,167,169,,,115,120,115,118,110,133,123,121,166,169,,,,,,,,,,,
162.65,37,,,,,,,,,,,,,,2886,2584,2609,295,2086,2068,2064,298,286,283,,,285,275,280,302,286,279,293,287,296,265,,,292,267,277,302,280,291,282,267,281,287,,,159,156,163,184,148,166,167,178,167,154,,,168,167,152,172,158,163,172,170,163,167,,,134,118,113,121,122,119,116,124,167,163,,,,,,,,,,,
169.65,37.1,,,,,,,,,,,,,,3006,2597,2642,293,2133,2071,2117,287,282,271,,,281,286,270,308,292,289,278,294,276,262,,,291,288,294,301,284,307,286,277,274,278,,,171,164,174,184,159,180,152,182,160,163,,,166,177,159,164,170,164,161,165,171,174,,,120,115,114,125,116,120,125,129,166,165,,,,,,,,,,,
176.66666666666666,37,,,,,,,,,,,,,,3137,2552,2720,292,2219,2086,2058,288,280,271,,,286,279,288,307,291,283,292,292,283,271,,,283,294,288,303,290,303,289,287,285,263,,,167,160,161,188,150,155,155,179,157,153,,,157,163,163,159,164,156,165,177,163,169,,,134,121,119,133,119,112,117,109,166,166,,,,,,,,,,,
183.68333333333334,37,,,,,,,,,,,,,,3217,2606,2694,289,2202,2086,2109,289,286,279,,,286,289,297,302,295,285,284,280,292,268,,,292,278,300,293,312,324,292,277,274,276,,,165,163,160,176,160,158,162,183,164,168,,,170,153,137,164,163,156,167,170,160,158,,,127,118,115,119,126,110,129,112,161,168,,,,,,,,,,,
190.7,37,,,,,,,,,,,,,,3196,2629,2717,288,2191,2130,2120,299,276,282,,,281,287,286,291,289,278,287,305,279,273,,,296,287,295,307,295,313,284,292,281,271,,,164,163,162,177,159,173,170,173,176,158,,,165,169,165,174,175,164,164,169,161,170,,,120,108,110,128,129,120,117,120,173,167,,,,,,,,,,,
197.71666666666667,37,,,,,,,,,,,,,,3263,2634,2795,296,2228,2149,2152,303,275,294,,,291,296,284,304,289,289,301,305,283,258,,,295,299,291,309,307,318,285,279,280,270,,,163,160,180,181,164,160,163,168,167,166,,,153,171,152,163,157,161,169,163,171,159,,,122,108,117,115,123,106,123,111,160,156,,,,,,,,,,,
204.71666666666667,37,,,,,,,,,,,,,,3345,2668,2822,298,2258,2159,2190,296,277,274,,,297,290,298,306,294,292,292,311,278,266,,,308,290,305,315,305,317,283,287,290,279,,,181,156,156,169,158,177,152,188,159,157,,,156,169,159,171,169,156,162,175,160,155,,,124,120,104,123,125,114,113,115,153,163,,,,,,,,,,,
211.73333333333332,37,,,,,,,,,,,,,,3352,2714,2878,304,2247,2169,2164,302,284,274,,,292,296,295,311,315,298,299,317,295,274,,,295,297,302,307,302,318,297,285,281,262,,,168,178,154,178,181,165,165,179,172,173,,,165,177,161,177,161,175,177,169,162,156,,,121,117,106,116,122,116,114,128,166,156,,,,,,,,,,,
218.73333333333332,37,,,,,,,,,,,,,,3408,2756,2900,307,2286,2207,2224,306,274,264,,,297,287,295,318,300,315,308,310,290,259,,,310,293,314,321,298,327,311,293,282,277,,,168,163,168,187,178,170,159,183,168,158,,,168,174,172,166,168,166,166,170,168,171,,,128,119,106,123,117,99,116,129,165,169,,,,,,,,,,,
238.26666666666668,37,,,,,,,,,,,,,,4280,3442,3652,328,2863,2752,2745,324,289,2170,,,3180,3528,3185,343,3312,3308,3385,328,293,2081,,,327,307,321,333,320,336,313,316,287,272,,,2620,2507,2698,199,2742,2741,2623,182,171,1963,,,167,177,181,180,182,175,179,175,166,1984,,,129,118,122,115,124,108,124,119,166,161,,,,,,,,,,,
245.26666666666668,37,,,,,,,,,,,,,,4007,3256,3443,331,2733,2614,2579,315,273,1986,,,2893,3129,2982,325,2997,3013,3082,317,298,1940,,,321,323,327,331,326,336,317,298,280,271,,,2517,2559,2662,187,2714,2640,2654,193,171,1825,,,182,172,164,182,181,175,178,178,167,1811,,,129,116,115,113,118,120,122,124,166,169,,,,,,,,,,,
252.26666666666668,37,,,,,,,,,,,,,,3845,3111,3329,324,2604,2528,2496,309,263,1932,,,2839,3016,2829,344,2835,2889,2998,330,287,1907,,,325,309,318,330,329,328,318,319,284,275,,,2366,2417,2569,200,2553,2483,2496,187,157,1744,,,166,176,170,174,181,166,183,180,161,1738,,,122,118,120,117,120,115,110,110,170,164,,,,,,,,,,,
259.28333333333336,37.1,,,,,,,,,,,,,,3817,3066,3264,322,2589,2497,2454,309,271,1901,,,2855,3008,2881,336,2846,2882,2950,318,278,1882,,,320,327,321,328,322,338,311,304,283,255,,,2354,2380,2528,193,2475,2409,2484,190,155,1706,,,172,182,169,182,179,174,177,188,165,1699,,,120,112,115,119,120,120,120,118,165,164,,,,,,,,,,,
266.3,37,,,,,,,,,,,,,,3767,3071,3263,332,2546,2450,2438,314,275,1900,,,2899,3004,2918,344,2871,2876,2962,333,272,1840,,,329,323,329,334,328,339,320,299,267,249,,,2400,2441,2550,193,2518,2428,2549,187,163,1664,,,165,183,176,176,177,177,177,185,162,1705,,,125,117,116,115,116,115,127,112,156,155,,,,,,,,,,,
273.3,37,,,,,,,,,,,,,,3764,3062,3218,331,2507,2462,2410,317,268,1895,,,2869,2938,2966,337,2859,2865,2955,328,277,1867,,,340,333,319,355,319,330,312,303,267,255,,,2424,2435,2561,201,2494,2456,2406,182,163,1659,,,178,177,170,177,166,168,177,183,155,1693,,,124,102,108,114,113,115,118,111,154,164,,,,,,,,,,,
280.31666666666666,37,,,,,,,,,,,,,,3843,3088,3294,327,2587,2461,2444,325,267,1939,,,2928,2944,2908,337,2867,2863,2972,328,277,1857,,,336,329,319,345,312,349,322,304,274,282,,,2478,2441,2562,190,2480,2451,2399,193,155,1706,,,174,181,170,178,174,174,176,183,159,1712,,,124,106,119,102,108,113,118,122,150,153,,,,,,,,,,,
287.3333333333333,37,,,,,,,,,,,,,,3898,3130,3341,351,2593,2505,2483,334,264,1912,,,2953,2976,2957,337,2871,2904,2986,338,279,1826,,,354,334,332,347,319,341,328,320,274,262,,,2434,2458,2546,191,2476,2454,2438,187,154,1741,,,170,179,176,194,184,172,191,177,153,1682,,,127,116,112,121,118,113,113,115,155,155,,,,,,,,,,,
302.78333333333336,37,,,,,,,,,,,,,,4877,3855,4107,362,3153,3028,3051,356,264,2214,,,3348,3400,3241,359,3262,3265,3429,345,274,2080,,,350,348,358,374,352,364,352,347,280,266,,,2963,2911,2922,200,3007,2958,2914,200,163,1980,,,196,192,181,201,192,183,181,198,175,1932,,,126,110,115,114,117,117,112,115,153,162,,,,,,,,,,,
309.76666666666665,37,,,,,,,,,,,,,,4575,3688,3904,362,3045,2895,2839,367,287,2112,,,3197,3280,3138,351,3156,3201,3319,334,274,1985,,,359,349,352,370,346,357,345,323,277,269,,,2798,2827,2807,199,2857,2803,2795,199,167,1868,,,180,180,192,200,182,187,186,196,166,1838,,,129,116,113,119,120,112,128,115,159,154,,,,,,,,,,,
316.78333333333336,37,,,,,,,,,,,,,,4423,3579,3761,380,2964,2836,2815,357,277,2000,,,3094,3184,3070,347,3085,3139,3220,347,277,1923,,,371,359,360,370,346,356,344,331,273,257,,,2682,2691,2731,200,2779,2710,2701,188,167,1801,,,200,191,182,182,193,189,197,200,161,1763,,,127,105,112,116,113,111,116,114,157,164,,,,,,,,,,,
323.78333333333336,37,,,,,,,,,,,,,,4389,3568,3737,394,2960,2809,2813,365,266,1945,,,3000,3097,3036,377,2995,3046,3192,336,275,1876,,,374,347,346,379,355,365,340,323,267,257,,,2609,2574,2650,209,2642,2638,2618,198,149,1736,,,177,187,181,193,177,196,191,197,151,1770,,,127,107,99,111,118,114,126,116,158,147,,,,,,,,,,,
330.8,37,,,,,,,,,,,,,,4411,3566,3785,387,2951,2823,2802,380,263,1916,,,3020,3077,2991,355,2976,2994,3113,349,277,1845,,,366,354,368,385,351,364,341,333,270,253,,,2589,2575,2565,198,2630,2602,2559,197,164,1739,,,192,191,184,192,195,182,195,201,150,1707,,,121,107,102,108,109,104,124,127,159,156,,,,,,,,,,,
337.8,37,,,,,,,,,,,,,,4459,3617,3761,386,2971,2865,2851,372,262,1882,,,2974,3052,2922,349,2944,2999,3110,353,271,1821,,,357,349,365,376,344,370,348,343,262,256,,,2572,2536,2562,194,2611,2550,2564,202,157,1737,,,198,204,184,192,193,192,190,193,152,1674,,,126,109,120,103,122,117,121,106,153,168,,,,,,,,,,,
364.8500000000001,37,,,,,,,,,,,,,,4610,3745,3909,442,3230,3121,3088,417,271,1847,,,2984,3052,2943,376,2898,2953,3039,384,266,1801,,,390,365,373,411,369,393,365,356,267,256,,,2586,2574,2574,210,2617,2583,2582,208,149,1653,,,198,202,205,212,190,181,200,190,164,1655,,,123,118,112,112,110,107,124,112,153,155,,,,,,,,,,,
371.8666666666668,37,,,,,,,,,,,,,,4634,3756,3928,455,3241,3099,3117,436,267,1821,,,3035,3054,2919,383,2947,2945,3082,391,278,1790,,,395,384,388,407,376,383,364,355,277,265,,,2599,2569,2608,208,2647,2612,2556,209,158,1691,,,200,204,190,204,198,205,203,205,157,1636,,,124,110,111,110,113,114,116,114,159,155,,,,,,,,,,,
378.8666666666668,37,,,,,,,,,,,,,,4694,3796,3960,450,3237,3163,3123,452,265,1863,,,2982,3041,2949,394,2904,2951,3056,371,276,1780,,,407,386,408,413,381,394,388,352,258,260,,,2639,2569,2577,209,2616,2585,2558,221,151,1660,,,196,194,205,196,207,208,208,217,170,1651,,,123,107,120,115,111,106,122,123,163,152,,,,,,,,,,,
385.88333333333344,37,,,,,,,,,,,,,,4713,3832,4025,478,3254,3165,3131,450,255,1833,,,2993,3055,2959,410,2939,2983,3065,390,271,1748,,,405,399,399,434,393,377,381,374,278,260,,,2605,2581,2620,207,2624,2594,2553,210,159,1636,,,200,214,205,213,206,208,201,205,162,1632,,,114,113,111,114,121,107,115,113,158,155,,,,,,,,,,,
392.88333333333344,37,,,,,,,,,,,,,,4752,3887,4070,497,3310,3176,3151,465,275,1854,,,3038,3095,2964,410,2906,2961,3051,395,269,1778,,,419,404,406,422,393,403,386,383,266,252,,,2646,2575,2617,217,2655,2629,2592,216,160,1659,,,206,217,202,221,202,198,203,215,161,1622,,,131,102,110,112,118,116,121,108,159,148,,,,,,,,,,,
399.9000000000001,37,,,,,,,,,,,,,,4809,3920,4060,489,3348,3233,3222,483,253,1825,,,3014,3096,2977,424,2929,2954,3074,414,271,1780,,,414,425,404,431,395,414,393,384,277,253,,,2616,2618,2619,216,2678,2623,2576,227,151,1656,,,201,209,202,206,217,205,213,224,175,1639,,,123,100,104,118,115,119,119,117,157,162,,,,,,,,,,,
406.91666666666674,37,,,,,,,,,,,,,,4840,3933,4094,519,3410,3255,3241,498,272,1831,,,3055,3109,2970,416,2952,2976,3109,414,273,1776,,,426,424,418,447,398,414,398,375,274,250,,,2639,2661,2635,218,2680,2647,2589,225,166,1635,,,215,195,214,217,215,216,208,213,158,1645,,,116,109,110,110,114,109,120,112,149,152,,,,,,,,,,,
413.91666666666674,36.9,,,,,,,,,,,,,,4877,3920,4147,508,3392,3261,3282,519,256,1815,,,3059,3109,3024,430,2962,3002,3097,404,272,1740,,,421,433,424,438,426,420,401,385,265,253,,,2665,2642,2605,223,2704,2667,2613,232,160,1649,,,203,221,202,224,215,213,218,222,155,1616,,,122,100,102,108,109,105,122,106,153,143,,,,,,,,,,,
420.93333333333345,37,,,,,,,,,,,,,,4935,3929,4125,522,3440,3287,3260,522,267,1819,,,3043,3132,3012,427,2958,3025,3091,413,272,1767,,,433,432,426,461,418,433,409,388,263,260,,,2692,2643,2619,222,2707,2667,2605,237,155,1661,,,221,208,217,230,219,203,225,221,164,1631,,,123,95,109,118,113,106,107,123,152,147,,,,,,,,,,,
427.93333333333345,37,,,,,,,,,,,,,,4954,4010,4186,522,3474,3346,3342,518,266,1802,,,3098,3154,3024,440,2945,3015,3109,423,273,1743,,,446,429,441,451,422,430,416,389,281,249,,,2653,2645,2634,234,2694,2678,2615,228,158,1625,,,218,223,215,214,216,220,215,226,149,1613,,,128,97,92,119,122,113,111,124,162,148,,,,,,,,,,,
434.9500000000001,37,,,,,,,,,,,,,,4989,4009,4209,536,3489,3352,3377,544,256,1796,,,3100,3188,3068,430,2972,3046,3120,441,264,1744,,,445,448,456,470,420,441,410,411,283,251,,,2661,2649,2625,233,2722,2653,2618,227,154,1644,,,219,231,207,218,209,205,220,226,155,1625,,,113,106,101,114,122,112,113,115,147,159,,,,,,,,,,,
441.96666666666675,37,,,,,,,,,,,,,,4990,4037,4203,557,3534,3404,3380,554,259,1805,,,3056,3161,3077,453,2974,3043,3143,427,267,1741,,,475,456,464,479,430,438,430,415,269,268,,,2684,2653,2648,237,2706,2668,2634,231,168,1638,,,226,206,213,222,228,215,225,228,159,1619,,,118,112,112,122,99,114,122,117,163,159,,,,,,,,,,,
448.96666666666675,37,,,,,,,,,,,,,,5044,4046,4269,559,3543,3416,3371,567,258,1787,,,3121,3163,3092,455,3014,3054,3121,428,254,1762,,,458,461,449,481,444,441,433,412,278,242,,,2688,2650,2638,232,2723,2664,2615,232,156,1632,,,226,221,227,235,216,215,210,241,159,1607,,,122,108,106,116,115,118,115,115,154,155,,,,,,,,,,,
455.98333333333346,37,,,,,,,,,,,,,,5065,4098,4291,570,3581,3441,3424,563,273,1787,,,3134,3176,3116,464,2977,3023,3133,443,268,1731,,,469,476,470,495,432,444,424,428,256,258,,,2698,2649,2646,229,2717,2700,2616,234,161,1631,,,227,235,236,233,220,232,221,237,147,1617,,,116,116,103,120,129,124,130,118,157,150,,,,,,,,,,,
463.0000000000001,37,,,,,,,,,,,,,,5169,4112,4300,575,3613,3448,3455,581,256,1786,,,3158,3232,3085,466,2978,3076,3127,449,260,1760,,,488,472,485,500,454,459,438,419,265,258,,,2699,2679,2648,236,2738,2686,2643,235,155,1590,,,231,236,217,214,224,217,236,242,167,1600,,,121,118,104,116,119,112,124,121,151,149,,,,,,,,,,,
470.0000000000001,37,,,,,,,,,,,,,,5165,4125,4336,585,3644,3494,3452,572,258,1774,,,3150,3230,3114,478,3050,3042,3185,450,276,1749,,,471,474,488,494,461,466,442,415,262,261,,,2719,2659,2644,236,2746,2705,2615,239,152,1626,,,231,237,223,248,230,231,233,232,162,1593,,,123,106,111,115,116,117,116,119,150,154,,,,,,,,,,,
477.01666666666677,37,,,,,,,,,,,,,,5220,4146,4329,590,3666,3510,3496,595,267,1785,,,3188,3222,3112,487,3061,3083,3172,459,273,1722,,,492,477,493,502,451,475,445,450,265,250,,,2703,2649,2668,238,2725,2670,2649,241,162,1611,,,224,232,223,243,230,231,232,229,164,1580,,,112,111,109,109,109,102,123,120,157,157,,,,,,,,,,,
484.0333333333334,37,,,,,,,,,,,,,,5193,4146,4325,581,3667,3536,3463,596,260,1765,,,3167,3211,3135,489,3025,3047,3153,460,274,1733,,,485,488,486,496,470,475,453,444,273,243,,,2670,2650,2653,233,2715,2682,2643,241,157,1605,,,225,242,228,246,229,233,236,240,156,1595,,,116,110,104,111,112,107,119,115,150,151,,,,,,,,,,,
491.0333333333334,37,,,,,,,,,,,,,,5242,4169,4347,603,3697,3539,3529,602,277,1772,,,3159,3255,3145,498,3039,3096,3163,458,275,1730,,,507,499,502,523,474,494,477,452,248,260,,,2693,2694,2653,242,2716,2694,2620,245,157,1602,,,220,236,241,237,235,224,243,234,160,1606,,,116,108,119,120,119,119,130,111,155,161,,,,,,,,,,,
498.05000000000007,37,,,,,,,,,,,,,,5294,4197,4402,598,3714,3530,3546,621,248,1777,,,3212,3269,3184,514,3043,3134,3191,488,284,1713,,,500,508,507,526,483,482,473,437,264,260,,,2721,2682,2628,233,2760,2700,2643,245,160,1584,,,233,239,234,258,228,237,249,238,160,1603,,,115,105,104,115,115,125,123,118,163,150,,,,,,,,,,,
505.05000000000007,37,,,,,,,,,,,,,,5128,4206,4397,613,3743,3562,3575,615,261,1747,,,3223,3315,3224,506,3055,3130,3218,479,272,1713,,,517,503,508,547,479,495,471,456,268,259,,,2718,2724,2662,249,2730,2688,2645,260,158,1589,,,230,242,238,248,242,225,240,241,167,1607,,,125,110,117,117,111,102,111,118,156,150,,,,,,,,,,,
512.0666666666668,37,,,,,,,,,,,,,,5060,4214,4434,613,3776,3613,3558,628,277,1773,,,3215,3323,3201,525,3087,3139,3254,472,273,1720,,,525,514,531,553,485,498,480,454,256,257,,,2708,2716,2652,245,2753,2670,2631,247,160,1579,,,240,241,244,246,250,237,236,240,159,1585,,,121,103,120,122,112,106,115,122,155,160,,,,,,,,,,,
519.0833333333335,37,,,,,,,,,,,,,,5108,4194,4452,605,3692,3643,3596,645,256,1751,,,3256,3312,3216,517,3064,3161,3233,473,278,1709,,,527,528,521,538,502,509,495,470,273,259,,,2664,2694,2637,247,2698,2639,2641,259,154,1607,,,240,248,239,247,229,240,236,253,161,1583,,,125,114,122,120,116,118,116,118,167,147,,,,,,,,,,,
526.0833333333335,37,,,,,,,,,,,,,,5118,4259,4424,605,3628,3509,3528,630,263,1755,,,3192,3347,3204,549,3075,3149,3231,484,269,1702,,,542,546,546,569,494,501,488,464,269,259,,,2693,2687,2624,263,2707,2722,2616,258,163,1587,,,254,245,239,251,247,241,235,246,161,1590,,,121,111,121,107,102,108,117,112,157,164,,,,,,,,,,,
533.0833333333335,37,,,,,,,,,,,,,,5163,4210,4419,631,3670,3530,3479,649,266,1760,,,3255,3327,3251,530,3131,3136,3240,503,267,1699,,,530,554,547,548,486,523,503,477,272,257,,,2659,2683,2653,251,2729,2708,2582,239,158,1605,,,246,251,247,252,248,241,247,258,154,1589,,,115,108,112,107,116,99,119,105,167,159,,,,,,,,,,,
540.1000000000001,37,,,,,,,,,,,,,,5241,4146,4336,630,3682,3524,3495,641,269,1766,,,3259,3371,3242,538,3110,3175,3251,503,272,1704,,,556,547,546,570,520,512,499,475,265,262,,,2670,2675,2654,243,2760,2734,2622,270,157,1577,,,235,247,237,246,250,233,252,250,152,1553,,,127,112,110,107,111,112,117,120,162,154,,,,,,,,,,,
547.1166666666668,37,,,,,,,,,,,,,,5319,4116,4301,634,3713,3527,3538,660,254,1793,,,3252,3370,3261,556,3116,3149,3286,509,271,1716,,,573,561,558,579,514,524,497,497,264,243,,,2695,2680,2647,256,2771,2717,2625,261,168,1596,,,231,257,251,267,249,242,252,254,160,1538,,,111,104,106,111,112,114,131,113,163,152,,,,,,,,,,,
554.1166666666668,37,,,,,,,,,,,,,,5314,4084,4312,639,3749,3562,3530,659,260,1743,,,3285,3395,3262,557,3145,3163,3316,522,276,1672,,,555,556,561,598,526,529,517,505,262,258,,,2711,2700,2646,259,2766,2727,2617,261,154,1562,,,248,252,242,253,244,239,239,255,167,1553,,,123,101,115,118,121,101,121,111,160,161,,,,,,,,,,,
561.1333333333334,37,,,,,,,,,,,,,,5369,4104,4346,628,3769,3636,3569,655,264,1743,,,3281,3433,3273,570,3117,3167,3291,531,263,1700,,,567,576,571,591,513,544,524,501,274,258,,,2691,2707,2658,250,2770,2759,2620,262,163,1568,,,245,240,233,267,247,249,269,258,157,1585,,,118,113,101,112,120,108,121,113,160,148,,,,,,,,,,,
568.1500000000001,37,,,,,,,,,,,,,,5403,4173,4405,654,3805,3656,3636,670,262,1738,,,3287,3430,3350,567,3146,3222,3283,525,263,1701,,,577,573,577,604,527,546,532,503,258,259,,,2726,2728,2669,264,2783,2735,2650,265,155,1574,,,243,261,245,250,254,246,263,262,155,1569,,,110,106,99,106,115,114,124,121,159,154,,,,,,,,,,,
575.1500000000001,37,,,,,,,,,,,,,,5433,4184,4454,652,3878,3705,3646,654,274,1738,,,3281,3371,3335,565,3141,3193,3256,554,272,1700,,,579,576,586,613,546,548,533,520,266,243,,,2718,2720,2673,253,2787,2731,2667,259,152,1563,,,254,257,258,270,261,255,257,259,162,1549,,,104,111,103,105,126,107,105,124,153,155,,,,,,,,,,,
582.1666666666667,37,,,,,,,,,,,,,,5458,4248,4462,656,3883,3700,3689,669,256,1724,,,3308,3417,3305,590,3178,3239,3310,539,274,1671,,,592,580,584,612,550,569,542,516,282,259,,,2687,2700,2670,260,2796,2741,2636,274,164,1557,,,259,255,247,268,258,246,250,269,142,1552,,,123,103,111,113,106,112,116,108,150,150,,,,,,,,,,,
589.1833333333334,37,,,,,,,,,,,,,,5441,4233,4510,665,3943,3730,3687,677,267,1742,,,3272,3433,3339,584,3181,3243,3313,538,257,1670,,,600,598,596,610,548,559,538,521,264,267,,,2714,2739,2672,263,2824,2756,2638,262,161,1551,,,245,257,246,261,261,240,257,250,160,1567,,,118,111,103,116,117,111,111,107,151,151,,,,,,,,,,,
596.1833333333334,37,,,,,,,,,,,,,,5504,4309,4537,652,3917,3759,3740,681,264,1714,,,3326,3417,3359,583,3219,3230,3341,550,267,1670,,,602,590,595,629,555,562,551,532,271,262,,,2716,2719,2671,259,2797,2753,2616,256,181,1565,,,260,271,249,259,250,240,253,260,159,1546,,,119,120,96,122,115,103,121,118,165,153,,,,,,,,,,,
603.2,37,,,,,,,,,,,,,,5430,4318,4588,663,3938,3762,3689,673,274,1728,,,3315,3452,3355,603,3227,3269,3322,569,267,1679,,,608,600,611,642,565,576,553,523,264,256,,,2703,2733,2665,250,2809,2742,2658,263,161,1570,,,251,261,256,265,255,256,247,272,155,1532,,,106,108,104,110,124,110,121,116,149,159,,,,,,,,,,,
610.2,37,,,,,,,,,,,,,,5463,4300,4529,656,3946,3786,3719,688,264,1735,,,3322,3483,3377,609,3189,3263,3340,560,259,1665,,,626,620,623,633,560,573,565,544,266,267,,,2707,2740,2638,250,2811,2735,2622,284,143,1574,,,263,256,254,272,268,261,265,278,153,1545,,,121,103,118,106,126,109,114,124,160,140,,,,,,,,,,,
617.2166666666667,37,,,,,,,,,,,,,,5508,4343,4535,663,3917,3730,3749,687,250,1731,,,3335,3534,3418,623,3238,3279,3360,579,255,1689,,,624,625,632,653,565,582,572,546,275,251,,,2735,2713,2670,265,2783,2751,2647,264,157,1565,,,258,269,260,268,264,252,262,260,157,1542,,,122,107,103,109,120,121,115,110,161,152,,,,,,,,,,,
624.2166666666667,37,,,,,,,,,,,,,,5485,4349,4573,661,3935,3746,3777,680,273,1713,,,3331,3542,3447,609,3262,3294,3394,582,277,1674,,,618,626,635,656,583,593,583,545,259,258,,,2707,2744,2660,265,2784,2747,2631,272,165,1563,,,250,261,259,275,266,253,259,268,155,1551,,,121,119,110,106,119,128,130,118,156,163,,,,,,,,,,,
631.2333333333335,37,,,,,,,,,,,,,,5467,4352,4584,668,3940,3731,3729,691,253,1705,,,3356,3545,3421,619,3279,3304,3400,586,265,1669,,,635,634,627,674,606,598,570,568,269,247,,,2682,2704,2635,265,2811,2737,2668,279,158,1560,,,248,271,271,269,264,256,275,272,156,1547,,,125,108,99,117,119,111,122,118,148,156,,,,,,,,,,,
638.2333333333335,37,,,,,,,,,,,,,,5449,4343,4582,674,3938,3737,3725,686,269,1730,,,3341,3545,3475,617,3260,3329,3380,589,253,1651,,,644,640,638,676,590,613,594,569,256,256,,,2680,2723,2630,273,2811,2731,2659,268,151,1546,,,260,266,257,278,273,257,261,266,151,1573,,,116,111,93,112,102,115,120,115,161,165,,,,,,,,,,,
645.2500000000001,37,,,,,,,,,,,,,,5426,4320,4535,679,3922,3764,3759,695,255,1735,,,3414,3585,3479,621,3284,3335,3414,600,275,1664,,,661,641,640,665,597,610,583,556,265,255,,,2677,2728,2645,270,2785,2726,2655,281,163,1548,,,258,268,262,275,268,256,254,275,154,1550,,,118,107,109,118,112,108,113,116,154,150,,,,,,,,,,,
652.2666666666668,37,,,,,,,,,,,,,,5415,4290,4541,666,3908,3743,3744,704,262,1714,,,3358,3572,3489,629,3264,3334,3420,605,267,1665,,,656,643,662,674,606,622,592,562,267,248,,,2703,2711,2655,277,2781,2713,2611,276,173,1545,,,264,257,273,267,259,252,253,275,156,1528,,,120,105,114,116,110,107,118,112,151,150,,,,,,,,,,,
659.2666666666668,37,,,,,,,,,,,,,,5421,4324,4563,682,3910,3730,3718,698,264,1728,,,3374,3598,3514,660,3305,3374,3473,599,267,1681,,,643,658,654,696,611,642,600,581,274,261,,,2732,2696,2648,265,2793,2724,2642,270,155,1559,,,254,265,262,278,265,269,270,275,168,1546,,,119,106,103,118,110,115,121,120,140,142,,,,,,,,,,,
666.2833333333334,36.9,,,,,,,,,,,,,,5435,4331,4588,665,3908,3765,3766,689,269,1700,,,3392,3612,3507,654,3346,3339,3481,615,262,1654,,,657,661,684,710,614,602,603,588,269,256,,,2689,2709,2622,277,2792,2730,2658,287,152,1537,,,267,257,256,280,269,267,280,272,142,1546,,,121,109,103,119,106,111,107,100,152,164,,,,,,,,,,,
673.3000000000002,37,,,,,,,,,,,,,,5369,4297,4564,664,3886,3734,3716,706,261,1708,,,3376,3644,3489,652,3327,3418,3498,609,272,1665,,,670,677,675,718,634,626,632,596,250,253,,,2656,2722,2622,275,2795,2679,2625,292,169,1524,,,263,265,269,287,258,276,283,262,154,1540,,,120,118,112,117,122,111,111,122,160,166,,,,,,,,,,,
680.3000000000002,37,,,,,,,,,,,,,,5395,4286,4525,682,3862,3741,3701,692,272,1718,,,3380,3646,3523,668,3344,3390,3480,619,261,1666,,,670,671,692,725,624,646,627,589,265,247,,,2666,2748,2618,276,2774,2700,2614,292,150,1544,,,270,277,265,276,262,261,268,276,155,1522,,,121,109,99,112,109,105,117,124,156,161,,,,,,,,,,,
687.3166666666668,37,,,,,,,,,,,,,,5353,4291,4520,686,3881,3679,3688,710,257,1720,,,3416,3659,3570,684,3351,3411,3508,640,282,1676,,,674,692,694,731,626,659,623,602,265,249,,,2686,2698,2633,280,2790,2759,2602,274,172,1531,,,273,272,256,281,263,256,270,292,159,1531,,,121,110,100,112,110,108,124,110,170,158,,,,,,,,,,,
694.3166666666668,37,,,,,,,,,,,,,,5352,4293,4510,684,3864,3753,3707,688,268,1704,,,3444,3699,3592,690,3355,3429,3513,636,268,1641,,,701,709,694,727,647,659,636,612,268,254,,,2679,2694,2647,276,2801,2688,2612,289,160,1554,,,264,267,286,280,268,261,277,280,154,1526,,,123,105,107,100,108,116,124,109,151,150,,,,,,,,,,,
701.3333333333335,37,,,,,,,,,,,,,,5289,4261,4476,680,3859,3673,3663,689,253,1723,,,3423,3693,3580,702,3387,3426,3520,655,256,1653,,,708,711,701,742,650,665,637,616,268,253,,,2654,2735,2605,286,2775,2711,2604,284,160,1528,,,277,274,273,285,266,268,263,283,167,1535,,,119,106,111,111,110,104,112,104,156,152,,,,,,,,,,,
708.3500000000001,37,,,,,,,,,,,,,,5307,4259,4479,685,3907,3723,3630,717,258,1711,,,3428,3765,3578,695,3416,3436,3521,637,273,1667,,,705,714,703,729,647,677,634,613,247,244,,,2668,2719,2628,294,2802,2708,2601,275,151,1546,,,281,281,259,275,266,260,279,279,156,1503,,,125,100,99,124,108,106,114,113,163,166,,,,,,,,,,,
715.3500000000001,37,,,,,,,,,,,,,,5289,4266,4461,696,3810,3654,3643,694,279,1689,,,3463,3735,3611,693,3403,3508,3564,641,279,1648,,,709,710,718,745,659,662,649,630,260,260,,,2674,2723,2587,271,2793,2706,2603,278,165,1514,,,259,273,272,288,264,261,282,284,155,1532,,,127,95,109,106,112,122,109,114,156,162,,,,,,,,,,,
722.3666666666668,37,,,,,,,,,,,,,,5250,4213,4418,698,3822,3641,3656,709,255,1703,,,3487,3779,3645,702,3439,3482,3569,649,245,1634,,,720,726,729,766,677,662,651,626,254,255,,,2638,2696,2596,279,2804,2733,2600,283,162,1516,,,266,270,269,288,267,260,270,280,157,1510,,,125,121,107,105,111,106,110,105,160,158,,,,,,,,,,,
729.3666666666668,37,,,,,,,,,,,,,,5231,4231,4437,677,3804,3607,3639,706,264,1682,,,3526,3798,3670,704,3463,3536,3620,654,270,1625,,,736,722,730,776,666,670,638,633,255,259,,,2636,2706,2624,269,2777,2715,2553,290,149,1551,,,273,271,267,285,259,266,278,276,160,1528,,,116,115,111,102,117,105,120,115,150,162,,,,,,,,,,,
736.3833333333334,37,,,,,,,,,,,,,,5242,4236,4404,691,3799,3630,3631,728,275,1682,,,3515,3838,3691,715,3453,3534,3621,672,257,1637,,,732,717,729,772,682,695,660,623,256,255,,,2636,2713,2605,277,2787,2715,2576,278,159,1499,,,275,266,285,277,261,272,276,291,148,1506,,,130,108,110,114,112,111,125,120,149,148,,,,,,,,,,,
743.3833333333334,37,,,,,,,,,,,,,,5170,4200,4380,676,3800,3607,3591,717,256,1686,,,3535,3868,3704,707,3439,3563,3597,682,264,1640,,,745,722,744,771,681,681,660,657,254,243,,,2640,2716,2575,286,2792,2689,2576,285,159,1506,,,281,272,262,274,262,263,275,283,165,1514,,,112,112,112,105,115,111,116,105,156,141,,,,,,,,,,,
750.4000000000001,37,,,,,,,,,,,,,,5196,4190,4381,688,3782,3627,3566,706,260,1678,,,3530,3859,3751,750,3488,3544,3629,673,273,1634,,,739,743,742,786,668,707,680,652,264,243,,,2627,2691,2564,278,2750,2683,2590,285,167,1522,,,267,273,275,273,257,263,273,268,170,1504,,,110,107,105,115,115,114,125,120,160,157,,,,,,,,,,,
757.4166666666667,37,,,,,,,,,,,,,,5179,4175,4383,691,3756,3598,3578,704,256,1669,,,3581,3900,3757,726,3514,3587,3641,686,270,1651,,,751,755,744,779,676,705,680,647,255,267,,,2641,2706,2562,274,2788,2719,2582,293,158,1519,,,267,274,267,283,264,271,269,282,160,1492,,,106,114,115,103,112,117,125,111,152,161,,,,,,,,,,,
764.4166666666667,37,,,,,,,,,,,,,,5159,4221,4404,678,3766,3574,3605,719,250,1688,,,3570,3944,3768,728,3525,3615,3651,685,267,1621,,,763,738,784,803,703,698,696,669,259,245,,,2642,2719,2608,277,2759,2694,2571,290,156,1500,,,266,283,260,273,279,268,277,294,152,1492,,,109,118,112,117,124,97,124,109,153,158,,,,,,,,,,,
771.4166666666667,37,,,,,,,,,,,,,,5177,4210,4384,683,3726,3611,3546,702,251,1687,,,3628,3972,3815,746,3567,3598,3660,697,266,1620,,,768,768,772,813,720,709,698,662,265,256,,,2612,2723,2596,278,2817,2714,2580,287,165,1500,,,282,276,278,284,273,263,271,293,159,1522,,,127,110,117,104,121,108,115,120,151,159,,,,,,,,,,,
778.4333333333334,37,,,,,,,,,,,,,,5159,4166,4380,704,3714,3634,3543,724,251,1690,,,3571,4010,3827,752,3550,3626,3704,689,271,1613,,,768,753,757,811,712,727,691,663,269,266,,,2593,2705,2580,290,2791,2694,2589,294,142,1513,,,272,280,269,274,269,273,281,293,166,1501,,,112,112,111,116,114,101,129,123,165,152,,,,,,,,,,,
785.45,37,,,,,,,,,,,,,,5171,4157,4368,702,3719,3571,3566,725,270,1672,,,3619,4016,3844,762,3602,3682,3708,688,276,1634,,,772,780,773,799,709,728,701,694,269,253,,,2613,2723,2564,289,2796,2700,2584,282,166,1516,,,275,280,274,277,269,281,280,295,149,1495,,,121,98,119,117,108,112,120,118,148,159,,,,,,,,,,,
792.45,37,,,,,,,,,,,,,,5136,4150,4353,697,3721,3579,3573,721,253,1669,,,3639,4055,3885,759,3582,3651,3760,720,270,1644,,,781,770,772,819,701,731,685,684,275,255,,,2623,2696,2566,292,2763,2695,2553,289,158,1510,,,279,274,267,284,278,264,262,286,153,1522,,,125,111,107,107,117,101,114,115,154,163,,,,,,,,,,,
799.4666666666667,37,,,,,,,,,,,,,,5119,4085,4356,680,3732,3553,3552,706,263,1653,,,3634,4035,3870,763,3614,3707,3717,711,266,1586,,,793,781,796,818,705,739,699,686,269,248,,,2598,2702,2587,289,2754,2689,2575,275,167,1516,,,274,284,278,288,269,261,288,299,160,1492,,,113,111,112,111,110,109,113,110,139,169,,,,,,,,,,,
806.4833333333335,37,,,,,,,,,,,,,,5095,4107,4329,693,3709,3579,3507,737,258,1657,,,3639,4084,3944,780,3645,3693,3755,711,263,1621,,,782,791,797,829,724,737,714,696,275,258,,,2626,2685,2594,280,2760,2705,2574,293,150,1500,,,271,286,269,288,275,270,284,279,160,1488,,,120,107,105,123,111,104,108,110,144,144,,,,,,,,,,,
813.4833333333335,37,,,,,,,,,,,,,,5137,4132,4327,688,3709,3549,3530,727,266,1682,,,3650,4106,3903,785,3665,3692,3780,724,262,1617,,,798,797,798,827,718,750,710,694,266,247,,,2631,2709,2578,288,2781,2700,2558,291,152,1494,,,273,274,274,287,270,270,281,280,159,1484,,,115,105,114,114,113,118,119,114,156,157,,,,,,,,,,,
820.5000000000001,37,,,,,,,,,,,,,,5095,4082,4345,690,3698,3561,3504,735,257,1664,,,3717,4158,3923,787,3654,3698,3778,746,264,1625,,,783,787,805,817,739,756,734,699,254,263,,,2592,2691,2579,285,2828,2682,2574,299,156,1504,,,280,281,286,285,280,271,275,282,141,1491,,,119,114,104,114,114,115,125,116,150,148,,,,,,,,,,,
827.5000000000001,37,,,,,,,,,,,,,,5070,4104,4293,690,3656,3525,3505,715,273,1665,,,3697,4169,3991,797,3686,3731,3795,743,271,1616,,,811,797,815,836,749,770,714,704,271,260,,,2591,2674,2565,294,2784,2670,2576,287,161,1500,,,287,279,277,286,282,265,275,285,156,1473,,,116,106,115,110,113,110,120,119,156,167,,,,,,,,,,,
834.5166666666668,37,,,,,,,,,,,,,,5059,4072,4302,717,3679,3491,3533,737,263,1640,,,3713,4173,4009,806,3660,3795,3800,719,267,1615,,,814,819,830,850,762,757,738,706,254,249,,,2617,2713,2570,301,2789,2698,2566,299,155,1492,,,267,282,274,288,272,263,287,287,158,1506,,,112,119,112,113,113,116,112,110,154,156,,,,,,,,,,,
841.5333333333334,37,,,,,,,,,,,,,,5084,4097,4257,694,3673,3537,3509,737,271,1666,,,3721,4231,4025,809,3718,3787,3861,746,272,1609,,,813,812,818,846,746,752,762,713,257,258,,,2596,2681,2559,289,2770,2680,2520,301,158,1502,,,275,284,274,292,272,273,277,283,156,1479,,,115,103,110,114,102,114,114,102,160,142,,,,,,,,,,,
848.5333333333334,37,,,,,,,,,,,,,,5055,4086,4296,698,3638,3487,3536,742,254,1653,,,3774,4232,4079,795,3720,3799,3874,755,266,1603,,,809,820,820,854,744,773,752,718,273,250,,,2575,2687,2567,284,2770,2692,2549,285,158,1499,,,264,292,286,281,287,277,277,287,158,1489,,,126,106,110,106,112,113,116,109,142,150,,,,,,,,,,,
855.5500000000002,37.1,,,,,,,,,,,,,,5051,4078,4301,703,3637,3478,3512,725,258,1650,,,3768,4297,4015,797,3760,3830,3888,747,281,1623,,,833,826,823,865,751,779,746,733,258,257,,,2579,2675,2555,286,2770,2672,2546,288,166,1476,,,272,278,288,290,280,274,277,286,149,1480,,,109,96,98,118,115,109,108,114,155,155,,,,,,,,,,,
862.5500000000002,37,,,,,,,,,,,,,,5014,4054,4282,716,3662,3518,3480,737,256,1647,,,3750,4281,4084,818,3764,3791,3880,773,272,1602,,,817,833,838,870,782,766,754,734,248,272,,,2611,2692,2538,288,2793,2668,2521,298,159,1481,,,286,285,287,293,269,263,283,295,155,1498,,,109,112,101,116,119,109,127,117,164,149,,,,,,,,,,,
869.5666666666668,37,,,,,,,,,,,,,,5024,4074,4251,714,3636,3500,3500,732,264,1661,,,3830,4332,4088,833,3782,3838,3892,766,267,1592,,,828,835,828,883,780,788,770,743,272,255,,,2595,2698,2518,285,2742,2681,2525,295,158,1504,,,276,279,289,291,297,283,287,293,163,1469,,,116,108,114,123,117,118,118,119,148,156,,,,,,,,,,,
876.5666666666667,37,,,,,,,,,,,,,,5017,4071,4266,692,3615,3485,3487,732,262,1643,,,3795,4331,4158,832,3813,3873,3905,781,257,1607,,,807,832,855,879,762,781,773,737,267,259,,,2597,2705,2574,288,2808,2684,2505,304,163,1485,,,285,290,280,288,281,256,284,289,170,1477,,,127,111,112,114,120,108,128,111,158,149,,,,,,,,,,,
883.5833333333335,37,,,,,,,,,,,,,,4996,4030,4239,719,3621,3479,3450,709,276,1653,,,3805,4385,4145,849,3808,3889,3957,798,254,1569,,,831,841,836,874,797,783,761,745,277,268,,,2604,2693,2533,276,2777,2684,2525,299,162,1470,,,269,291,281,300,289,273,277,290,149,1465,,,102,98,112,112,117,108,124,117,149,162,,,,,,,,,,,
890.6000000000001,37,,,,,,,,,,,,,,5015,3997,4268,715,3658,3457,3479,740,249,1637,,,3841,4377,4163,818,3830,3935,3967,780,258,1584,,,835,827,863,881,787,774,784,756,266,249,,,2579,2688,2540,287,2782,2686,2556,287,155,1485,,,281,283,279,295,272,279,284,298,166,1473,,,104,113,112,119,103,114,120,109,150,149,,,,,,,,,,,
897.6000000000001,37,,,,,,,,,,,,,,4998,4042,4208,721,3629,3474,3459,739,262,1623,,,3833,4394,4127,834,3869,3941,3969,794,267,1600,,,843,850,864,900,812,804,780,762,264,249,,,2578,2697,2544,296,2773,2664,2526,295,159,1467,,,280,297,285,286,279,268,281,284,154,1470,,,112,116,104,122,109,104,108,108,172,162,,,,,,,,,,,
904.6166666666668,37,,,,,,,,,,,,,,5002,4043,4268,727,3636,3477,3469,734,240,1643,,,3867,4426,4192,845,3861,3942,3971,802,252,1602,,,859,852,860,901,802,816,794,745,264,277,,,2539,2675,2505,301,2783,2683,2533,290,160,1473,,,288,278,276,288,279,267,281,284,153,1488,,,108,101,116,122,114,110,118,127,172,148,,,,,,,,,,,
911.6333333333334,37,,,,,,,,,,,,,,4947,4026,4218,707,3616,3446,3431,742,257,1616,,,3821,4430,4181,841,3843,3944,3990,780,262,1569,,,843,852,857,898,804,804,776,770,283,260,,,2560,2688,2522,296,2773,2670,2534,289,150,1450,,,276,283,284,286,276,280,283,275,149,1456,,,107,95,102,122,124,107,116,113,152,152,,,,,,,,,,,
918.6333333333334,37,,,,,,,,,,,,,,4946,4011,4194,707,3602,3498,3433,754,252,1626,,,3838,4489,4239,865,3845,3966,3986,806,279,1564,,,862,855,867,916,824,824,799,763,273,259,,,2582,2715,2536,296,2790,2661,2532,293,150,1443,,,284,293,286,290,287,270,274,298,158,1459,,,110,103,108,106,112,108,116,109,164,163,,,,,,,,,,,
925.6500000000001,37,,,,,,,,,,,,,,4991,4012,4236,701,3579,3430,3428,756,256,1643,,,3850,4526,4240,861,3925,4011,4001,804,274,1560,,,874,874,877,916,813,819,815,767,258,259,,,2564,2693,2516,294,2803,2675,2522,300,155,1488,,,279,295,283,287,301,288,282,286,162,1459,,,119,105,109,118,122,121,114,113,159,143,,,,,,,,,,,
932.6666666666667,37,,,,,,,,,,,,,,4932,4019,4213,733,3592,3454,3461,737,260,1636,,,3898,4546,4240,861,3929,3979,4049,796,265,1560,,,875,867,883,912,821,831,787,780,263,256,,,2554,2685,2511,289,2757,2682,2502,289,161,1480,,,291,289,272,306,265,270,281,289,158,1468,,,121,115,110,106,109,103,112,117,153,157,,,,,,,,,,,
939.6666666666667,37,,,,,,,,,,,,,,4959,3981,4217,724,3578,3452,3447,736,255,1644,,,3900,4550,4272,870,3943,4025,4123,818,269,1564,,,874,884,862,926,823,829,790,762,265,241,,,2541,2686,2510,295,2778,2670,2497,289,165,1471,,,271,282,283,298,276,265,278,287,158,1462,,,124,108,104,114,120,105,110,114,147,149,,,,,,,,,,,
946.6833333333334,37,,,,,,,,,,,,,,4953,4011,4226,730,3589,3465,3445,753,251,1612,,,3928,4565,4318,882,3966,4082,4069,818,267,1574,,,875,889,880,911,813,819,810,770,251,244,,,2557,2688,2508,293,2799,2667,2525,293,157,1443,,,276,280,271,290,279,269,289,286,149,1444,,,115,105,104,109,110,115,112,110,160,158,,,,,,,,,,,
953.6833333333334,37,,,,,,,,,,,,,,4960,4041,4192,728,3612,3440,3421,753,255,1613,,,3884,4622,4302,869,4012,4076,4087,829,279,1570,,,880,899,885,929,818,837,816,799,266,253,,,2593,2693,2507,295,2801,2677,2517,297,153,1469,,,291,282,274,295,287,279,281,290,149,1461,,,119,107,107,109,112,111,117,117,155,155,,,,,,,,,,,
960.7000000000002,37,,,,,,,,,,,,,,4908,4038,4203,726,3601,3463,3449,771,258,1624,,,3939,4581,4307,876,3969,4073,4145,815,257,1588,,,878,875,909,942,850,856,806,783,268,257,,,2558,2708,2500,297,2779,2698,2519,297,151,1435,,,273,279,283,290,282,280,284,295,151,1438,,,122,116,118,102,115,111,118,101,157,160,,,,,,,,,,,
967.7166666666668,37,,,,,,,,,,,,,,4941,3989,4213,702,3556,3433,3421,746,274,1619,,,3926,4566,4338,871,4021,4097,4112,842,271,1569,,,893,888,905,961,841,851,823,797,273,252,,,2568,2703,2528,285,2800,2691,2528,308,159,1449,,,286,278,270,295,282,278,295,305,160,1438,,,116,104,114,96,114,106,110,107,153,155,,,,,,,,,,,
974.7166666666668,37,,,,,,,,,,,,,,4941,3976,4185,716,3556,3430,3416,759,251,1629,,,3922,4648,4350,893,4012,4153,4174,840,274,1550,,,893,901,919,950,835,856,842,787,252,258,,,2561,2737,2509,292,2817,2662,2548,298,153,1468,,,278,288,279,286,278,280,296,279,161,1459,,,118,111,107,124,104,114,122,117,158,163,,,,,,,,,,,
981.7333333333335,37,,,,,,,,,,,,,,4886,4026,4207,730,3559,3400,3389,737,257,1603,,,3896,4645,4352,888,4014,4112,4189,841,264,1547,,,902,908,900,960,836,850,819,798,258,247,,,2551,2686,2506,300,2775,2665,2497,308,160,1472,,,282,276,273,292,288,279,293,292,154,1432,,,129,105,120,107,116,113,105,116,146,157,,,,,,,,,,,
988.7500000000001,37,,,,,,,,,,,,,,4899,3962,4197,727,3553,3443,3423,746,257,1595,,,3932,4674,4380,898,4039,4165,4195,830,261,1552,,,910,890,932,941,855,867,838,805,252,240,,,2568,2706,2503,304,2805,2690,2520,289,174,1451,,,272,282,285,282,280,273,281,287,153,1438,,,115,109,100,114,117,112,112,122,165,154,,,,,,,,,,,
995.7500000000001,37,,,,,,,,,,,,,,4921,3989,4172,742,3572,3427,3429,758,248,1595,,,3929,4657,4379,894,4073,4132,4189,839,258,1547,,,912,906,901,943,851,854,823,814,262,253,,,2570,2724,2488,293,2792,2707,2519,296,148,1464,,,289,293,284,307,274,275,302,305,158,1451,,,123,106,105,113,117,106,118,113,161,166,,,,,,,,,,,
1002.7666666666668,37,,,,,,,,,,,,,,4913,3986,4196,722,3564,3420,3400,768,259,1610,,,3954,4688,4346,899,4079,4143,4203,852,282,1557,,,894,917,928,952,867,874,840,815,261,249,,,2540,2710,2519,297,2799,2671,2542,304,160,1454,,,281,285,282,303,281,283,287,306,154,1432,,,113,120,107,112,111,104,125,112,162,146,,,,,,,,,,,
1009.7666666666668,37,,,,,,,,,,,,,,4873,3977,4191,726,3557,3418,3391,769,257,1606,,,4011,4731,4396,914,4088,4171,4216,861,261,1577,,,905,930,945,947,862,870,838,810,262,262,,,2542,2693,2475,301,2815,2679,2507,312,158,1457,,,280,289,277,299,280,286,297,301,151,1435,,,122,100,103,113,112,117,114,114,159,147,,,,,,,,,,,
1016.7833333333334,37,,,,,,,,,,,,,,4886,3956,4180,718,3589,3426,3397,763,269,1599,,,3921,4701,4378,936,4075,4223,4260,850,267,1549,,,916,911,932,968,854,864,843,816,267,250,,,2523,2729,2490,284,2802,2690,2507,303,148,1448,,,286,283,281,297,278,279,287,296,146,1429,,,114,110,103,109,114,118,119,102,151,151,,,,,,,,,,,
1023.7833333333334,37,,,,,,,,,,,,,,4918,3948,4164,738,3574,3427,3388,760,255,1617,,,3946,4774,4414,891,4080,4210,4234,858,270,1549,,,923,941,933,964,869,871,844,824,267,248,,,2539,2659,2514,285,2823,2692,2502,297,156,1430,,,287,287,296,297,279,278,280,300,158,1429,,,121,96,115,91,105,111,112,118,155,146,,,,,,,,,,,
1030.8000000000002,37,,,,,,,,,,,,,,4876,3982,4173,719,3539,3423,3373,760,261,1600,,,3941,4778,4412,913,4128,4227,4212,862,267,1545,,,949,932,935,995,867,869,842,839,268,254,,,2524,2700,2489,285,2811,2677,2523,298,160,1437,,,288,277,292,290,275,285,281,289,162,1427,,,105,114,96,110,118,109,123,115,154,148,,,,,,,,,,,
1037.8000000000002,37,,,,,,,,,,,,,,4876,3988,4136,743,3547,3429,3398,765,259,1568,,,3961,4805,4412,935,4098,4228,4260,878,261,1535,,,922,959,938,997,870,903,859,843,273,246,,,2536,2715,2505,283,2800,2717,2519,303,163,1436,,,293,292,282,296,271,280,286,292,147,1418,,,108,102,112,113,118,109,110,120,157,159,,,,,,,,,,,
1044.8166666666666,37,,,,,,,,,,,,,,4901,3948,4158,732,3515,3384,3388,775,259,1579,,,4002,4780,4475,934,4133,4268,4307,872,259,1533,,,932,937,974,1009,875,893,862,832,249,245,,,2572,2698,2495,289,2820,2706,2519,297,156,1458,,,274,276,289,287,289,267,293,305,168,1430,,,119,109,107,112,106,102,123,120,163,153,,,,,,,,,,,
1051.8166666666666,37,,,,,,,,,,,,,,4878,3988,4129,722,3551,3385,3398,761,252,1592,,,3967,4745,4466,917,4123,4293,4280,869,279,1531,,,939,952,954,997,888,882,873,828,269,264,,,2537,2742,2483,306,2804,2693,2513,304,156,1445,,,273,277,284,292,286,288,290,295,152,1432,,,127,101,106,107,103,103,124,118,148,153,,,,,,,,,,,
1058.8333333333335,37,,,,,,,,,,,,,,4857,3936,4119,730,3547,3391,3377,755,251,1585,,,3947,4788,4427,935,4159,4319,4309,866,272,1536,,,950,927,956,1020,898,879,863,847,263,259,,,2514,2741,2476,306,2784,2672,2501,311,154,1432,,,279,294,286,289,284,278,294,291,154,1436,,,127,107,105,114,110,110,117,109,153,157,,,,,,,,,,,
1065.8500000000001,37,,,,,,,,,,,,,,4872,3948,4140,749,3516,3431,3369,762,262,1594,,,3985,4799,4482,937,4182,4281,4341,882,259,1537,,,939,951,962,1009,881,887,880,856,261,262,,,2533,2695,2489,297,2803,2694,2508,298,159,1416,,,277,297,283,295,283,286,294,295,160,1407,,,126,102,115,111,106,110,110,115,141,165,,,,,,,,,,,
1072.8666666666668,37,,,,,,,,,,,,,,4871,3946,4126,738,3505,3374,3398,769,257,1570,,,3953,4864,4479,931,4210,4317,4358,895,257,1528,,,969,947,984,1009,883,889,873,830,260,245,,,2561,2715,2489,288,2782,2656,2516,301,158,1443,,,289,289,287,293,287,286,288,291,153,1400,,,119,116,96,109,105,105,106,121,158,148,,,,,,,,,,,
1079.8666666666668,37,,,,,,,,,,,,,,4826,3934,4147,733,3519,3366,3370,766,250,1579,,,3963,4835,4508,953,4196,4297,4333,885,264,1520,,,975,975,967,1009,914,905,874,850,254,254,,,2531,2694,2485,289,2806,2699,2507,298,155,1420,,,291,282,275,301,286,273,297,292,146,1430,,,125,113,102,110,104,107,112,109,152,146,,,,,,,,,,,
1086.8666666666668,37,,,,,,,,,,,,,,4831,3966,4119,736,3534,3418,3354,757,261,1584,,,3997,4838,4535,956,4219,4268,4323,901,270,1536,,,974,971,979,1019,908,912,876,853,258,259,,,2525,2748,2455,295,2845,2709,2493,293,160,1439,,,284,286,295,290,272,282,283,297,153,1426,,,128,110,97,114,115,115,114,115,162,152,,,,,,,,,,,
1093.8833333333334,37,,,,,,,,,,,,,,4869,3949,4162,745,3483,3402,3382,768,258,1571,,,3969,4860,4503,963,4199,4362,4360,890,264,1543,,,953,976,987,1031,907,918,890,852,266,258,,,2546,2732,2462,290,2826,2677,2509,314,159,1432,,,284,288,291,293,287,277,300,295,144,1413,,,112,108,110,118,114,116,107,120,142,161,,,,,,,,,,,
1100.9,37,,,,,,,,,,,,,,4842,3928,4132,732,3534,3394,3353,761,264,1556,,,4032,4912,4488,957,4249,4373,4399,899,264,1524,,,966,968,983,1015,894,916,898,847,254,258,,,2493,2702,2493,306,2818,2707,2501,307,153,1431,,,285,293,295,299,277,274,294,293,158,1401,,,118,111,104,115,113,114,119,111,157,141,,,,,,,,,,,
1107.9,37,,,,,,,,,,,,,,4851,3919,4121,740,3530,3403,3379,754,271,1554,,,3960,4926,4526,981,4215,4363,4383,902,254,1505,,,995,987,990,1043,908,925,889,872,269,255,,,2525,2725,2468,303,2850,2692,2500,300,161,1400,,,294,291,278,281,275,278,285,291,153,1390,,,122,102,104,103,108,107,118,119,155,150,,,,,,,,,,,
1114.9166666666667,37,,,,,,,,,,,,,,4826,3929,4146,751,3506,3393,3354,772,254,1571,,,3961,4949,4520,977,4210,4340,4440,903,259,1510,,,980,995,1000,1034,905,935,898,863,271,253,,,2536,2739,2463,303,2842,2678,2497,310,157,1443,,,281,301,293,306,293,271,294,316,150,1393,,,118,103,106,107,104,115,110,110,158,160,,,,,,,,,,,
1121.9166666666667,37,,,,,,,,,,,,,,4815,3919,4112,733,3482,3396,3355,777,249,1572,,,3995,4928,4531,986,4297,4376,4419,902,267,1527,,,963,982,996,1050,926,914,904,878,261,254,,,2520,2708,2467,290,2826,2697,2512,299,162,1406,,,279,285,285,306,280,276,290,298,164,1381,,,116,116,95,103,108,119,114,107,158,150,,,,,,,,,,,
1128.9333333333334,37,,,,,,,,,,,,,,4835,3938,4126,738,3498,3391,3369,770,266,1563,,,4005,4972,4523,986,4292,4394,4461,925,264,1529,,,978,994,993,1045,933,934,906,876,258,253,,,2501,2706,2453,293,2814,2700,2519,304,163,1415,,,293,282,277,310,298,284,308,295,147,1370,,,110,100,104,107,117,115,122,114,152,159,,,,,,,,,,,
1135.9333333333334,37,,,,,,,,,,,,,,4805,3947,4103,747,3503,3376,3337,775,255,1545,,,3990,4983,4515,1000,4235,4405,4408,923,254,1494,,,992,1006,1025,1065,928,951,895,878,259,258,,,2521,2742,2468,299,2826,2678,2494,299,167,1415,,,288,294,289,311,285,272,295,298,159,1402,,,125,105,107,111,117,109,112,110,167,156,,,,,,,,,,,
1142.9500000000003,37.1,,,,,,,,,,,,,,4820,3937,4166,758,3504,3398,3365,754,260,1550,,,3993,4941,4614,967,4284,4416,4415,929,265,1502,,,996,1000,1004,1040,918,947,923,886,264,254,,,2529,2737,2480,303,2824,2706,2508,292,150,1413,,,285,285,288,297,287,289,287,306,160,1398,,,111,108,109,116,111,108,116,114,152,152,,,,,,,,,,,
1149.9666666666667,37,,,,,,,,,,,,,,4791,3955,4156,744,3504,3370,3346,766,254,1538,,,4057,4962,4614,997,4303,4398,4425,927,267,1488,,,987,1005,1018,1076,926,940,909,898,260,248,,,2544,2727,2470,297,2835,2678,2515,315,158,1408,,,295,281,283,301,281,284,291,304,152,1387,,,119,118,116,112,117,110,132,114,159,156,,,,,,,,,,,
1156.9666666666667,37,,,,,,,,,,,,,,4795,3935,4121,743,3498,3428,3354,770,248,1571,,,4055,4989,4616,987,4290,4449,4408,921,269,1477,,,1020,1001,1040,1065,946,955,934,895,268,255,,,2521,2748,2475,303,2858,2727,2497,305,149,1412,,,280,282,281,298,289,281,289,296,165,1394,,,122,100,99,111,114,108,118,117,158,152,,,,,,,,,,,
1163.9833333333336,37,,,,,,,,,,,,,,4800,3938,4131,741,3502,3394,3345,778,259,1558,,,4046,4971,4604,1019,4312,4413,4464,932,274,1506,,,1020,1030,1021,1062,942,962,921,902,265,258,,,2521,2695,2469,301,2851,2682,2496,307,160,1414,,,284,284,288,281,296,282,290,300,150,1377,,,111,114,110,106,113,115,111,108,148,145,,,,,,,,,,,
1170.9833333333336,37,,,,,,,,,,,,,,4839,3926,4117,743,3501,3324,3329,792,260,1544,,,4018,5047,4602,998,4322,4409,4455,924,259,1503,,,1025,1016,1032,1068,939,981,926,879,258,257,,,2509,2746,2459,307,2864,2711,2492,306,160,1407,,,303,295,283,299,289,290,290,283,159,1387,,,107,115,100,119,117,120,115,103,151,152,,,,,,,,,,,
1178.0,37,,,,,,,,,,,,,,4853,3949,4102,741,3514,3395,3342,780,251,1550,,,4009,5029,4615,1016,4322,4433,4463,932,259,1495,,,1019,1039,1049,1076,952,958,936,904,262,234,,,2541,2750,2444,302,2874,2709,2500,297,163,1415,,,280,300,289,303,271,269,288,292,168,1366,,,122,111,101,113,114,116,115,120,163,145,,,,,,,,,,,
1185.0166666666669,37,,,,,,,,,,,,,,4807,3900,4106,759,3532,3376,3354,782,252,1534,,,3995,5044,4612,1003,4331,4425,4438,942,270,1489,,,1029,1030,1035,1095,950,949,945,907,261,246,,,2537,2773,2478,305,2836,2742,2483,303,158,1370,,,287,285,283,299,282,283,290,306,162,1369,,,121,110,112,109,115,103,105,112,157,154,,,,,,,,,,,
1192.0166666666669,37,,,,,,,,,,,,,,4798,3938,4116,750,3510,3370,3329,791,264,1532,,,4021,5017,4643,1009,4330,4495,4475,936,260,1486,,,1048,1029,1047,1092,958,964,927,889,263,258,,,2526,2736,2489,303,2863,2698,2515,319,150,1409,,,273,295,292,306,286,272,294,293,156,1379,,,112,100,110,122,105,112,110,118,155,149,,,,,,,,,,,
1199.0333333333333,37,,,,,,,,,,,,,,4804,3905,4095,760,3503,3401,3332,791,260,1528,,,4050,5073,4597,1026,4355,4468,4428,963,261,1500,,,1021,1029,1051,1099,980,985,948,908,256,261,,,2501,2728,2445,301,2910,2721,2502,305,158,1424,,,282,291,290,304,282,284,289,298,155,1374,,,115,101,112,108,107,105,106,104,149,154,,,,,,,,,,,
1206.0500000000002,37,,,,,,,,,,,,,,4810,3934,4115,759,3504,3379,3353,790,255,1534,,,4011,5045,4677,1011,4323,4490,4483,965,275,1489,,,1030,1027,1040,1094,977,969,955,897,272,253,,,2533,2730,2430,305,2871,2709,2487,302,158,1386,,,285,303,293,296,288,285,286,297,157,1369,,,114,98,105,115,124,111,115,113,153,149,,,,,,,,,,,
1213.0500000000002,37.1,,,,,,,,,,,,,,4854,3952,4139,757,3486,3347,3349,785,257,1535,,,4039,5060,4635,1012,4324,4488,4497,967,260,1482,,,1043,1036,1045,1094,969,998,958,921,252,262,,,2532,2754,2439,298,2860,2731,2504,308,161,1374,,,288,285,281,306,292,282,290,297,161,1383,,,109,108,103,109,113,114,117,115,157,148,,,,,,,,,,,
1220.0666666666666,37,,,,,,,,,,,,,,4844,3928,4107,766,3498,3383,3318,771,263,1530,,,4047,5079,4648,1009,4395,4505,4461,955,272,1482,,,1034,1019,1075,1114,968,977,961,929,262,256,,,2514,2751,2469,303,2893,2725,2497,300,150,1380,,,293,296,292,300,290,288,294,301,153,1353,,,111,102,109,112,119,113,118,120,155,146,,,,,,,,,,,
1227.0833333333335,37,,,,,,,,,,,,,,4829,3959,4118,759,3522,3338,3366,757,247,1503,,,4070,5095,4616,1033,4330,4497,4481,956,264,1503,,,1056,1051,1055,1089,963,965,970,911,259,258,,,2529,2760,2447,295,2881,2748,2499,308,157,1396,,,292,294,284,303,286,282,282,302,163,1368,,,109,102,104,116,99,113,120,118,149,154,,,,,,,,,,,
1234.0833333333335,37,,,,,,,,,,,,,,4812,3928,4143,751,3483,3363,3323,787,252,1515,,,4032,5106,4674,1031,4380,4510,4495,973,270,1489,,,1057,1071,1065,1135,982,989,959,937,258,238,,,2516,2761,2449,301,2896,2741,2526,308,165,1377,,,281,301,293,310,292,280,282,295,155,1361,,,116,111,107,111,105,111,113,110,149,154,,,,,,,,,,,
1241.0833333333335,37,,,,,,,,,,,,,,4824,3901,4118,767,3526,3372,3359,796,273,1534,,,3975,5139,4649,1031,4399,4533,4499,974,261,1454,,,1042,1057,1082,1137,963,994,952,931,253,248,,,2522,2785,2472,302,2896,2729,2507,311,156,1377,,,288,290,295,300,296,282,294,299,160,1374,,,114,102,114,105,118,112,126,109,150,153,,,,,,,,,,,
1248.1000000000001,37,,,,,,,,,,,,,,4796,3926,4127,764,3500,3354,3369,777,250,1502,,,4063,5121,4637,1019,4383,4490,4526,977,263,1456,,,1032,1055,1104,1124,979,983,979,925,253,253,,,2538,2780,2434,292,2900,2745,2483,298,163,1380,,,277,301,285,298,285,280,306,309,154,1353,,,104,108,103,112,116,114,126,106,151,143,,,,,,,,,,,
1255.1000000000001,37.1,,,,,,,,,,,,,,4776,3916,4110,758,3502,3361,3305,781,258,1489,,,3982,5056,4646,1041,4356,4473,4492,977,262,1490,,,1054,1063,1068,1108,981,992,964,942,260,246,,,2509,2732,2423,296,2845,2699,2479,300,160,1368,,,295,284,289,306,290,279,289,298,150,1348,,,114,106,106,120,109,110,116,115,160,156,,,,,,,,,,,
1262.1166666666668,37,,,,,,,,,,,,,,4811,3897,4152,760,3515,3376,3360,782,263,1485,,,4004,5078,4659,1045,4427,4487,4524,992,275,1449,,,1072,1067,1069,1133,987,1000,982,938,275,252,,,2497,2774,2454,321,2902,2759,2510,305,157,1374,,,284,300,290,300,275,288,284,304,164,1349,,,120,110,101,118,120,113,120,111,154,151,,,,,,,,,,,
1269.1333333333334,37,,,,,,,,,,,,,,4793,3964,4145,771,3509,3395,3338,795,261,1526,,,4065,5140,4664,1037,4449,4520,4563,963,266,1476,,,1067,1061,1093,1129,980,998,964,952,269,247,,,2518,2754,2444,295,2911,2744,2516,311,171,1382,,,289,282,304,311,280,296,295,297,150,1374,,,123,111,118,114,116,102,110,110,144,146,,,,,,,,,,,
1276.1333333333334,37,,,,,,,,,,,,,,4786,3947,4134,761,3454,3386,3358,785,258,1487,,,4036,5167,4664,1056,4417,4533,4530,982,265,1467,,,1069,1088,1094,1127,984,1001,984,938,271,256,,,2554,2770,2438,302,2911,2754,2499,321,146,1374,,,288,302,277,309,294,296,292,298,160,1354,,,110,111,110,108,110,113,113,119,160,154,,,,,,,,,,,
1283.15,37,,,,,,,,,,,,,,4827,3969,4176,762,3527,3363,3315,786,256,1500,,,4019,5129,4678,1039,4417,4528,4563,997,264,1475,,,1061,1085,1094,1132,991,1000,981,949,259,259,,,2508,2783,2413,302,2913,2779,2502,303,161,1357,,,294,305,284,300,298,274,291,306,164,1344,,,116,104,109,111,111,107,129,107,157,147,,,,,,,,,,,
1290.1666666666667,37,,,,,,,,,,,,,,4815,3971,4151,753,3496,3431,3366,796,258,1504,,,4066,5158,4659,1063,4375,4519,4522,1002,266,1467,,,1073,1067,1097,1147,993,1022,982,960,253,254,,,2537,2799,2433,308,2934,2790,2495,311,165,1365,,,294,296,294,294,282,283,292,301,159,1349,,,116,115,115,116,116,108,115,118,145,142,,,,,,,,,,,
1297.1833333333334,37,,,,,,,,,,,,,,4824,3969,4167,763,3496,3374,3332,788,260,1485,,,4033,5134,4716,1080,4409,4564,4583,1004,263,1479,,,1076,1073,1099,1144,1000,1014,979,957,256,257,,,2518,2776,2429,312,2935,2756,2529,322,157,1378,,,290,290,281,303,293,281,306,302,157,1347,,,110,112,104,109,112,113,113,120,148,154,,,,,,,,,,,
1304.1833333333334,37,,,,,,,,,,,,,,4830,3946,4162,769,3511,3391,3328,795,253,1478,,,4046,5158,4696,1069,4467,4580,4576,1000,255,1450,,,1072,1063,1116,1145,1021,1025,989,950,263,249,,,2519,2788,2424,299,2923,2764,2520,299,154,1358,,,288,296,293,300,283,285,293,305,155,1335,,,113,101,104,116,115,115,114,112,153,161,,,,,,,,,,,
1311.2000000000003,37,,,,,,,,,,,,,,4810,3988,4148,771,3470,3387,3365,781,261,1493,,,4032,5194,4699,1075,4380,4567,4558,1000,252,1459,,,1089,1079,1120,1161,1015,1021,990,974,261,252,,,2540,2812,2440,297,2927,2770,2507,310,151,1377,,,289,296,283,307,285,293,293,301,163,1345,,,115,107,100,113,105,110,119,109,159,151,,,,,,,,,,,
1318.2166666666667,37,,,,,,,,,,,,,,4799,3969,4158,773,3508,3391,3353,814,250,1482,,,4038,5148,4727,1063,4421,4528,4559,991,263,1456,,,1078,1090,1113,1159,1018,1024,993,971,265,242,,,2527,2787,2442,300,2951,2748,2525,309,161,1339,,,291,304,288,308,287,280,289,312,157,1341,,,110,103,108,124,116,109,111,114,154,159,,,,,,,,,,,
1325.2166666666667,37,,,,,,,,,,,,,,4839,3951,4125,763,3495,3406,3334,806,259,1475,,,4043,5158,4641,1076,4445,4579,4572,1011,264,1448,,,1087,1104,1111,1179,1015,1027,1003,962,268,254,,,2533,2837,2428,298,2901,2744,2513,307,158,1357,,,292,302,292,306,284,290,301,314,161,1343,,,130,95,103,100,104,114,115,115,153,151,,,,,,,,,,,
1332.2166666666667,37,,,,,,,,,,,,,,4829,3955,4152,764,3535,3414,3337,799,260,1476,,,4090,5230,4727,1077,4476,4580,4542,1010,265,1438,,,1102,1082,1129,1154,1023,1046,1007,973,274,246,,,2526,2824,2422,303,2945,2775,2524,313,157,1345,,,303,287,280,292,293,288,294,303,155,1332,,,116,106,109,119,112,106,117,112,163,161,,,,,,,,,,,
1339.2333333333336,37,,,,,,,,,,,,,,4815,3969,4214,772,3514,3404,3321,815,258,1469,,,4050,5176,4660,1081,4443,4559,4562,1005,257,1435,,,1103,1109,1139,1161,1024,1053,989,977,266,252,,,2533,2801,2430,306,2958,2784,2541,304,153,1345,,,301,303,288,309,294,281,298,308,148,1350,,,121,109,103,107,110,105,113,106,153,155,,,,,,,,,,,
1346.25,37,,,,,,,,,,,,,,4798,3962,4132,762,3494,3356,3296,798,271,1480,,,4021,5204,4670,1076,4452,4546,4564,1001,274,1458,,,1088,1074,1109,1156,999,1020,998,946,258,255,,,2488,2781,2416,305,2920,2775,2521,313,157,1341,,,289,290,287,302,294,288,289,303,153,1314,,,118,97,114,111,102,110,118,106,147,159,,,,,,,,,,,
1353.25,37,,,,,,,,,,,,,,4802,3916,4136,764,3509,3384,3345,785,249,1433,,,4016,5148,4660,1077,4430,4542,4512,1015,263,1418,,,1087,1083,1113,1159,1022,1032,1003,977,254,255,,,2478,2801,2406,296,2936,2779,2515,312,153,1327,,,286,300,288,306,289,284,277,303,157,1343,,,117,101,97,102,114,109,117,119,161,158,,,,,,,,,,,
1360.2666666666669,37,,,,,,,,,,,,,,4804,3972,4176,768,3518,3379,3361,789,251,1455,,,4061,5231,4683,1080,4478,4571,4548,1022,266,1464,,,1096,1117,1111,1173,1033,1054,1018,997,258,253,,,2513,2796,2447,314,2947,2806,2522,316,155,1348,,,294,296,306,302,299,281,310,303,156,1322,,,116,106,105,109,115,117,110,117,149,144,,,,,,,,,,,
1367.2833333333333,37,,,,,,,,,,,,,,4805,3968,4183,776,3482,3381,3359,800,256,1453,,,4009,5209,4703,1095,4497,4614,4566,1024,278,1438,,,1098,1094,1136,1195,1031,1047,1027,998,264,244,,,2529,2843,2455,301,2976,2823,2549,312,154,1339,,,295,289,297,315,276,295,296,310,157,1330,,,119,109,113,113,120,123,109,114,150,153,,,,,,,,,,,
1374.3000000000002,37,,,,,,,,,,,,,,4863,4010,4187,784,3512,3367,3368,803,269,1464,,,4018,5237,4745,1093,4442,4591,4606,1010,262,1447,,,1097,1109,1130,1175,1039,1057,1035,986,261,242,,,2511,2852,2460,299,2976,2821,2537,322,164,1339,,,291,294,278,304,287,284,293,317,153,1350,,,113,113,103,106,113,118,112,112,152,145,,,,,,,,,,,
1381.3166666666666,37,,,,,,,,,,,,,,4867,3995,4140,774,3529,3415,3358,814,254,1459,,,4082,5261,4697,1102,4511,4652,4572,1022,269,1440,,,1107,1120,1145,1185,1021,1063,1024,999,246,257,,,2524,2817,2422,314,2955,2798,2528,314,165,1336,,,289,299,301,308,276,296,299,309,147,1321,,,115,111,107,110,106,110,108,115,151,136,,,,,,,,,,,
1388.3166666666668,37,,,,,,,,,,,,,,4830,3995,4211,771,3552,3389,3364,800,252,1445,,,4011,5249,4730,1086,4469,4596,4610,1027,258,1431,,,1118,1125,1150,1155,1038,1072,1023,998,253,236,,,2516,2831,2448,307,2992,2831,2540,313,160,1329,,,291,297,284,298,297,288,303,309,161,1330,,,117,116,112,112,102,114,116,115,150,153,,,,,,,,,,,
1395.3333333333335,37,,,,,,,,,,,,,,4847,3971,4173,774,3557,3435,3369,811,251,1446,,,4035,5236,4683,1083,4474,4615,4571,1037,267,1431,,,1113,1131,1121,1175,1029,1068,1027,975,252,248,,,2533,2834,2468,298,2998,2826,2556,318,159,1300,,,312,289,300,311,291,298,310,321,160,1314,,,120,115,102,108,121,98,125,105,160,147,,,,,,,,,,,
1402.3333333333335,37,,,,,,,,,,,,,,4849,3996,4188,770,3508,3440,3356,797,256,1461,,,4073,5245,4721,1102,4484,4611,4602,1037,256,1428,,,1112,1115,1139,1192,1060,1058,1037,994,260,248,,,2524,2869,2449,306,2992,2831,2544,303,154,1323,,,292,308,290,306,296,293,296,310,158,1341,,,116,102,106,110,99,121,121,118,151,144,,,,,,,,,,,
1409.3500000000001,37,,,,,,,,,,,,,,4853,4010,4204,779,3541,3382,3381,808,250,1454,,,4017,5244,4703,1116,4486,4637,4642,1041,276,1418,,,1118,1128,1136,1192,1058,1045,1038,995,257,249,,,2509,2849,2450,316,3003,2829,2551,323,163,1342,,,305,295,287,307,287,297,287,302,153,1301,,,107,106,108,111,111,102,116,114,155,152,,,,,,,,,,,
1416.3500000000001,37,,,,,,,,,,,,,,4869,3968,4162,769,3565,3428,3359,812,247,1453,,,4010,5275,4703,1104,4496,4600,4632,1045,260,1416,,,1119,1131,1148,1198,1043,1064,1046,999,269,258,,,2551,2875,2454,299,3010,2816,2514,307,165,1332,,,302,299,296,303,294,297,300,310,153,1303,,,120,102,97,113,126,113,117,117,158,147,,,,,,,,,,,
1423.3666666666668,37,,,,,,,,,,,,,,4811,4012,4193,788,3551,3439,3357,819,247,1446,,,4045,5252,4700,1119,4528,4626,4625,1034,271,1424,,,1137,1138,1145,1199,1058,1061,1041,1010,275,260,,,2495,2832,2429,305,3004,2861,2542,303,156,1332,,,288,291,298,308,299,270,295,312,159,1326,,,105,111,89,111,113,102,110,120,160,153,,,,,,,,,,,
1430.3833333333334,37,,,,,,,,,,,,,,4841,4033,4181,774,3540,3401,3397,792,253,1432,,,4022,5270,4655,1105,4502,4647,4626,1046,274,1414,,,1114,1129,1171,1178,1072,1073,1026,1014,273,242,,,2497,2887,2430,308,3039,2865,2541,316,149,1335,,,281,298,297,299,290,283,302,327,154,1318,,,115,102,107,111,113,107,115,113,168,146,,,,,,,,,,,
1437.4,37,,,,,,,,,,,,,,4890,3999,4202,787,3559,3433,3381,815,252,1418,,,4023,5251,4680,1096,4507,4641,4605,1053,262,1434,,,1136,1133,1157,1221,1061,1071,1043,1027,263,245,,,2487,2907,2426,322,3020,2837,2570,321,153,1318,,,293,290,284,305,297,296,288,316,156,1302,,,117,101,116,109,111,112,121,106,158,155,,,,,,,,,,,
1444.4,37,,,,,,,,,,,,,,4828,4021,4185,784,3565,3416,3365,801,262,1447,,,4040,5274,4686,1110,4511,4621,4623,1046,264,1415,,,1122,1134,1141,1212,1079,1086,1042,1025,264,264,,,2509,2886,2427,299,3038,2828,2552,310,156,1324,,,289,295,280,311,304,299,308,303,166,1310,,,126,107,106,97,110,102,102,111,156,154,,,,,,,,,,,
1451.4,37,,,,,,,,,,,,,,4858,4041,4203,777,3539,3416,3382,809,247,1441,,,4036,5303,4682,1126,4546,4657,4642,1071,261,1414,,,1131,1139,1156,1201,1067,1092,1050,1019,277,251,,,2513,2873,2424,305,3021,2853,2564,314,158,1321,,,295,295,296,300,294,305,310,306,154,1295,,,105,97,110,117,112,102,105,123,151,158,,,,,,,,,,,
1458.4166666666667,37,,,,,,,,,,,,,,4874,4048,4223,780,3560,3419,3405,815,252,1432,,,4052,5276,4683,1131,4527,4659,4648,1062,274,1409,,,1137,1156,1160,1212,1080,1094,1068,1014,261,251,,,2497,2866,2410,311,3082,2848,2539,318,161,1307,,,299,308,295,304,292,298,296,308,162,1291,,,112,106,112,113,114,110,119,114,159,148,,,,,,,,,,,
1465.4333333333334,37,,,,,,,,,,,,,,4877,4051,4231,786,3565,3448,3381,798,250,1439,,,4014,5274,4679,1131,4561,4665,4633,1062,274,1401,,,1145,1153,1161,1217,1084,1074,1061,1017,280,249,,,2539,2896,2417,318,3030,2838,2567,320,161,1305,,,298,290,305,298,294,286,305,294,151,1288,,,114,99,102,110,111,113,118,109,154,149,,,,,,,,,,,
1472.4333333333334,37,,,,,,,,,,,,,,4831,4003,4238,785,3567,3426,3400,813,266,1419,,,4007,5318,4632,1110,4535,4611,4621,1060,269,1407,,,1164,1153,1173,1218,1076,1085,1055,1028,268,253,,,2525,2895,2435,313,3030,2886,2570,321,154,1318,,,299,313,302,309,295,279,305,302,160,1298,,,122,110,108,103,113,114,109,111,154,152,,,,,,,,,,,
1479.45,37,,,,,,,,,,,,,,4863,3993,4231,785,3556,3438,3420,819,252,1413,,,4035,5281,4657,1132,4513,4687,4644,1065,261,1415,,,1132,1149,1176,1230,1062,1103,1046,1032,256,239,,,2523,2887,2424,311,3073,2868,2565,315,153,1289,,,280,306,287,314,290,287,301,305,148,1305,,,118,90,107,113,115,115,115,104,155,147,,,,,,,,,,,
1486.45,37,,,,,,,,,,,,,,4883,4001,4245,783,3558,3427,3380,802,254,1386,,,4009,5320,4596,1137,4506,4641,4619,1074,260,1392,,,1152,1144,1187,1225,1076,1086,1065,1038,267,250,,,2527,2894,2437,319,3049,2885,2568,326,153,1303,,,289,308,298,314,303,288,301,304,161,1282,,,120,105,106,116,100,100,124,114,155,147,,,,,,,,,,,
1493.4666666666667,37.1,,,,,,,,,,,,,,4826,4023,4246,796,3561,3445,3389,805,261,1382,,,4016,5253,4625,1137,4550,4689,4624,1075,270,1401,,,1150,1171,1155,1224,1073,1100,1061,1019,273,245,,,2506,2914,2403,319,3049,2894,2574,324,166,1304,,,286,289,310,315,296,295,308,308,155,1291,,,101,102,103,118,110,103,119,114,158,157,,,,,,,,,,,
1500.4666666666667,37,,,,,,,,,,,,,,4880,4013,4226,795,3593,3460,3365,835,252,1408,,,4051,5276,4647,1133,4580,4676,4628,1066,262,1401,,,1156,1154,1170,1231,1104,1117,1086,1034,258,239,,,2504,2924,2430,322,3059,2916,2569,311,153,1294,,,287,305,303,311,299,302,304,305,153,1288,,,115,113,105,106,99,108,121,116,146,146,,,,,,,,,,,
1507.4666666666667,36.9,,,,,,,,,,,,,,4871,4047,4226,789,3573,3423,3402,813,263,1411,,,4005,5282,4635,1139,4513,4684,4682,1078,277,1408,,,1179,1160,1177,1244,1095,1093,1081,1027,257,258,,,2527,2924,2433,312,3089,2881,2583,321,168,1302,,,311,301,299,314,292,301,308,313,153,1283,,,116,105,105,109,115,109,115,111,148,157,,,,,,,,,,,
1514.4833333333333,37,,,,,,,,,,,,,,4912,4051,4218,795,3584,3409,3414,834,250,1408,,,4054,5253,4645,1159,4539,4658,4685,1089,277,1388,,,1161,1164,1168,1246,1122,1115,1091,1041,250,243,,,2532,2900,2469,312,3069,2881,2602,315,159,1294,,,285,292,302,309,294,308,286,311,151,1265,,,116,117,109,117,109,111,111,122,146,146,,,,,,,,,,,
1521.5,37,,,,,,,,,,,,,,4871,4048,4280,770,3591,3437,3433,819,254,1383,,,4021,5293,4640,1142,4536,4647,4616,1085,275,1392,,,1169,1175,1183,1252,1113,1114,1083,1049,265,247,,,2511,2919,2470,304,3074,2929,2567,313,162,1287,,,296,312,292,306,297,293,304,326,155,1296,,,130,110,108,120,115,108,114,121,160,162,,,,,,,,,,,
1528.5166666666669,37,,,,,,,,,,,,,,4878,4034,4261,789,3607,3464,3416,808,241,1388,,,4008,5292,4603,1163,4529,4648,4663,1093,257,1396,,,1172,1177,1205,1232,1091,1113,1091,1042,260,242,,,2544,2935,2434,301,3096,2918,2601,334,154,1271,,,309,300,298,307,302,295,306,315,165,1282,,,117,113,103,123,122,101,125,111,156,148,,,,,,,,,,,
1535.5166666666669,37,,,,,,,,,,,,,,4901,4069,4271,784,3592,3457,3423,819,265,1392,,,4042,5273,4613,1162,4533,4668,4671,1098,272,1396,,,1162,1182,1172,1212,1098,1112,1092,1064,251,253,,,2550,2924,2426,317,3134,2894,2569,310,167,1279,,,287,310,298,318,307,278,296,305,165,1263,,,117,107,115,113,103,114,112,104,153,145,,,,,,,,,,,
1542.5333333333335,37,,,,,,,,,,,,,,4915,4057,4248,808,3632,3506,3435,812,260,1373,,,4007,5298,4615,1160,4578,4738,4667,1097,273,1385,,,1174,1163,1185,1250,1093,1104,1089,1042,258,248,,,2510,2932,2421,309,3098,2891,2569,324,159,1305,,,306,303,295,318,305,283,298,318,163,1282,,,117,91,116,122,102,104,122,111,156,153,,,,,,,,,,,
1549.5333333333335,37,,,,,,,,,,,,,,4932,4074,4257,792,3603,3448,3423,827,245,1385,,,3977,5318,4609,1161,4586,4715,4650,1094,252,1369,,,1157,1178,1197,1234,1106,1137,1087,1048,260,240,,,2486,2924,2450,309,3115,2905,2618,327,158,1285,,,284,313,308,296,314,301,306,315,152,1277,,,125,116,108,107,106,111,118,118,154,159,,,,,,,,,,,
1556.5500000000002,37,,,,,,,,,,,,,,4945,4101,4321,799,3614,3459,3437,804,245,1382,,,4027,5326,4610,1161,4582,4678,4693,1098,271,1373,,,1171,1190,1211,1260,1098,1104,1109,1051,247,246,,,2506,2946,2437,329,3090,2913,2599,320,162,1292,,,304,299,304,301,285,288,296,307,152,1271,,,116,95,107,113,115,112,115,106,153,162,,,,,,,,,,,
1563.5500000000002,37,,,,,,,,,,,,,,4944,4055,4262,779,3610,3486,3427,824,262,1388,,,4015,5283,4594,1161,4526,4713,4660,1097,254,1373,,,1169,1167,1209,1261,1090,1118,1106,1050,253,242,,,2532,2915,2424,310,3123,2962,2606,319,152,1295,,,297,308,297,314,300,289,300,316,151,1281,,,117,105,107,108,95,113,112,104,162,149,,,,,,,,,,,
1579.4833333333333,37,,,,,,,,,,,,,,5634,4665,4875,845,4120,3936,3887,871,267,1586,,,4574,5944,5190,1207,5134,5260,5287,1131,285,1582,,,5308,5399,5077,1299,5687,4951,4852,1118,271,1852,,,2843,3202,2825,323,3469,3305,2977,328,166,1497,,,2614,2468,2553,325,2544,2489,2517,316,163,1472,,,125,125,118,126,107,108,109,120,166,1883,,,,,,,,,,,
1586.4833333333333,37,,,,,,,,,,,,,,5377,4417,4636,819,3917,3743,3720,847,267,1475,,,4327,5665,4958,1186,4924,5012,5070,1124,268,1488,,,5456,5358,5111,1265,5689,4995,4869,1079,262,1787,,,2697,2993,2668,330,3276,3104,2847,323,166,1399,,,2677,2523,2627,321,2602,2566,2580,321,156,1377,,,120,114,95,123,126,107,135,103,164,1770,,,,,,,,,,,
1593.5,37,,,,,,,,,,,,,,5181,4282,4483,810,3789,3668,3585,852,258,1408,,,4177,5381,4721,1205,4801,4931,4877,1135,269,1421,,,5336,5354,5172,1270,5698,5069,4925,1079,270,1720,,,2670,2887,2573,321,3139,3023,2732,319,160,1358,,,2684,2554,2624,325,2630,2621,2653,321,149,1313,,,112,108,102,114,110,112,116,112,157,1736,,,,,,,,,,,
1600.5,37,,,,,,,,,,,,,,5077,4203,4444,806,3726,3588,3542,850,258,1398,,,4131,5231,4570,1167,4618,4815,4764,1128,266,1376,,,5129,5214,5030,1265,5499,5000,4835,1073,255,1711,,,2600,2845,2519,328,3005,2897,2652,336,149,1315,,,2647,2611,2659,319,2583,2719,2648,324,155,1277,,,114,104,112,113,122,110,121,109,150,1714,,,,,,,,,,,
1607.5166666666669,37,,,,,,,,,,,,,,5008,4134,4324,798,3677,3565,3509,859,259,1368,,,4105,5086,4404,1193,4539,4663,4645,1125,271,1364,,,5054,5142,4926,1255,5415,4924,4813,1079,262,1691,,,2570,2818,2468,321,2975,2831,2567,327,161,1278,,,2674,2748,2565,316,2595,2628,2718,310,157,1270,,,125,95,106,112,111,110,113,106,150,1671,,,,,,,,,,,
1614.5333333333335,37,,,,,,,,,,,,,,4914,4113,4316,794,3663,3506,3490,854,254,1338,,,4035,5051,4386,1190,4460,4617,4573,1095,257,1339,,,4983,5059,4859,1260,5231,4857,4715,1088,258,1686,,,2528,2791,2421,319,2915,2821,2515,335,167,1263,,,2649,2594,2594,319,2614,2641,2630,326,144,1242,,,115,112,106,111,109,118,119,115,153,1646,,,,,,,,,,,
1621.5333333333335,37,,,,,,,,,,,,,,4916,4058,4276,813,3618,3469,3442,844,248,1339,,,4023,4925,4305,1168,4384,4583,4544,1122,268,1347,,,5036,5040,4815,1242,5001,4792,4660,1075,255,1645,,,2452,2739,2387,328,2910,2723,2477,325,159,1271,,,2622,2591,2579,310,2614,2652,2658,320,156,1248,,,118,101,105,117,115,101,117,123,165,1637,,,,,,,,,,,
1628.5500000000002,37,,,,,,,,,,,,,,4903,4046,4254,800,3609,3465,3417,848,255,1320,,,3950,4933,4266,1173,4376,4513,4477,1118,265,1338,,,5048,5032,4844,1261,5052,4809,4671,1085,255,1653,,,2391,2717,2388,318,2867,2690,2426,328,151,1257,,,2625,2626,2604,317,2603,2642,2680,314,161,1236,,,120,106,102,105,113,113,116,117,151,1626,,,,,,,,,,,
1635.5666666666668,37,,,,,,,,,,,,,,4878,4043,4214,797,3575,3469,3430,848,244,1330,,,3937,4856,4207,1179,4322,4508,4510,1126,254,1334,,,5096,5040,4930,1283,5002,4809,4762,1073,253,1632,,,2360,2675,2345,311,2818,2691,2394,329,159,1253,,,2630,2608,2598,307,2591,2646,2717,314,153,1213,,,107,109,110,112,112,112,114,107,150,1610,,,,,,,,,,,
1642.5833333333335,37,,,,,,,,,,,,,,4861,3975,4185,794,3547,3436,3384,845,259,1328,,,3961,4830,4203,1186,4357,4490,4438,1121,261,1321,,,5064,5043,4888,1253,5055,4813,4760,1073,259,1638,,,2338,2652,2372,310,2819,2682,2390,321,150,1249,,,2607,2648,2642,317,2614,2633,2718,319,155,1232,,,110,108,106,110,119,114,115,114,154,1632,,,,,,,,,,,
1649.6000000000001,37,,,,,,,,,,,,,,4874,3988,4190,801,3577,3429,3368,842,251,1314,,,3952,4837,4179,1192,4325,4452,4496,1126,252,1317,,,5130,5111,4940,1255,5132,4904,4801,1067,250,1626,,,2296,2620,2318,308,2829,2665,2398,314,168,1236,,,2628,2668,2639,313,2622,2650,2727,327,150,1207,,,109,97,109,106,111,114,117,105,156,1614,,,,,,,,,,,
1656.6166666666668,37,,,,,,,,,,,,,,4859,3993,4170,812,3546,3445,3369,842,249,1303,,,3912,4772,4146,1169,4323,4438,4472,1143,264,1321,,,5161,5141,4966,1254,5133,4878,4804,1070,256,1626,,,2287,2592,2312,328,2793,2669,2363,318,156,1222,,,2627,2678,2617,314,2610,2660,2750,307,157,1212,,,118,104,106,111,111,100,113,119,141,1603,,,,,,,,,,,
1671.8500000000001,37,,,,,,,,,,,,,,5465,4532,4729,856,3999,3820,3779,873,254,1513,,,4442,5386,4695,1239,4890,5015,4993,1197,273,1506,,,5899,5950,5499,1261,5831,5651,5483,1115,272,1853,,,2621,2889,2656,344,3156,3021,2709,325,173,1405,,,3078,3088,2906,321,3037,3075,3177,327,152,1383,,,126,110,104,118,118,114,117,115,166,1877,,,,,,,,,,,
1678.8333333333335,37,,,,,,,,,,,,,,5228,4295,4481,833,3829,3677,3626,868,259,1374,,,4237,5150,4474,1222,4668,4807,4826,1139,272,1412,,,5658,5761,5313,1236,5653,5389,5354,1115,263,1769,,,2478,2738,2544,328,2977,2856,2593,345,162,1327,,,2903,2924,2793,320,2897,2959,3004,324,157,1287,,,113,110,103,116,111,116,126,121,153,1733,,,,,,,,,,,
1685.8500000000001,37,,,,,,,,,,,,,,5078,4151,4385,828,3714,3560,3536,838,257,1338,,,4153,4901,4339,1210,4492,4612,4658,1137,251,1360,,,5524,5454,5083,1244,5412,5275,5198,1090,260,1674,,,2394,2642,2468,339,2888,2752,2537,326,171,1249,,,2804,2859,2720,312,2827,2851,2907,326,166,1265,,,120,105,101,113,109,118,121,112,148,1630,,,,,,,,,,,
1692.8666666666668,37,,,,,,,,,,,,,,4958,4103,4315,814,3675,3511,3496,862,259,1299,,,4062,4720,4205,1189,4350,4499,4508,1128,268,1312,,,5445,5329,4912,1246,5359,5139,5136,1086,260,1615,,,2360,2584,2432,335,2790,2696,2443,336,148,1223,,,2764,2790,2601,319,2747,2776,2841,328,155,1218,,,115,113,105,116,108,114,116,121,157,1640,,,,,,,,,,,
1699.8666666666668,37.1,,,,,,,,,,,,,,4893,3986,4239,817,3584,3461,3412,850,253,1259,,,3994,4577,4095,1159,4211,4411,4328,1129,253,1286,,,5342,5207,4843,1215,5269,5116,5004,1083,261,1603,,,2299,2511,2350,313,2696,2621,2384,317,159,1221,,,2720,2686,2585,314,2695,2723,2768,327,149,1192,,,121,103,106,118,116,114,116,114,157,1588,,,,,,,,,,,
1706.8833333333334,37,,,,,,,,,,,,,,4791,3950,4175,814,3571,3414,3415,838,241,1246,,,3909,4497,4056,1206,4169,4310,4345,1133,243,1288,,,5324,5150,4781,1225,5259,5039,4940,1099,257,1576,,,2276,2491,2333,322,2658,2568,2325,321,162,1211,,,2696,2696,2574,303,2643,2716,2777,325,155,1188,,,114,90,111,102,112,108,121,115,150,1576,,,,,,,,,,,
1713.9,37,,,,,,,,,,,,,,4836,3975,4162,817,3537,3436,3364,863,246,1266,,,3978,4526,4069,1196,4140,4315,4278,1154,258,1272,,,5331,5118,4752,1236,5219,5039,4966,1115,252,1594,,,2258,2454,2297,321,2698,2562,2314,337,158,1204,,,2670,2707,2566,304,2628,2685,2771,327,158,1162,,,107,106,104,109,117,110,124,108,155,1565,,,,,,,,,,,
1720.9166666666667,37,,,,,,,,,,,,,,4792,3946,4144,811,3555,3390,3341,852,251,1265,,,3906,4459,4020,1201,4120,4242,4255,1127,256,1268,,,5338,5195,4742,1225,5250,5101,5003,1098,248,1544,,,2229,2437,2269,325,2628,2541,2290,320,152,1180,,,2649,2697,2559,321,2650,2648,2784,324,156,1156,,,115,103,101,109,116,112,117,106,153,1575,,,,,,,,,,,
1727.9166666666667,37,,,,,,,,,,,,,,4734,3927,4129,811,3526,3350,3286,847,253,1261,,,3951,4449,3977,1215,4114,4204,4259,1158,254,1264,,,5345,5163,4726,1217,5329,5078,5057,1107,253,1546,,,2229,2391,2302,324,2637,2498,2258,326,153,1191,,,2687,2712,2559,322,2617,2689,2759,325,151,1146,,,98,113,102,101,117,100,113,110,143,1567,,,,,,,,,,,
1734.9333333333334,37,,,,,,,,,,,,,,4722,3866,4097,819,3484,3366,3321,853,237,1234,,,3918,4415,4046,1205,4038,4204,4243,1122,257,1254,,,5330,5176,4787,1237,5355,5149,5089,1102,246,1539,,,2213,2377,2271,320,2628,2496,2241,323,147,1175,,,2687,2718,2551,322,2603,2665,2771,320,154,1166,,,108,107,98,112,113,109,119,107,160,1537,,,,,,,,,,,
1741.95,37,,,,,,,,,,,,,,4752,3887,4119,796,3496,3372,3351,823,240,1237,,,3950,4381,3992,1202,4022,4173,4221,1137,255,1251,,,5376,5210,4739,1232,5331,5211,5099,1106,257,1544,,,2208,2380,2252,318,2638,2510,2257,321,149,1166,,,2651,2714,2549,310,2610,2695,2789,323,149,1166,,,110,104,106,121,108,106,122,111,157,1540,,,,,,,,,,,
1748.95,37,,,,,,,,,,,,,,4731,3896,4068,817,3503,3331,3278,837,237,1234,,,3912,4335,4017,1203,4002,4173,4231,1147,254,1250,,,5418,5203,4746,1239,5415,5234,5110,1105,250,1526,,,2171,2331,2259,318,2650,2524,2232,327,163,1152,,,2643,2696,2546,305,2594,2697,2780,329,156,1137,,,107,104,107,105,113,110,120,120,146,1539,,,,,,,,,,,
1755.9666666666667,37,,,,,,,,,,,,,,4745,3913,4094,817,3473,3367,3286,869,241,1233,,,3964,4318,3980,1210,3993,4144,4183,1165,241,1246,,,5472,5238,4781,1223,5425,5243,5184,1123,249,1544,,,2195,2339,2251,321,2599,2521,2252,332,155,1165,,,2629,2715,2533,311,2608,2685,2806,322,157,1148,,,114,112,97,113,105,106,114,112,161,1530,,,,,,,,,,,
1762.9833333333333,37,,,,,,,,,,,,,,4733,3896,4119,808,3495,3356,3329,835,245,1224,,,3961,4256,4000,1199,3988,4106,4155,1151,253,1241,,,5415,5277,4767,1238,5424,5309,5189,1103,253,1513,,,2206,2309,2242,319,2631,2498,2249,338,154,1171,,,2605,2717,2563,301,2609,2675,2783,332,150,1147,,,113,100,115,121,113,111,120,114,151,1537,,,,,,,,,,,
1770.0,37,,,,,,,,,,,,,,4712,3879,4083,821,3475,3370,3318,859,240,1212,,,3951,4246,3976,1218,3973,4089,4170,1162,251,1244,,,5437,5325,4817,1225,5456,5350,5241,1130,253,1544,,,2200,2301,2246,318,2631,2509,2268,332,151,1176,,,2617,2718,2548,312,2594,2684,2786,314,151,1155,,,119,93,116,113,122,114,114,110,159,1525,,,,,,,,,,,
1777.0,37,,,,,,,,,,,,,,4730,3890,4103,816,3473,3345,3333,856,246,1220,,,3937,4240,3943,1222,3967,4086,4182,1143,262,1232,,,5479,5340,4808,1245,5450,5338,5293,1099,259,1520,,,2203,2269,2282,321,2660,2528,2262,327,144,1136,,,2591,2728,2539,317,2619,2670,2822,326,145,1159,,,110,103,106,104,108,111,111,113,160,1530,,,,,,,,,,,
1784.0166666666669,37,,,,,,,,,,,,,,4762,3882,4130,817,3503,3353,3329,847,245,1209,,,3964,4241,3984,1221,3903,4057,4129,1151,271,1231,,,5484,5394,4797,1256,5496,5380,5308,1124,266,1527,,,2199,2327,2264,316,2633,2503,2275,322,148,1167,,,2621,2751,2529,315,2626,2673,2822,331,157,1124,,,123,109,99,109,115,106,113,108,152,1517,,,,,,,,,,,
1791.0333333333335,37,,,,,,,,,,,,,,4733,3884,4109,828,3492,3350,3317,857,261,1199,,,3990,4191,4017,1219,3946,4079,4155,1147,254,1233,,,5519,5427,4840,1246,5526,5390,5357,1113,251,1517,,,2194,2297,2247,324,2654,2515,2276,339,155,1162,,,2622,2750,2529,315,2636,2701,2829,315,154,1151,,,104,104,103,109,112,107,112,103,147,1503,,,,,,,,,,,
358.0500000000001,37,,,,,,,,,,,,,,4765,3914,4063,801,3519,3377,3303,851,255,1207,,,3958,4204,3964,1212,3952,4044,4175,1176,254,1246,,,5582,5474,4825,1228,5579,5459,5333,1104,255,1514,,,2220,2307,2270,315,2698,2525,2252,330,149,1145,,,2573,2776,2524,304,2616,2667,2828,319,153,1146,,,117,109,106,107,116,117,113,109,155,1527,,,,,,,,,,,
365.0666666666668,37,,,,,,,,,,,,,,4777,3923,4073,813,3509,3354,3325,846,252,1223,,,3966,4177,3990,1210,3941,4034,4134,1167,258,1201,,,5577,5459,4803,1260,5556,5446,5374,1134,260,1530,,,2227,2289,2278,311,2662,2543,2255,320,158,1155,,,2623,2784,2493,315,2629,2701,2820,316,158,1138,,,113,101,105,109,118,105,114,121,156,1523,,,,,,,,,,,
372.0833333333334,37,,,,,,,,,,,,,,4753,3883,4143,812,3520,3378,3291,860,254,1212,,,3969,4172,3977,1218,3942,4024,4164,1175,255,1242,,,5583,5485,4810,1265,5582,5464,5440,1119,252,1514,,,2207,2314,2266,329,2667,2512,2255,329,148,1144,,,2609,2777,2524,320,2628,2687,2861,327,146,1137,,,114,94,102,122,103,109,116,113,148,1496,,,,,,,,,,,
