,VAPC_TON_A,VAPC_TON_B,VAPC_TON_C
Unnamed: 1,2457.0,2459.0,2550.0
GFP,14221.0,12797.0,12596.0
INTR_alaXW,2361.0,2431.0,2411.0
LELOBEKK,4.0,2.0,8.0
LELOBEKK_appX,0.0,0.0,0.0
LELOBEKK_araC,0.0,0.0,0.0
LELOBEKK_atl,0.0,0.0,0.0
LELOBEKK_ccdA,0.0,0.0,0.0
LELOBEKK_fdoG,0.0,0.0,0.0
LELOBEKK_finO,2.0,0.0,1.0
LELOBEKK_flmC,2.0,0.0,0.0
LELOBEKK_galK,0.0,0.0,0.0
LELOBEKK_gap,0.0,0.0,0.0
LELOBEKK_gpt,0.0,0.0,0.0
LELOBEKK_lacA,0.0,0.0,0.0
LELOBEKK_lacY,0.0,0.0,1.0
LELOBEKK_lacZ,0.0,0.0,0.0
LELOBEKK_lexA,0.0,0.0,0.0
LELOBEKK_malE,0.0,0.0,1.0
LELOBEKK_mpaA,0.0,0.0,0.0
LELOBEKK_pheS,0.0,0.0,0.0
LELOBEKK_psiB,0.0,1.0,0.0
LELOBEKK_rpsL,0.0,0.0,0.0
LELOBEKK_sgrT,0.0,1.0,0.0
LELOBEKK_tisB,0.0,0.0,0.0
LELOBEKK_traJ,0.0,0.0,0.0
LELOBEKK_traQ,1.0,0.0,0.0
LELOBEKK_traY,0.0,0.0,1.0
LELOBEKK_trpA,0.0,0.0,0.0
LELOBEKK_uidA,0.0,0.0,0.0
LELOBEKK_ylpA,0.0,0.0,0.0
LELOBEKK_ynhF,0.0,0.0,0.0
LELOBEKK_yshB,0.0,0.0,0.0
LELOBEKKtfaE,0.0,0.0,1.0
LacI,17859.0,17877.0,17935.0
MS2_fwd,1.0,2.0,1.0
YFP,2.0,3.0,1.0
aaeA,217.0,247.0,219.0
aaeB,160.0,149.0,143.0
aaeR,212.0,226.0,226.0
aaeX,10.0,10.0,11.0
aas,324.0,339.0,314.0
aat,81.0,80.0,86.0
abgA,0.0,0.0,0.0
abgB,151.0,195.0,206.0
abgR,212.0,234.0,263.0
abgT,235.0,212.0,197.0
abrB,26.0,25.0,25.0
accA,341.0,381.0,371.0
accB,219.0,204.0,197.0
accC,164.0,158.0,166.0
accD,9.0,11.0,23.0
aceA,274.0,259.0,264.0
aceB,205.0,174.0,188.0
aceE,140.0,148.0,130.0
aceF,285.0,315.0,336.0
aceK,117.0,111.0,110.0
ackA,206.0,228.0,209.0
acnA,164.0,144.0,162.0
acnB,43.0,41.0,47.0
acpH,0.0,0.0,0.0
acpP,138.0,146.0,141.0
acpS,3.0,3.0,1.0
acpT,15.0,12.0,5.0
acrA,38.0,42.0,41.0
acrB,59.0,64.0,66.0
acrD,31.0,50.0,38.0
acrE,40.0,37.0,44.0
acrF,247.0,278.0,244.0
acrR,459.0,472.0,482.0
acs,194.0,198.0,169.0
actP,48.0,28.0,42.0
ada,0.0,1.0,2.0
add,76.0,78.0,65.0
ade,143.0,123.0,123.0
adhE,245.0,265.0,228.0
adhP,471.0,419.0,442.0
adiA,164.0,143.0,202.0
adiC,65.0,77.0,94.0
adiY,220.0,234.0,214.0
adk,0.0,4.0,0.0
aegA,111.0,101.0,106.0
aer,0.0,0.0,0.0
aes,77.0,92.0,87.0
afuB,49.0,51.0,44.0
afuC,122.0,99.0,104.0
agaA,0.0,0.0,0.0
agaB,151.0,145.0,146.0
agaC,40.0,79.0,46.0
agaD,115.0,88.0,116.0
agaI,119.0,114.0,105.0
agaR,1.0,0.0,1.0
agaS,2.0,2.0,7.0
agaV,51.0,51.0,58.0
agaW,1.0,0.0,0.0
agp,159.0,175.0,134.0
ahpC,248.0,242.0,224.0
ahpF,96.0,102.0,106.0
aidB,119.0,115.0,127.0
ais,223.0,255.0,224.0
alaS,123.0,115.0,151.0
alaw,16135.0,16319.0,15827.0
aldA,380.0,399.0,393.0
aldB,6.0,2.0,3.0
alkA,0.0,0.0,0.0
alkB,66.0,78.0,93.0
allA,110.0,94.0,89.0
allB,126.0,135.0,149.0
allC,185.0,198.0,232.0
allD,50.0,40.0,49.0
allR,235.0,227.0,265.0
alpA,1.0,2.0,0.0
alr,127.0,128.0,117.0
alsA,197.0,193.0,177.0
alsB,298.0,318.0,331.0
alsC,47.0,54.0,40.0
alsE,35.0,39.0,37.0
alsK,47.0,48.0,46.0
alx,59.0,46.0,36.0
amiA,491.0,506.0,490.0
amiB,245.0,233.0,227.0
amiC,2.0,0.0,0.0
amn,130.0,122.0,120.0
ampC,123.0,111.0,124.0
ampD,1.0,1.0,2.0
ampE,358.0,396.0,341.0
ampG,171.0,198.0,198.0
ampH,68.0,70.0,59.0
ampR,6815.0,7080.0,7033.0
amtB,0.0,2.0,2.0
amyA,201.0,184.0,199.0
anmK,41.0,45.0,48.0
ansA,147.0,139.0,131.0
ansB,185.0,183.0,201.0
ansP,79.0,72.0,54.0
apaG,75.0,76.0,60.0
apaH,68.0,65.0,72.0
aphA,281.0,270.0,286.0
appA,221.0,216.0,186.0
appB,41.0,51.0,64.0
appC,74.0,89.0,89.0
appY,41.0,30.0,27.0
apt,6.0,3.0,6.0
aqpZ,45.0,42.0,42.0
araA,0.0,0.0,1.0
araB,16.0,23.0,18.0
araD,8.0,11.0,11.0
araE,2.0,2.0,2.0
araF,217.0,220.0,201.0
araG,263.0,264.0,276.0
araH,37.0,26.0,36.0
araJ,130.0,116.0,107.0
arcA,129.0,135.0,142.0
arcB,230.0,211.0,183.0
argA,207.0,218.0,207.0
argB,3.0,7.0,2.0
argC,110.0,105.0,81.0
argD,401.0,407.0,395.0
argE,136.0,122.0,113.0
argF,20.0,15.0,9.0
argG,260.0,233.0,253.0
argH,79.0,79.0,93.0
argI,111.0,84.0,118.0
argK,1.0,4.0,2.0
argO,86.0,96.0,80.0
argP,1.0,6.0,2.0
argR,217.0,208.0,190.0
argS,116.0,144.0,150.0
argT,36.0,45.0,24.0
arnA,173.0,198.0,188.0
arnB,108.0,119.0,109.0
arnC,108.0,116.0,97.0
arnT,371.0,376.0,380.0
aroA,304.0,313.0,336.0
aroB,17.0,14.0,20.0
aroC,7.0,1.0,1.0
aroD,132.0,122.0,118.0
aroE,121.0,130.0,126.0
aroF,103.0,118.0,128.0
aroG,95.0,95.0,99.0
aroH,181.0,166.0,176.0
aroK,150.0,143.0,152.0
aroL,2.0,1.0,1.0
aroM,464.0,434.0,460.0
aroP,276.0,290.0,280.0
arpA,153.0,174.0,180.0
arpB,249.0,294.0,319.0
arsB,42.0,56.0,49.0
arsC,20.0,17.0,14.0
arsR,0.0,0.0,0.0
artI,204.0,228.0,210.0
artJ,127.0,131.0,126.0
artM,92.0,92.0,102.0
artP,2.0,0.0,0.0
artQ,54.0,59.0,62.0
ascB,212.0,225.0,212.0
ascF,48.0,44.0,62.0
ascG,77.0,75.0,67.0
asd,169.0,191.0,227.0
aslA,175.0,192.0,151.0
aslB,119.0,119.0,124.0
asmA,250.0,271.0,275.0
asnA,8.0,16.0,13.0
asnB,136.0,126.0,120.0
asnC,10.0,12.0,17.0
asnS,10.0,3.0,4.0
aspA,233.0,205.0,255.0
aspC,143.0,124.0,122.0
aspS,100.0,103.0,98.0
aspv,12487.0,11661.0,11139.0
asr,9.0,8.0,9.0
astA,3.0,5.0,2.0
astB,97.0,106.0,90.0
astC,20.0,22.0,18.0
astD,3.0,6.0,6.0
astE,89.0,102.0,87.0
atoA,22.0,12.0,14.0
atoB,206.0,189.0,201.0
atoC,204.0,207.0,216.0
atoD,0.0,0.0,0.0
atoE,123.0,92.0,115.0
atoS,208.0,240.0,259.0
atpA,480.0,487.0,497.0
atpB,0.0,1.0,3.0
atpC,2.0,0.0,1.0
atpD,11.0,13.0,12.0
atpE,17.0,17.0,11.0
atpF,0.0,0.0,0.0
atpG,86.0,77.0,74.0
atpH,356.0,361.0,395.0
atpI,0.0,2.0,1.0
avtA,66.0,67.0,48.0
azoR,39.0,44.0,40.0
bacA,0.0,0.0,1.0
baeR,2.0,2.0,0.0
baeS,175.0,195.0,174.0
barA,279.0,297.0,304.0
basR,119.0,139.0,114.0
basS,126.0,123.0,135.0
bax,458.0,491.0,490.0
bcp,85.0,90.0,108.0
bcr,37.0,32.0,25.0
bcsA,0.0,1.0,0.0
bcsB,76.0,67.0,61.0
bcsC,26.0,36.0,34.0
bcsE,73.0,58.0,85.0
bcsF,34.0,39.0,47.0
bcsG,165.0,167.0,160.0
bcsZ,3.0,4.0,3.0
bdm,475.0,419.0,492.0
betA,59.0,74.0,73.0
betB,0.0,0.0,0.0
betI,0.0,0.0,0.0
betT,123.0,130.0,138.0
bfd,3.0,1.0,4.0
bfr,144.0,139.0,154.0
bglA,245.0,247.0,264.0
bglB,88.0,113.0,106.0
bglF,107.0,105.0,116.0
bglG,210.0,212.0,212.0
bglH,189.0,172.0,166.0
bglJ,115.0,117.0,124.0
bglX,191.0,179.0,183.0
bioA,105.0,137.0,98.0
bioB,2.0,2.0,0.0
bioC,69.0,60.0,66.0
bioD,238.0,231.0,241.0
bioF,32.0,32.0,32.0
bioH,22.0,33.0,30.0
bipA,357.0,358.0,334.0
birA,257.0,296.0,287.0
bisC,123.0,132.0,118.0
blc,65.0,63.0,66.0
blr,16.0,32.0,21.0
bolA,280.0,270.0,279.0
brnQ,0.0,3.0,1.0
bssR,205.0,209.0,191.0
bssS,54.0,59.0,55.0
btuB,202.0,229.0,254.0
btuC,3.0,3.0,2.0
btuD,116.0,118.0,104.0
btuE,82.0,67.0,66.0
btuF,7.0,11.0,10.0
btuR,171.0,194.0,203.0
cadA,60.0,73.0,65.0
cadB,229.0,228.0,207.0
cadC,247.0,238.0,217.0
caiA,42.0,33.0,38.0
caiB,230.0,225.0,221.0
caiC,361.0,382.0,370.0
caiD,46.0,68.0,67.0
caiE,181.0,207.0,170.0
caiF,399.0,377.0,390.0
caiT,318.0,292.0,282.0
camR,2.0,2.0,1.0
can,12.0,17.0,14.0
carA,24.0,17.0,25.0
carB,28.0,32.0,42.0
cbl,276.0,284.0,278.0
cbpA,60.0,82.0,71.0
cbpM,56.0,47.0,36.0
cbrA,84.0,72.0,93.0
cbrC,262.0,279.0,259.0
cca,80.0,88.0,91.0
cchA,0.0,0.0,1.0
cchB,55.0,46.0,55.0
ccmA,63.0,66.0,68.0
ccmB,0.0,1.0,0.0
ccmC,0.0,3.0,1.0
ccmD,0.0,1.0,2.0
ccmE,117.0,85.0,86.0
ccmF,1.0,5.0,2.0
ccmG,127.0,125.0,117.0
ccmH,22.0,20.0,30.0
cdaR,73.0,97.0,106.0
cdd,95.0,94.0,74.0
cdh,642.0,641.0,614.0
cdsA,62.0,50.0,55.0
cedA,9.0,9.0,14.0
cfa,178.0,191.0,201.0
chaA,96.0,107.0,102.0
chaB,23.0,28.0,32.0
chaC,134.0,128.0,115.0
chbA,44.0,25.0,39.0
chbB,36.0,37.0,45.0
chbC,401.0,433.0,406.0
chbF,172.0,164.0,178.0
chbG,23.0,26.0,29.0
chbR,168.0,215.0,204.0
cheA,213.0,220.0,233.0
cheB,106.0,130.0,134.0
cheR,0.0,1.0,3.0
cheW,72.0,98.0,97.0
cheY,0.0,1.0,1.0
cheZ,75.0,87.0,89.0
chiA,153.0,145.0,156.0
cho,127.0,131.0,143.0
chpA,3.0,7.0,4.0
chpB,1.0,0.0,0.0
chpR,90.0,90.0,106.0
chpS,4.0,3.0,1.0
cirA,329.0,347.0,362.0
citA,165.0,164.0,194.0
citB,127.0,82.0,78.0
citC,253.0,270.0,239.0
citD,1.0,2.0,2.0
citE,1.0,3.0,1.0
citF,23.0,21.0,26.0
citG,5.0,4.0,3.0
citT,143.0,115.0,124.0
citX,7.0,9.0,11.0
clcA,129.0,162.0,151.0
clcB,77.0,60.0,70.0
cld,337.0,311.0,373.0
clpA,206.0,229.0,203.0
clpB,180.0,215.0,197.0
clpP,9.0,3.0,1.0
clpS,31.0,23.0,24.0
clpX,368.0,398.0,394.0
cls,136.0,95.0,110.0
cmk,163.0,173.0,146.0
cmr,28.0,35.0,39.0
cmtA,110.0,128.0,126.0
cmtB,64.0,64.0,70.0
coaA,200.0,212.0,185.0
coaD,66.0,85.0,89.0
coaE,207.0,212.0,214.0
cobB,78.0,74.0,79.0
cobC,129.0,128.0,116.0
cobS,29.0,24.0,33.0
cobT,34.0,29.0,32.0
cobU,250.0,209.0,206.0
codA,2.0,2.0,4.0
codB,54.0,59.0,44.0
cof,126.0,141.0,110.0
copA,154.0,160.0,147.0
corA,183.0,149.0,182.0
cpdA,2.0,2.0,0.0
cpdB,88.0,89.0,71.0
cpsB,12.0,9.0,11.0
cpsG,111.0,134.0,148.0
cpxA,280.0,301.0,322.0
cpxP,125.0,112.0,120.0
cpxR,187.0,191.0,156.0
crcA,19.0,22.0,21.0
crcB,54.0,32.0,40.0
creA,10.0,7.0,8.0
creB,0.0,0.0,2.0
creC,316.0,304.0,346.0
creD,178.0,194.0,175.0
crl,41.0,57.0,42.0
crp,120.0,119.0,104.0
crr,179.0,174.0,185.0
csdA,18.0,20.0,20.0
csgA,34.0,41.0,40.0
csgB,62.0,54.0,66.0
csgC,100.0,114.0,99.0
csgD,236.0,235.0,234.0
csgE,74.0,82.0,75.0
csgF,129.0,129.0,149.0
csgG,32.0,32.0,38.0
csiE,372.0,349.0,369.0
csiR,183.0,162.0,186.0
cspA,149.0,159.0,154.0
cspB,14.0,4.0,9.0
cspC,0.0,1.0,0.0
cspD,28.0,27.0,24.0
cspE,80.0,99.0,105.0
cspF,1.0,0.0,1.0
cspG,151.0,171.0,184.0
cspH,2.0,3.0,4.0
cspI,36.0,38.0,43.0
csrA,11.0,6.0,13.0
csrb,22698.0,22886.0,22880.0
cstA,175.0,238.0,219.0
cueO,154.0,157.0,172.0
cusA,88.0,92.0,88.0
cusB,46.0,43.0,54.0
cusC,141.0,129.0,125.0
cusF,191.0,186.0,188.0
cusR,200.0,193.0,182.0
cusS,75.0,52.0,71.0
cutA,6.0,8.0,6.0
cutC,59.0,64.0,57.0
cvpA,37.0,40.0,35.0
cvrA,143.0,152.0,133.0
cyaA,102.0,99.0,85.0
cyaY,0.0,0.0,2.0
cybB,70.0,72.0,72.0
cybC,21.0,16.0,24.0
cycA,100.0,114.0,113.0
cydA,12.0,7.0,9.0
cydB,18.0,11.0,9.0
cydC,173.0,172.0,163.0
cydD,429.0,406.0,375.0
cynR,62.0,64.0,69.0
cynS,133.0,130.0,146.0
cynT,23.0,34.0,23.0
cynX,268.0,243.0,258.0
cyoA,205.0,199.0,206.0
cyoB,86.0,107.0,93.0
cyoC,94.0,110.0,86.0
cyoD,3.0,5.0,5.0
cyoE,2.0,5.0,4.0
cysA,9.0,4.0,4.0
cysB,324.0,293.0,311.0
cysC,25.0,29.0,25.0
cysD,201.0,203.0,203.0
cysE,2.0,2.0,1.0
cysG,64.0,60.0,62.0
cysH,158.0,178.0,159.0
cysI,74.0,86.0,84.0
cysJ,42.0,40.0,40.0
cysK,341.0,353.0,319.0
cysM,4.0,6.0,6.0
cysN,116.0,82.0,110.0
cysP,0.0,1.0,1.0
cysQ,5.0,1.0,3.0
cysS,26.0,36.0,31.0
cysU,46.0,45.0,43.0
cysW,0.0,1.0,1.0
cysZ,45.0,46.0,43.0
cytR,163.0,187.0,152.0
dacA,263.0,291.0,265.0
dacB,274.0,302.0,262.0
dacC,283.0,261.0,275.0
dacD,280.0,286.0,261.0
dadA,4.0,6.0,3.0
dadX,0.0,2.0,1.0
dam,101.0,117.0,116.0
damX,24.0,21.0,19.0
dapA,262.0,287.0,276.0
dapB,82.0,84.0,96.0
dapD,71.0,58.0,81.0
dapE,109.0,112.0,127.0
dapF,0.0,1.0,0.0
dbpA,76.0,63.0,62.0
dcd,21.0,18.0,19.0
dcm,33.0,33.0,35.0
dcp,79.0,76.0,77.0
dcrB,62.0,58.0,69.0
dctA,169.0,182.0,171.0
dcuA,49.0,46.0,41.0
dcuB,22.0,28.0,27.0
dcuC,82.0,90.0,76.0
dcuD,258.0,254.0,234.0
dcuR,188.0,185.0,193.0
dcuS,128.0,124.0,136.0
dcyD,96.0,104.0,100.0
ddlA,165.0,128.0,136.0
ddlB,34.0,46.0,50.0
ddpA,63.0,75.0,67.0
ddpB,8.0,6.0,5.0
ddpC,59.0,67.0,52.0
ddpD,38.0,57.0,40.0
ddpF,88.0,82.0,84.0
ddpX,187.0,168.0,226.0
deaD,335.0,345.0,312.0
dedA,50.0,75.0,58.0
dedD,76.0,62.0,63.0
def,119.0,143.0,118.0
degP,209.0,247.0,237.0
degQ,266.0,229.0,243.0
degS,232.0,246.0,252.0
deoA,214.0,219.0,185.0
deoB,90.0,95.0,94.0
deoC,14.0,19.0,18.0
deoD,12.0,16.0,7.0
deoR,10.0,6.0,11.0
der,55.0,36.0,46.0
dfp,61.0,52.0,48.0
dgkA,0.0,0.0,2.0
dgoA,3.0,0.0,0.0
dgoD,239.0,251.0,248.0
dgoK,96.0,97.0,99.0
dgoR,1.0,1.0,0.0
dgoT,20.0,20.0,24.0
dgsA,193.0,206.0,211.0
dgt,233.0,216.0,232.0
dhaK,44.0,44.0,43.0
dhaL,42.0,45.0,44.0
dhaM,248.0,255.0,278.0
dhaR,181.0,187.0,172.0
diaA,390.0,360.0,345.0
dicA,6.0,4.0,5.0
dicB,5.0,2.0,2.0
dicC,49.0,64.0,58.0
dinB,1.0,0.0,0.0
dinD,219.0,264.0,249.0
dinF,88.0,97.0,93.0
dinG,246.0,264.0,295.0
dinI,13.0,27.0,16.0
dinJ,23.0,26.0,26.0
dipZ,149.0,121.0,122.0
djlA,1.0,0.0,1.0
djlB,303.0,324.0,297.0
djlC,161.0,156.0,169.0
dkgA,71.0,89.0,65.0
dkgB,248.0,217.0,200.0
dksA,2.0,2.0,3.0
dld,101.0,132.0,140.0
dmsA,146.0,135.0,152.0
dmsB,524.0,511.0,559.0
dmsC,0.0,0.0,0.0
dmsD,176.0,193.0,188.0
dnaA,296.0,299.0,295.0
dnaB,69.0,50.0,62.0
dnaC,321.0,322.0,324.0
dnaE,179.0,166.0,168.0
dnaG,193.0,221.0,240.0
dnaJ,96.0,157.0,110.0
dnaK,86.0,81.0,79.0
dnaN,95.0,101.0,112.0
dnaQ,108.0,126.0,89.0
dnaT,89.0,87.0,82.0
dnaX,361.0,348.0,326.0
dos,266.0,303.0,267.0
dppA,141.0,123.0,144.0
dppB,2.0,3.0,1.0
dppC,26.0,16.0,22.0
dppD,68.0,66.0,72.0
dppF,9.0,24.0,13.0
dps,10.0,20.0,19.0
dsbA,49.0,62.0,50.0
dsbB,30.0,40.0,29.0
dsbC,246.0,256.0,283.0
dsbG,277.0,244.0,295.0
dsdA,240.0,257.0,231.0
dsdC,121.0,122.0,127.0
dsdX,140.0,132.0,120.0
dsrB,1.0,0.0,1.0
dtd,8.0,8.0,14.0
dusA,212.0,206.0,234.0
dusB,55.0,62.0,77.0
dusC,70.0,90.0,68.0
dut,4.0,3.0,3.0
dxr,16.0,15.0,20.0
dxs,4.0,1.0,3.0
eaeH,124.0,122.0,117.0
eamA,184.0,176.0,155.0
ebgA,274.0,271.0,217.0
ebgC,121.0,134.0,115.0
ebgR,117.0,111.0,125.0
ecfK,185.0,179.0,196.0
ecnA,60.0,62.0,82.0
ecnB,37.0,44.0,42.0
eco,0.0,1.0,1.0
ecpD,146.0,177.0,173.0
eda,0.0,0.0,1.0
edd,240.0,272.0,248.0
efeU,0.0,1.0,2.0
efp,43.0,51.0,41.0
elaA,33.0,30.0,29.0
elaB,5.0,1.0,8.0
elaC,147.0,129.0,165.0
elaD,96.0,96.0,105.0
elbA,79.0,78.0,82.0
elbB,181.0,160.0,153.0
emrA,52.0,48.0,50.0
emrB,66.0,75.0,53.0
emrD,2.0,0.0,1.0
emrE,181.0,179.0,206.0
emrK,307.0,321.0,309.0
emrY,61.0,79.0,74.0
emtA,68.0,89.0,75.0
endA,61.0,63.0,60.0
eno,281.0,245.0,265.0
entA,64.0,44.0,50.0
entB,71.0,69.0,44.0
entC,6.0,12.0,3.0
entD,161.0,156.0,173.0
entE,10.0,18.0,13.0
entF,42.0,38.0,38.0
envC,130.0,146.0,122.0
envR,406.0,402.0,448.0
envY,268.0,277.0,248.0
envZ,78.0,93.0,91.0
epd,259.0,263.0,258.0
eptA,143.0,162.0,146.0
eptB,223.0,237.0,195.0
era,73.0,87.0,82.0
erfK,207.0,168.0,180.0
essD,74.0,86.0,73.0
essQ,178.0,199.0,203.0
etk,175.0,174.0,196.0
etp,145.0,160.0,156.0
eutA,77.0,81.0,86.0
eutB,143.0,124.0,127.0
eutC,4.0,4.0,2.0
eutE,108.0,94.0,114.0
eutG,92.0,99.0,94.0
eutH,71.0,67.0,78.0
eutI,0.0,0.0,0.0
eutJ,2.0,1.0,9.0
eutP,2.0,0.0,3.0
eutQ,0.0,0.0,1.0
eutT,3.0,2.0,1.0
evgA,220.0,237.0,211.0
evgS,244.0,221.0,234.0
exbB,90.0,83.0,70.0
exbD,102.0,89.0,106.0
exoX,130.0,133.0,126.0
exuR,148.0,152.0,125.0
exuT,97.0,91.0,115.0
fabA,25.0,35.0,40.0
fabB,93.0,79.0,77.0
fabD,46.0,45.0,39.0
fabF,192.0,154.0,170.0
fabG,141.0,159.0,165.0
fabH,21.0,22.0,21.0
fabI,10.0,5.0,8.0
fabR,26.0,36.0,37.0
fabZ,180.0,181.0,171.0
fadA,42.0,58.0,44.0
fadB,26.0,23.0,16.0
fadD,96.0,115.0,92.0
fadE,33.0,32.0,32.0
fadH,50.0,37.0,41.0
fadJ,188.0,184.0,193.0
fadK,219.0,226.0,239.0
fadL,177.0,154.0,158.0
fadR,141.0,151.0,119.0
fbaA,125.0,135.0,122.0
fbaB,223.0,241.0,231.0
fbp,64.0,70.0,78.0
fcl,3.0,0.0,2.0
fdhD,97.0,110.0,83.0
fdhE,60.0,65.0,59.0
fdhF,132.0,123.0,121.0
fdnG,332.0,330.0,332.0
fdnH,6.0,9.0,10.0
fdnI,153.0,145.0,151.0
fdoG,277.0,262.0,266.0
fdoH,52.0,44.0,42.0
fdoI,165.0,180.0,157.0
fdrA,213.0,185.0,196.0
fdx,0.0,0.0,1.0
feaB,44.0,45.0,38.0
feaR,353.0,359.0,304.0
fecA,59.0,48.0,51.0
fecB,42.0,40.0,43.0
fecC,6.0,9.0,6.0
fecD,0.0,0.0,0.0
fecE,102.0,105.0,126.0
fecI,0.0,1.0,0.0
fecR,1.0,1.0,0.0
feoA,4.0,2.0,1.0
feoB,134.0,166.0,144.0
fepA,183.0,210.0,208.0
fepB,38.0,34.0,36.0
fepC,101.0,117.0,135.0
fepD,9.0,10.0,12.0
fepE,240.0,252.0,226.0
fepG,0.0,0.0,0.0
fes,61.0,70.0,58.0
ffh,147.0,129.0,157.0
ffs,22710.0,22884.0,22674.0
fhlA,382.0,439.0,429.0
fhuA,251.0,210.0,241.0
fhuB,129.0,125.0,105.0
fhuC,1.0,0.0,3.0
fhuD,151.0,135.0,171.0
fhuE,187.0,179.0,178.0
fhuF,0.0,0.0,1.0
fic,9.0,11.0,8.0
fieF,83.0,85.0,90.0
fimA,243.0,228.0,257.0
fimB,160.0,146.0,153.0
fimC,236.0,218.0,211.0
fimD,148.0,172.0,161.0
fimE,115.0,112.0,133.0
fimF,2.0,12.0,4.0
fimG,0.0,1.0,0.0
fimH,219.0,244.0,248.0
fimI,217.0,225.0,191.0
fimZ,71.0,60.0,66.0
fis,402.0,350.0,369.0
fiu,220.0,219.0,225.0
fixA,104.0,85.0,114.0
fixB,0.0,0.0,0.0
fixC,241.0,216.0,241.0
fixX,147.0,138.0,130.0
fklB,0.0,0.0,0.0
fkpA,317.0,327.0,344.0
fkpB,25.0,22.0,23.0
fldA,298.0,267.0,249.0
fldB,0.0,1.0,1.0
flgA,91.0,103.0,116.0
flgB,93.0,123.0,104.0
flgC,40.0,35.0,59.0
flgD,0.0,1.0,2.0
flgE,178.0,175.0,190.0
flgF,353.0,350.0,350.0
flgG,94.0,81.0,98.0
flgH,257.0,233.0,220.0
flgI,1.0,2.0,1.0
flgJ,55.0,53.0,50.0
flgK,64.0,76.0,83.0
flgL,29.0,20.0,25.0
flgM,35.0,37.0,25.0
flgN,39.0,38.0,42.0
flhA,68.0,78.0,55.0
flhB,5.0,5.0,5.0
flhC,115.0,129.0,102.0
flhD,1.0,1.0,0.0
flhE,2.0,0.0,0.0
fliA,43.0,32.0,41.0
fliC,222.0,240.0,218.0
fliD,210.0,227.0,206.0
fliE,2.0,2.0,1.0
fliF,20.0,15.0,14.0
fliG,151.0,130.0,105.0
fliH,61.0,61.0,70.0
fliI,1.0,1.0,3.0
fliJ,67.0,72.0,75.0
fliK,28.0,21.0,29.0
fliL,1.0,1.0,1.0
fliM,99.0,83.0,102.0
fliN,47.0,54.0,43.0
fliO,5.0,4.0,4.0
fliP,26.0,14.0,9.0
fliQ,22.0,18.0,23.0
fliR,101.0,107.0,100.0
fliS,78.0,75.0,72.0
fliT,2.0,4.0,3.0
fliY,187.0,179.0,194.0
fliZ,100.0,123.0,108.0
flk,70.0,73.0,94.0
flu,23.0,28.0,30.0
flxA,17.0,15.0,21.0
fmt,4.0,5.0,1.0
fnr,7.0,17.0,21.0
focA,39.0,35.0,26.0
focB,2.0,3.0,5.0
folA,167.0,166.0,156.0
folB,15.0,14.0,17.0
folC,124.0,83.0,128.0
folD,140.0,111.0,139.0
folE,52.0,52.0,47.0
folK,288.0,284.0,303.0
folM,336.0,315.0,330.0
folP,15.0,20.0,24.0
folX,32.0,21.0,23.0
fpr,56.0,53.0,57.0
frc,245.0,318.0,247.0
frdA,23.0,21.0,24.0
frdB,14.0,21.0,18.0
frdC,54.0,45.0,47.0
frdD,0.0,0.0,0.0
fre,38.0,31.0,30.0
frlA,15.0,19.0,17.0
frlB,64.0,70.0,66.0
frlC,173.0,129.0,161.0
frlD,1.0,2.0,1.0
frlR,97.0,97.0,88.0
frmA,315.0,276.0,285.0
frmB,290.0,254.0,268.0
frmR,1.0,1.0,0.0
frr,198.0,194.0,214.0
frsA,65.0,70.0,59.0
fruA,96.0,132.0,138.0
fruB,1.0,0.0,1.0
fruK,42.0,39.0,47.0
fruR,23.0,29.0,24.0
frvA,0.0,1.0,1.0
frvB,3.0,1.0,1.0
frvR,109.0,122.0,123.0
frvX,140.0,143.0,174.0
frwB,90.0,124.0,110.0
frwC,0.0,0.0,0.0
frwD,62.0,46.0,58.0
fsaA,62.0,61.0,55.0
fsaB,72.0,72.0,81.0
fsr,137.0,181.0,152.0
ftn,176.0,164.0,170.0
ftsA,254.0,268.0,231.0
ftsB,14.0,12.0,15.0
ftsE,3.0,0.0,0.0
ftsH,286.0,275.0,295.0
ftsI,195.0,187.0,202.0
ftsK,209.0,191.0,197.0
ftsL,0.0,0.0,0.0
ftsN,0.0,1.0,0.0
ftsQ,0.0,2.0,1.0
ftsW,104.0,122.0,96.0
ftsX,221.0,217.0,229.0
ftsY,62.0,65.0,92.0
ftsZ,40.0,43.0,31.0
fucA,135.0,133.0,145.0
fucI,30.0,40.0,23.0
fucK,191.0,158.0,156.0
fucO,4.0,7.0,2.0
fucP,105.0,120.0,103.0
fucR,258.0,263.0,262.0
fucU,203.0,226.0,224.0
fumA,144.0,151.0,168.0
fumB,33.0,32.0,31.0
fumC,158.0,142.0,159.0
fur,351.0,310.0,310.0
fusA,176.0,179.0,173.0
fxsA,163.0,167.0,179.0
gabD,0.0,0.0,0.0
gabP,88.0,90.0,87.0
gabT,3.0,2.0,1.0
gadA,9.0,3.0,9.0
gadB,152.0,142.0,157.0
gadC,151.0,154.0,132.0
gadE,16.0,15.0,17.0
gadW,199.0,181.0,156.0
gadX,524.0,489.0,452.0
galE,246.0,214.0,228.0
galF,195.0,215.0,214.0
galP,79.0,72.0,66.0
galR,106.0,97.0,87.0
galS,198.0,210.0,224.0
galU,171.0,157.0,179.0
gapA,262.0,261.0,245.0
gapC,25.0,36.0,31.0
garD,341.0,332.0,335.0
garK,82.0,95.0,90.0
garL,25.0,26.0,27.0
garP,119.0,114.0,137.0
garR,61.0,50.0,62.0
gatA,168.0,169.0,150.0
gatB,75.0,72.0,79.0
gatC,90.0,117.0,79.0
gatD,250.0,257.0,229.0
gatR,116.0,145.0,137.0
gatY,2.0,0.0,2.0
gatZ,287.0,312.0,258.0
gcd,88.0,73.0,68.0
gcl,214.0,249.0,220.0
gcvA,167.0,161.0,178.0
gcvH,65.0,77.0,92.0
gcvP,41.0,33.0,40.0
gcvR,169.0,176.0,210.0
gcvT,68.0,85.0,55.0
gdhA,100.0,88.0,70.0
gfcD,99.0,101.0,106.0
ggt,96.0,88.0,103.0
ghrB,262.0,283.0,287.0
gidA,173.0,154.0,152.0
gidB,132.0,122.0,98.0
glcA,89.0,90.0,106.0
glcB,106.0,109.0,110.0
glcC,103.0,100.0,113.0
glcD,11.0,6.0,7.0
glcE,7.0,11.0,9.0
glcF,70.0,87.0,79.0
glcG,2.0,2.0,1.0
gldA,171.0,158.0,160.0
glf,203.0,180.0,183.0
glgA,433.0,461.0,443.0
glgB,180.0,189.0,193.0
glgC,378.0,372.0,378.0
glgP,224.0,235.0,242.0
glgS,3.0,8.0,17.0
glgX,67.0,53.0,51.0
glk,69.0,58.0,70.0
glmM,125.0,112.0,123.0
glmS,256.0,256.0,285.0
glmU,31.0,45.0,29.0
glnA,95.0,95.0,97.0
glnB,66.0,67.0,75.0
glnD,108.0,136.0,131.0
glnE,331.0,329.0,337.0
glnG,43.0,38.0,32.0
glnH,292.0,255.0,280.0
glnK,227.0,244.0,246.0
glnL,144.0,163.0,189.0
glnP,31.0,21.0,21.0
glnQ,1.0,0.0,0.0
glnS,367.0,412.0,391.0
gloA,11.0,28.0,22.0
gloB,277.0,276.0,287.0
glpA,263.0,289.0,261.0
glpB,4.0,2.0,3.0
glpC,30.0,34.0,24.0
glpD,516.0,526.0,504.0
glpE,0.0,1.0,2.0
glpF,51.0,34.0,32.0
glpG,2.0,0.0,0.0
glpK,143.0,168.0,134.0
glpQ,221.0,249.0,226.0
glpR,182.0,169.0,194.0
glpT,131.0,108.0,124.0
glpX,1.0,2.0,0.0
gltA,201.0,186.0,211.0
gltB,198.0,184.0,177.0
gltD,1.0,3.0,1.0
gltF,220.0,220.0,226.0
gltI,113.0,137.0,133.0
gltJ,38.0,41.0,48.0
gltK,47.0,39.0,55.0
gltL,2.0,6.0,3.0
gltP,49.0,64.0,41.0
gltS,3.0,3.0,3.0
gltX,46.0,49.0,58.0
glvC,22.0,24.0,32.0
glvG,21.0,25.0,28.0
glxK,56.0,45.0,38.0
glxR,27.0,47.0,45.0
glyA,4.0,6.0,6.0
glyQ,0.0,0.0,0.0
glyS,5.0,3.0,5.0
gmd,81.0,71.0,70.0
gmhB,113.0,123.0,107.0
gmk,123.0,119.0,121.0
gmr,150.0,155.0,146.0
gnd,299.0,308.0,302.0
gnsA,18.0,11.0,13.0
gnsB,41.0,29.0,34.0
gntK,127.0,121.0,129.0
gntP,134.0,119.0,106.0
gntR,78.0,77.0,88.0
gntT,18.0,14.0,16.0
gntU,112.0,95.0,108.0
gntX,22.0,30.0,21.0
gntY,1.0,0.0,3.0
gor,169.0,159.0,174.0
gph,194.0,185.0,148.0
gpmA,23.0,20.0,22.0
gpmI,22.0,24.0,22.0
gpp,33.0,33.0,35.0
gpsA,23.0,15.0,20.0
greA,36.0,50.0,40.0
greB,22.0,26.0,17.0
groL,165.0,198.0,177.0
groS,132.0,151.0,144.0
grpE,2.0,7.0,2.0
grxA,122.0,119.0,131.0
grxB,252.0,225.0,234.0
grxC,0.0,0.0,0.0
grxD,45.0,47.0,40.0
gshA,265.0,256.0,271.0
gshB,33.0,37.0,37.0
gsk,310.0,317.0,327.0
gspA,126.0,118.0,97.0
gspC,218.0,213.0,188.0
gspD,184.0,176.0,165.0
gspE,159.0,168.0,179.0
gspF,77.0,89.0,68.0
gspG,39.0,48.0,31.0
gspH,106.0,102.0,116.0
gspI,130.0,145.0,135.0
gspJ,86.0,85.0,77.0
gspK,268.0,274.0,251.0
gspL,246.0,266.0,253.0
gspM,85.0,84.0,94.0
gspO,139.0,137.0,147.0
gss,218.0,229.0,219.0
gst,57.0,40.0,42.0
guaA,100.0,84.0,85.0
guaB,170.0,195.0,214.0
guaC,490.0,455.0,473.0
guaD,185.0,167.0,168.0
gudD,40.0,25.0,33.0
gudP,101.0,126.0,121.0
gudX,173.0,187.0,208.0
gutM,55.0,49.0,40.0
gutQ,1.0,0.0,0.0
gyrA,121.0,102.0,121.0
gyrB,164.0,168.0,183.0
hcaB,0.0,0.0,0.0
hcaC,14.0,16.0,12.0
hcaD,19.0,24.0,23.0
hcaE,59.0,60.0,73.0
hcaF,83.0,72.0,54.0
hcaR,116.0,119.0,106.0
hcaT,111.0,86.0,84.0
hchA,168.0,172.0,217.0
hcp,89.0,83.0,65.0
hcr,10.0,17.0,9.0
hda,1.0,0.0,1.0
hdeA,7.0,10.0,7.0
hdeB,55.0,45.0,58.0
hdeD,98.0,116.0,103.0
hdfR,180.0,192.0,197.0
hdhA,546.0,572.0,537.0
helD,374.0,349.0,389.0
hemA,3.0,1.0,5.0
hemB,79.0,94.0,87.0
hemC,35.0,34.0,26.0
hemD,2.0,1.0,0.0
hemE,0.0,0.0,1.0
hemF,18.0,9.0,16.0
hemG,95.0,104.0,86.0
hemH,240.0,211.0,231.0
hemL,49.0,47.0,35.0
hemN,0.0,2.0,0.0
hemX,381.0,422.0,401.0
hemY,3.0,11.0,8.0
hepA,120.0,129.0,106.0
hflC,116.0,113.0,111.0
hflD,0.0,2.0,1.0
hflK,0.0,1.0,1.0
hflX,211.0,207.0,225.0
hfq,126.0,130.0,126.0
hha,12.0,13.0,16.0
hinT,40.0,45.0,40.0
hipA,218.0,238.0,213.0
hipB,18.0,23.0,18.0
hisA,0.0,1.0,0.0
hisB,33.0,36.0,23.0
hisC,186.0,129.0,164.0
hisD,2.0,5.0,2.0
hisF,8.0,8.0,13.0
hisG,79.0,87.0,82.0
hisH,1.0,0.0,0.0
hisI,10.0,16.0,8.0
hisJ,256.0,252.0,254.0
hisL,112.0,114.0,124.0
hisM,121.0,118.0,93.0
hisP,3.0,5.0,5.0
hisQ,80.0,86.0,79.0
hisS,50.0,76.0,65.0
hlpA,1.0,0.0,2.0
hlyE,211.0,250.0,272.0
hmp,70.0,65.0,68.0
hns,95.0,99.0,90.0
hofB,161.0,147.0,171.0
hofC,98.0,116.0,94.0
hofQ,36.0,35.0,48.0
hokA,8.0,10.0,15.0
hokB,5.0,8.0,5.0
hokC,556.0,628.0,588.0
hokD,98.0,135.0,103.0
hokE,95.0,90.0,123.0
holA,14.0,8.0,3.0
holB,89.0,102.0,91.0
holC,16.0,13.0,5.0
holD,0.0,0.0,0.0
holE,6.0,9.0,7.0
hpf,32.0,21.0,18.0
hpt,0.0,1.0,2.0
hrpA,188.0,195.0,202.0
hrpB,72.0,76.0,51.0
hscA,105.0,101.0,93.0
hscB,39.0,55.0,44.0
hscC,254.0,288.0,290.0
hsdM,120.0,111.0,96.0
hsdR,398.0,443.0,423.0
hsdS,202.0,176.0,207.0
hslJ,317.0,318.0,381.0
hslO,262.0,216.0,214.0
hslR,31.0,35.0,38.0
hslU,35.0,32.0,42.0
hslV,103.0,79.0,80.0
hspQ,95.0,104.0,107.0
hsrA,88.0,95.0,88.0
htgA,18.0,28.0,29.0
htpG,127.0,156.0,141.0
htpX,0.0,1.0,0.0
htrC,223.0,198.0,219.0
htrE,107.0,147.0,139.0
htrG,115.0,104.0,120.0
htrL,218.0,212.0,188.0
hupA,2.0,2.0,1.0
hupB,376.0,395.0,404.0
hyaA,68.0,59.0,73.0
hyaB,1.0,3.0,1.0
hyaC,74.0,85.0,80.0
hyaD,0.0,0.0,0.0
hyaE,1.0,0.0,1.0
hyaF,35.0,52.0,51.0
hybA,0.0,0.0,0.0
hybB,100.0,115.0,136.0
hybC,152.0,193.0,168.0
hybD,3.0,4.0,4.0
hybE,9.0,16.0,10.0
hybF,24.0,35.0,32.0
hybG,3.0,3.0,1.0
hybO,249.0,253.0,223.0
hycA,59.0,55.0,44.0
hycB,21.0,24.0,18.0
hycC,100.0,130.0,111.0
hycD,0.0,0.0,0.0
hycE,57.0,61.0,40.0
hycF,0.0,0.0,0.0
hycG,19.0,13.0,26.0
hycH,65.0,72.0,64.0
hycI,354.0,349.0,357.0
hydN,1.0,1.0,1.0
hyfA,14.0,10.0,9.0
hyfB,101.0,108.0,105.0
hyfC,122.0,120.0,112.0
hyfD,40.0,54.0,45.0
hyfE,15.0,15.0,13.0
hyfF,49.0,72.0,58.0
hyfG,35.0,43.0,43.0
hyfH,13.0,9.0,9.0
hyfI,0.0,0.0,1.0
hyfJ,127.0,151.0,141.0
hyfR,156.0,150.0,154.0
hyi,367.0,392.0,379.0
hypA,0.0,0.0,0.0
hypB,32.0,39.0,30.0
hypC,2.0,2.0,1.0
hypD,43.0,44.0,23.0
hypE,1.0,2.0,3.0
hypF,0.0,3.0,4.0
hyuA,87.0,82.0,82.0
iaaA,2.0,0.0,0.0
iadA,1.0,4.0,2.0
iap,82.0,87.0,102.0
ibpA,200.0,188.0,165.0
ibpB,2.0,0.0,0.0
icd,151.0,142.0,169.0
icdC,117.0,139.0,132.0
iclR,1.0,0.0,0.0
idi,59.0,90.0,67.0
idnD,132.0,161.0,117.0
idnK,337.0,313.0,327.0
idnO,146.0,150.0,153.0
idnR,117.0,110.0,104.0
idnT,261.0,297.0,277.0
ihfA,142.0,171.0,147.0
ihfB,24.0,26.0,24.0
ileS,42.0,43.0,39.0
ilvA,31.0,37.0,55.0
ilvB,152.0,150.0,160.0
ilvC,224.0,246.0,265.0
ilvD,207.0,202.0,215.0
ilvE,0.0,1.0,4.0
ilvG,21.0,19.0,23.0
ilvH,133.0,162.0,126.0
ilvI,265.0,230.0,225.0
ilvL,0.0,0.0,1.0
ilvM,66.0,65.0,63.0
ilvN,29.0,31.0,25.0
imp,604.0,656.0,683.0
inaA,219.0,209.0,232.0
infA,0.0,0.0,1.0
infB,229.0,233.0,230.0
infC,1.0,1.0,4.0
insA-7,76.0,93.0,87.0
insC-2,33.0,32.0,50.0
insD-2,7.0,8.0,11.0
insE-4,342.0,310.0,323.0
insF-4,78.0,82.0,78.0
insG,215.0,200.0,208.0
insH-1,78.0,87.0,80.0
insH-5,0.0,0.0,0.0
insH-6,10.0,12.0,14.0
insI-1,152.0,187.0,200.0
insI-2,19.0,29.0,16.0
insJ,441.0,415.0,444.0
insK,298.0,305.0,322.0
insL-3,105.0,112.0,101.0
insM,217.0,240.0,184.0
insN-1,3.0,2.0,5.0
insN-2,120.0,89.0,71.0
insO-1,10.0,9.0,9.0
insO-2,203.0,193.0,163.0
intA,213.0,207.0,241.0
intB,258.0,280.0,259.0
intD,229.0,232.0,245.0
intE,203.0,210.0,176.0
intF,101.0,82.0,77.0
intG,170.0,149.0,141.0
intQ,248.0,242.0,225.0
intR,86.0,96.0,96.0
intS,181.0,213.0,174.0
intZ,58.0,56.0,69.0
iraP,113.0,128.0,129.0
iscA,23.0,28.0,21.0
iscR,57.0,64.0,57.0
iscS,8.0,7.0,7.0
iscU,248.0,225.0,239.0
ispA,0.0,1.0,0.0
ispB,153.0,151.0,132.0
ispD,28.0,48.0,25.0
ispE,253.0,269.0,273.0
ispF,56.0,68.0,61.0
ispG,66.0,56.0,75.0
ispH,90.0,89.0,79.0
ispU,142.0,139.0,143.0
ivbL,221.0,191.0,194.0
ivy,116.0,116.0,122.0
kanR,15620.0,15646.0,16068.0
katE,226.0,250.0,255.0
katG,275.0,261.0,245.0
kbaY,40.0,22.0,28.0
kbaZ,4.0,3.0,2.0
kbl,14.0,10.0,13.0
kch,254.0,246.0,260.0
kdgK,3.0,4.0,1.0
kdgR,33.0,45.0,36.0
kdgT,82.0,71.0,94.0
kdpA,105.0,77.0,101.0
kdpB,9.0,6.0,11.0
kdpC,41.0,38.0,28.0
kdpD,124.0,117.0,126.0
kdpE,0.0,1.0,0.0
kdpF,0.0,0.0,0.0
kdsA,94.0,128.0,100.0
kdsB,17.0,14.0,22.0
kdsC,25.0,21.0,22.0
kdsD,102.0,96.0,116.0
kdtA,68.0,60.0,59.0
kduD,71.0,83.0,81.0
kduI,120.0,125.0,124.0
kefA,192.0,189.0,193.0
kefB,105.0,122.0,136.0
kefC,45.0,33.0,36.0
kefF,28.0,19.0,18.0
kefG,70.0,67.0,62.0
kgtP,250.0,230.0,228.0
kil,55.0,69.0,85.0
kptA,202.0,224.0,215.0
ksgA,117.0,108.0,129.0
lafU,27.0,33.0,27.0
lamB,84.0,78.0,73.0
lar,26.0,22.0,27.0
ldcA,119.0,150.0,102.0
ldcC,87.0,98.0,79.0
ldhA,186.0,223.0,183.0
ldrB,40.0,41.0,46.0
ldrC,21.0,19.0,24.0
ldrD,101.0,86.0,91.0
lepA,202.0,205.0,210.0
lepB,35.0,32.0,45.0
leuA,167.0,116.0,130.0
leuB,12.0,7.0,3.0
leuC,188.0,179.0,176.0
leuD,14.0,12.0,21.0
leuL,6.0,10.0,11.0
leuO,149.0,107.0,164.0
leuS,203.0,208.0,206.0
lfhA,6.0,1.0,6.0
lgt,25.0,46.0,24.0
lhr,42.0,39.0,42.0
ligA,257.0,262.0,251.0
ligB,196.0,200.0,184.0
ligT,1.0,1.0,0.0
lipA,2.0,3.0,0.0
lipB,58.0,52.0,56.0
lit,438.0,435.0,476.0
livF,1.0,1.0,3.0
livG,112.0,99.0,115.0
livH,78.0,93.0,74.0
livJ,199.0,187.0,225.0
livK,140.0,132.0,138.0
livM,2.0,0.0,1.0
lldD,313.0,343.0,275.0
lldP,51.0,52.0,60.0
lldR,27.0,31.0,30.0
lnt,0.0,0.0,1.0
lolA,247.0,251.0,253.0
lolB,73.0,80.0,69.0
lolC,40.0,50.0,43.0
lolD,45.0,37.0,50.0
lolE,64.0,65.0,73.0
lomR,119.0,122.0,130.0
lon,175.0,154.0,168.0
lpcA,79.0,100.0,66.0
lpd,118.0,86.0,104.0
lplA,96.0,104.0,97.0
lpp,154.0,142.0,166.0
lpxA,91.0,98.0,84.0
lpxB,54.0,65.0,55.0
lpxC,80.0,80.0,65.0
lpxD,36.0,49.0,25.0
lpxH,0.0,0.0,1.0
lpxK,152.0,149.0,132.0
lpxL,57.0,71.0,62.0
lpxM,61.0,59.0,60.0
lpxP,98.0,93.0,95.0
lrhA,313.0,329.0,315.0
lrp,196.0,202.0,208.0
lspA,56.0,61.0,64.0
lsrA,140.0,129.0,131.0
lsrB,140.0,131.0,153.0
lsrC,3.0,0.0,5.0
lsrD,243.0,263.0,266.0
lsrF,197.0,179.0,180.0
lsrG,95.0,65.0,75.0
lsrK,294.0,276.0,282.0
lsrR,19.0,13.0,16.0
ltaE,13.0,9.0,5.0
luxS,317.0,314.0,288.0
lysA,78.0,77.0,89.0
lysC,20.0,21.0,27.0
lysP,64.0,75.0,71.0
lysR,102.0,118.0,122.0
lysS,228.0,221.0,210.0
lysT--lysQoperon,4530.0,4535.0,4467.0
lysU,162.0,179.0,176.0
lyxK,87.0,92.0,85.0
mCherry,9409.0,9539.0,9401.0
maa,33.0,23.0,31.0
macA,44.0,42.0,58.0
macB,63.0,56.0,63.0
maeB,141.0,130.0,142.0
mak,101.0,86.0,105.0
malF,123.0,161.0,154.0
malG,49.0,51.0,71.0
malI,23.0,14.0,13.0
malK,92.0,108.0,111.0
malM,37.0,29.0,33.0
malP,91.0,86.0,112.0
malQ,227.0,195.0,208.0
malS,51.0,58.0,54.0
malT,227.0,230.0,236.0
malX,101.0,105.0,96.0
malY,302.0,287.0,310.0
malZ,289.0,322.0,297.0
manA,19.0,17.0,18.0
manX,63.0,39.0,48.0
manY,113.0,137.0,128.0
manZ,139.0,136.0,127.0
maoC,120.0,123.0,104.0
map,48.0,63.0,71.0
marA,18.0,17.0,23.0
marB,25.0,27.0,29.0
marC,71.0,63.0,61.0
marR,65.0,46.0,48.0
mazG,121.0,113.0,125.0
mcrA,471.0,457.0,487.0
mcrB,96.0,121.0,127.0
mcrC,168.0,166.0,157.0
mdaB,52.0,65.0,54.0
mdh,61.0,88.0,74.0
mdlA,86.0,91.0,97.0
mdlB,36.0,48.0,39.0
mdoB,69.0,64.0,69.0
mdoC,172.0,178.0,164.0
mdoD,233.0,221.0,240.0
mdoG,319.0,308.0,297.0
mdoH,92.0,96.0,95.0
mdtA,100.0,84.0,74.0
mdtB,220.0,198.0,207.0
mdtC,132.0,121.0,125.0
mdtD,12.0,27.0,15.0
mdtE,10.0,9.0,5.0
mdtF,302.0,350.0,321.0
mdtG,153.0,137.0,127.0
mdtH,0.0,0.0,0.0
mdtI,65.0,59.0,80.0
mdtJ,0.0,3.0,0.0
mdtK,21.0,28.0,22.0
mdtL,45.0,35.0,39.0
mdtQ,208.0,191.0,211.0
melA,172.0,156.0,159.0
melB,273.0,213.0,286.0
melR,124.0,102.0,121.0
menA,33.0,34.0,38.0
menB,13.0,10.0,10.0
menC,43.0,52.0,41.0
menD,0.0,0.0,2.0
menE,21.0,23.0,24.0
menF,12.0,12.0,23.0
mepA,0.0,1.0,1.0
metA,181.0,158.0,161.0
metB,0.0,0.0,0.0
metC,176.0,172.0,183.0
metE,247.0,236.0,229.0
metF,164.0,144.0,159.0
metG,74.0,87.0,107.0
metH,305.0,298.0,308.0
metI,109.0,104.0,135.0
metJ,1.0,1.0,1.0
metK,57.0,57.0,63.0
metL,1.0,0.0,0.0
metN,0.0,1.0,0.0
metQ,43.0,54.0,57.0
metR,2.0,1.0,3.0
mfd,240.0,216.0,242.0
mglA,225.0,221.0,255.0
mglB,161.0,140.0,148.0
mglC,64.0,71.0,51.0
mgsA,1.0,2.0,0.0
mgtA,312.0,306.0,338.0
mhpA,111.0,95.0,89.0
mhpB,0.0,0.0,0.0
mhpC,47.0,78.0,60.0
mhpD,24.0,29.0,23.0
mhpE,16.0,13.0,6.0
mhpF,94.0,114.0,108.0
mhpR,1.0,0.0,0.0
mhpT,1.0,0.0,0.0
miaA,187.0,188.0,184.0
miaB,87.0,67.0,88.0
minC,3.0,0.0,2.0
minD,399.0,412.0,424.0
minE,0.0,3.0,0.0
mioC,0.0,1.0,2.0
mipA,104.0,113.0,116.0
mlrA,60.0,63.0,59.0
mltA,67.0,64.0,62.0
mltB,0.0,1.0,0.0
mltC,179.0,159.0,171.0
mltD,260.0,236.0,222.0
mmuM,0.0,1.0,2.0
mmuP,106.0,106.0,108.0
mngA,89.0,76.0,73.0
mngB,172.0,150.0,162.0
mngR,139.0,129.0,119.0
mnmA,61.0,69.0,86.0
mnmC,58.0,55.0,54.0
mnmE,32.0,37.0,27.0
mntH,165.0,150.0,166.0
mntR,0.0,1.0,2.0
moaA,84.0,109.0,111.0
moaB,3.0,1.0,16.0
moaC,0.0,1.0,0.0
moaD,0.0,0.0,0.0
moaE,6.0,1.0,3.0
mobA,125.0,134.0,156.0
mobB,281.0,280.0,273.0
modA,550.0,551.0,608.0
modB,67.0,78.0,86.0
modC,1.0,0.0,0.0
modE,81.0,93.0,80.0
modF,61.0,57.0,55.0
moeA,90.0,82.0,77.0
moeB,4.0,3.0,4.0
mog,4.0,2.0,6.0
mokB,31.0,44.0,31.0
mokC,25.0,46.0,31.0
molR,771.0,803.0,803.0
motA,40.0,43.0,47.0
motB,152.0,144.0,154.0
mpaA,91.0,90.0,73.0
mpl,20.0,18.0,14.0
mppA,168.0,196.0,160.0
mprA,106.0,110.0,118.0
mqo,3.0,5.0,5.0
mqsR,1.0,0.0,0.0
mraW,0.0,0.0,0.0
mraY,46.0,50.0,48.0
mraZ,2.0,0.0,1.0
mrcA,91.0,95.0,93.0
mrcB,286.0,268.0,281.0
mrdA,80.0,93.0,94.0
mrdB,107.0,110.0,113.0
mreB,66.0,76.0,71.0
mreC,29.0,21.0,26.0
mreD,37.0,52.0,36.0
mrp,52.0,35.0,38.0
mrr,144.0,151.0,168.0
ms2_rev,4.0,6.0,6.0
msbA,293.0,243.0,285.0
mscL,96.0,114.0,99.0
mscS,208.0,205.0,194.0
msrA,42.0,29.0,43.0
msrB,139.0,135.0,120.0
msyB,13.0,18.0,11.0
mtgA,44.0,36.0,37.0
mtlA,235.0,212.0,216.0
mtlD,50.0,38.0,45.0
mtlR,48.0,41.0,44.0
mtn,2.0,2.0,2.0
mtr,73.0,93.0,77.0
mug,40.0,55.0,41.0
mukB,94.0,97.0,82.0
mukE,19.0,21.0,27.0
mukF,282.0,287.0,304.0
murA,3.0,8.0,3.0
murB,84.0,78.0,102.0
murC,21.0,19.0,37.0
murD,159.0,173.0,163.0
murE,1.0,1.0,1.0
murF,104.0,114.0,113.0
murG,23.0,26.0,27.0
murI,161.0,159.0,158.0
murP,1.0,3.0,2.0
mutH,241.0,241.0,220.0
mutL,121.0,96.0,117.0
mutM,10.0,15.0,13.0
mutS,268.0,268.0,271.0
mutT,45.0,34.0,36.0
mutY,289.0,301.0,281.0
mviM,0.0,0.0,2.0
nac,668.0,679.0,704.0
nadA,259.0,270.0,274.0
nadB,34.0,30.0,34.0
nadC,95.0,94.0,100.0
nadD,26.0,32.0,25.0
nadE,158.0,133.0,155.0
nadK,207.0,185.0,180.0
nadR,151.0,148.0,151.0
nagA,122.0,114.0,130.0
nagB,38.0,46.0,40.0
nagC,241.0,220.0,222.0
nagD,2.0,2.0,4.0
nagE,318.0,308.0,315.0
nagK,100.0,94.0,83.0
nagZ,109.0,116.0,105.0
nanA,118.0,136.0,158.0
nanE,39.0,34.0,37.0
nanK,1.0,2.0,0.0
nanR,4.0,3.0,1.0
nanT,34.0,28.0,38.0
napA,80.0,75.0,61.0
napB,138.0,137.0,128.0
napC,40.0,42.0,44.0
napD,125.0,116.0,107.0
napF,15.0,22.0,19.0
napG,19.0,25.0,28.0
napH,62.0,63.0,64.0
narG,0.0,3.0,1.0
narH,8.0,10.0,13.0
narI,8.0,7.0,10.0
narJ,10.0,11.0,17.0
narK,8.0,7.0,9.0
narL,89.0,105.0,103.0
narP,141.0,159.0,154.0
narQ,161.0,192.0,158.0
narU,97.0,114.0,103.0
narV,26.0,21.0,37.0
narW,24.0,41.0,48.0
narX,496.0,474.0,509.0
narY,20.0,13.0,21.0
narZ,147.0,133.0,122.0
ndh,190.0,171.0,156.0
ndk,193.0,170.0,139.0
nei,33.0,34.0,32.0
nemA,30.0,41.0,31.0
nepI,77.0,84.0,80.0
nfi,54.0,58.0,39.0
nfnB,25.0,35.0,26.0
nfo,13.0,19.0,26.0
nfrA,188.0,144.0,176.0
nfrB,76.0,75.0,73.0
nfsA,60.0,53.0,67.0
nhaA,84.0,106.0,83.0
nhaB,795.0,825.0,717.0
nhaR,422.0,428.0,442.0
nhoA,54.0,58.0,48.0
nikA,313.0,271.0,295.0
nikB,8.0,2.0,6.0
nikC,14.0,10.0,13.0
nikD,1.0,2.0,1.0
nikE,188.0,206.0,188.0
nikR,26.0,40.0,27.0
ninE,54.0,40.0,38.0
nirB,335.0,311.0,280.0
nirC,36.0,38.0,35.0
nirD,37.0,31.0,36.0
nlpA,129.0,122.0,118.0
nlpB,135.0,156.0,130.0
nlpC,26.0,17.0,15.0
nlpD,167.0,175.0,165.0
nlpE,72.0,86.0,89.0
nlpI,331.0,372.0,367.0
nmpC,207.0,204.0,205.0
norR,0.0,2.0,1.0
norV,77.0,90.0,86.0
norW,2.0,2.0,0.0
npr,107.0,117.0,99.0
nrdA,110.0,118.0,133.0
nrdB,61.0,49.0,65.0
nrdD,77.0,73.0,81.0
nrdE,211.0,255.0,214.0
nrdF,75.0,79.0,80.0
nrdG,96.0,100.0,103.0
nrdH,0.0,1.0,1.0
nrdI,85.0,90.0,77.0
nrdR,128.0,128.0,122.0
nrfA,90.0,89.0,103.0
nrfB,230.0,266.0,258.0
nrfC,1.0,3.0,1.0
nrfD,96.0,87.0,89.0
nrfE,4.0,2.0,0.0
nrfF,0.0,0.0,1.0
nrfG,18.0,16.0,20.0
nsrR,212.0,203.0,195.0
nth,38.0,45.0,42.0
nudB,514.0,528.0,496.0
nudC,202.0,205.0,153.0
nudD,56.0,61.0,58.0
nudE,65.0,62.0,73.0
nudF,58.0,49.0,41.0
nudG,0.0,0.0,0.0
nudH,153.0,153.0,148.0
nudI,123.0,135.0,146.0
nudJ,60.0,67.0,48.0
nudK,79.0,78.0,56.0
nuoA,27.0,22.0,21.0
nuoB,81.0,57.0,63.0
nuoC,208.0,208.0,179.0
nuoE,1.0,3.0,0.0
nuoF,16.0,28.0,28.0
nuoG,0.0,0.0,0.0
nuoH,22.0,30.0,25.0
nuoI,0.0,0.0,0.0
nuoJ,14.0,17.0,20.0
nuoK,8.0,8.0,7.0
nuoL,5.0,10.0,11.0
nuoM,105.0,138.0,132.0
nuoN,0.0,2.0,0.0
nupC,261.0,285.0,279.0
nupG,240.0,220.0,243.0
nusA,117.0,120.0,119.0
nusB,0.0,0.0,0.0
nusG,135.0,159.0,137.0
obgE,71.0,68.0,69.0
ogrK,9.0,6.0,11.0
ogt,100.0,106.0,103.0
ompA,59.0,55.0,61.0
ompC,300.0,292.0,306.0
ompF,182.0,167.0,179.0
ompG,86.0,104.0,88.0
ompL,174.0,177.0,193.0
ompN,138.0,148.0,139.0
ompR,4.0,4.0,0.0
ompT,186.0,162.0,179.0
ompW,175.0,173.0,197.0
ompX,0.0,1.0,0.0
oppA,62.0,74.0,59.0
oppB,89.0,88.0,83.0
oppC,26.0,21.0,23.0
oppD,113.0,115.0,101.0
oppF,0.0,2.0,0.0
orn,58.0,63.0,39.0
osmB,5.0,14.0,9.0
osmC,62.0,46.0,48.0
osmE,4.0,4.0,6.0
osmY,77.0,74.0,77.0
otsA,171.0,192.0,165.0
otsB,152.0,154.0,157.0
oxc,135.0,145.0,162.0
oxyR,48.0,41.0,37.0
paaA,54.0,58.0,59.0
paaB,16.0,12.0,15.0
paaC,43.0,45.0,62.0
paaD,0.0,1.0,1.0
paaE,108.0,98.0,90.0
paaF,0.0,0.0,1.0
paaG,136.0,132.0,164.0
paaH,133.0,157.0,139.0
paaI,59.0,50.0,59.0
paaJ,265.0,258.0,257.0
paaK,233.0,255.0,219.0
paaX,59.0,52.0,48.0
paaY,130.0,132.0,126.0
pabA,5.0,8.0,4.0
pabB,123.0,126.0,123.0
pabC,82.0,71.0,70.0
pal,4.0,1.0,3.0
panB,2.0,0.0,2.0
panC,58.0,79.0,81.0
panD,1.0,3.0,0.0
panE,86.0,65.0,80.0
panF,6.0,6.0,4.0
parC,134.0,131.0,116.0
parE,58.0,69.0,62.0
pbl,18.0,21.0,15.0
pbpC,2.0,8.0,5.0
pbpG,139.0,136.0,122.0
pck,199.0,182.0,178.0
pcm,10.0,5.0,3.0
pcnB,379.0,356.0,369.0
pdhR,78.0,88.0,87.0
pdxA,191.0,162.0,205.0
pdxB,80.0,81.0,85.0
pdxH,140.0,110.0,114.0
pdxJ,14.0,13.0,20.0
pdxK,0.0,1.0,3.0
pdxY,0.0,3.0,1.0
pepA,85.0,106.0,98.0
pepB,0.0,0.0,0.0
pepD,186.0,182.0,169.0
pepE,2.0,1.0,1.0
pepN,265.0,272.0,263.0
pepP,210.0,225.0,221.0
pepQ,74.0,78.0,65.0
pepT,462.0,471.0,444.0
perR,393.0,417.0,423.0
pfkA,38.0,36.0,29.0
pfkB,83.0,82.0,90.0
pflA,1.0,3.0,0.0
pflB,350.0,407.0,371.0
pflC,66.0,89.0,72.0
pflD,282.0,277.0,286.0
pgaA,179.0,170.0,181.0
pgaB,184.0,210.0,185.0
pgaC,114.0,118.0,145.0
pgaD,199.0,202.0,200.0
pgi,95.0,82.0,84.0
pgk,146.0,145.0,155.0
pgl,311.0,346.0,373.0
pgm,413.0,377.0,391.0
pgpA,17.0,18.0,23.0
pgpB,256.0,259.0,254.0
pgsA,1.0,0.0,0.0
pheA,240.0,262.0,245.0
pheL,7.0,1.0,8.0
pheP,0.0,1.0,1.0
pheT,161.0,155.0,167.0
phnA,55.0,49.0,53.0
phnB,2.0,2.0,1.0
phnC,1.0,1.0,0.0
phnD,2.0,1.0,2.0
phnE,153.0,151.0,132.0
phnF,2.0,2.0,3.0
phnG,0.0,0.0,0.0
phnH,0.0,2.0,0.0
phnI,3.0,0.0,0.0
phnJ,151.0,166.0,156.0
phnK,104.0,114.0,129.0
phnL,1.0,1.0,0.0
phnM,59.0,58.0,92.0
phnN,225.0,240.0,225.0
phnO,1.0,0.0,0.0
phnP,1.0,1.0,0.0
phoA,0.0,0.0,1.0
phoB,0.0,1.0,3.0
phoE,180.0,164.0,161.0
phoH,166.0,149.0,147.0
phoP,362.0,365.0,354.0
phoQ,166.0,183.0,169.0
phoR,159.0,147.0,157.0
phoU,165.0,188.0,167.0
php,50.0,44.0,60.0
phr,259.0,247.0,234.0
pin,70.0,70.0,84.0
pinH,33.0,28.0,38.0
pinQ,193.0,251.0,213.0
pinR,108.0,109.0,94.0
pioO,19.0,15.0,26.0
pitA,30.0,29.0,33.0
pitB,1.0,1.0,1.0
pldA,29.0,27.0,23.0
pldB,0.0,1.0,0.0
plsB,307.0,272.0,290.0
plsC,104.0,126.0,126.0
plsX,276.0,280.0,304.0
pmbA,79.0,63.0,62.0
pmrD,106.0,82.0,102.0
pncA,58.0,63.0,67.0
pncB,247.0,261.0,257.0
pnp,46.0,54.0,65.0
pntA,136.0,147.0,165.0
pntB,317.0,344.0,346.0
pnuC,155.0,163.0,153.0
polA,101.0,111.0,108.0
polB,1.0,0.0,1.0
potA,67.0,62.0,46.0
potB,84.0,76.0,74.0
potC,1.0,1.0,0.0
potD,326.0,339.0,336.0
potE,249.0,264.0,257.0
potF,13.0,33.0,24.0
potG,45.0,52.0,45.0
potH,115.0,143.0,136.0
potI,0.0,1.0,1.0
poxA,35.0,29.0,23.0
poxB,99.0,95.0,119.0
ppa,2.0,1.0,0.0
ppc,236.0,229.0,207.0
ppdA,0.0,0.0,0.0
ppdB,64.0,46.0,60.0
ppdC,0.0,0.0,0.0
ppdD,101.0,113.0,112.0
pphA,341.0,353.0,377.0
pphB,145.0,133.0,145.0
ppiA,2.0,0.0,1.0
ppiB,75.0,54.0,66.0
ppiC,262.0,242.0,298.0
ppiD,223.0,185.0,183.0
ppk,117.0,135.0,120.0
pppA,168.0,162.0,168.0
pps,260.0,273.0,273.0
ppx,138.0,146.0,142.0
pqiA,269.0,258.0,218.0
pqiB,120.0,101.0,111.0
pqqL,42.0,47.0,37.0
prc,138.0,141.0,174.0
prfA,227.0,236.0,218.0
prfB,59.0,83.0,89.0
prfC,40.0,23.0,31.0
prfH,33.0,38.0,29.0
priA,3.0,3.0,1.0
priB,4.0,4.0,1.0
prkB,204.0,231.0,255.0
prlC,316.0,283.0,272.0
prmA,20.0,20.0,20.0
prmB,113.0,109.0,105.0
prmC,18.0,16.0,20.0
proA,104.0,99.0,94.0
proB,2.0,0.0,0.0
proC,53.0,43.0,25.0
proP,230.0,258.0,263.0
proQ,13.0,16.0,15.0
proS,120.0,116.0,116.0
proV,229.0,281.0,291.0
proW,0.0,0.0,0.0
proX,61.0,57.0,49.0
proY,3.0,3.0,1.0
prpB,103.0,79.0,79.0
prpC,0.0,2.0,1.0
prpD,47.0,37.0,26.0
prpE,14.0,15.0,11.0
prpR,122.0,126.0,134.0
prsA,109.0,99.0,115.0
psd,159.0,176.0,178.0
psiE,147.0,166.0,137.0
psiF,52.0,83.0,85.0
pspA,204.0,182.0,180.0
pspB,33.0,27.0,29.0
pspC,50.0,41.0,55.0
pspD,1.0,1.0,0.0
pspE,19.0,26.0,23.0
pspF,221.0,266.0,252.0
pssA,97.0,96.0,109.0
pstA,32.0,40.0,43.0
pstB,45.0,47.0,56.0
pstC,50.0,46.0,42.0
pstS,23.0,25.0,26.0
pta,299.0,295.0,285.0
pth,210.0,226.0,208.0
ptrA,313.0,315.0,286.0
ptrB,127.0,148.0,142.0
ptsA,6.0,4.0,5.0
ptsG,40.0,39.0,31.0
ptsH,117.0,103.0,108.0
ptsI,243.0,238.0,226.0
ptsN,65.0,49.0,43.0
ptsP,40.0,26.0,30.0
purA,337.0,353.0,362.0
purB,94.0,99.0,122.0
purC,11.0,3.0,3.0
purD,35.0,24.0,28.0
purE,46.0,48.0,48.0
purF,52.0,53.0,49.0
purH,339.0,360.0,365.0
purK,57.0,57.0,57.0
purL,550.0,521.0,580.0
purM,90.0,91.0,81.0
purN,5.0,3.0,4.0
purR,360.0,347.0,348.0
purT,19.0,18.0,13.0
purU,182.0,197.0,225.0
putA,46.0,43.0,46.0
putP,175.0,197.0,180.0
puuA,57.0,49.0,50.0
puuB,110.0,111.0,121.0
puuC,27.0,27.0,22.0
puuD,110.0,166.0,142.0
puuE,5.0,4.0,5.0
puuP,267.0,270.0,264.0
puuR,251.0,261.0,280.0
pykA,9.0,8.0,11.0
pykF,127.0,152.0,143.0
pyrB,90.0,75.0,93.0
pyrC,188.0,184.0,173.0
pyrD,239.0,225.0,215.0
pyrE,278.0,275.0,271.0
pyrF,11.0,14.0,7.0
pyrG,427.0,405.0,364.0
pyrH,102.0,98.0,106.0
pyrI,17.0,11.0,21.0
pyrL,23.0,33.0,25.0
qor,49.0,49.0,55.0
qseB,23.0,30.0,29.0
qseC,4.0,1.0,1.0
queA,2.0,3.0,5.0
queC,45.0,54.0,52.0
queF,134.0,138.0,140.0
racC,180.0,184.0,193.0
racR,171.0,168.0,174.0
radA,102.0,113.0,115.0
raiA,105.0,113.0,102.0
rarA,3.0,5.0,5.0
rarD,65.0,65.0,61.0
ravA,134.0,157.0,140.0
rbbA,53.0,54.0,56.0
rbfA,0.0,1.0,2.0
rbn,10.0,16.0,18.0
rbsA,331.0,327.0,329.0
rbsB,33.0,30.0,42.0
rbsC,131.0,102.0,117.0
rbsD,20.0,25.0,17.0
rbsK,245.0,260.0,223.0
rbsR,80.0,60.0,85.0
rcsA,385.0,430.0,396.0
rcsB,80.0,57.0,73.0
rcsC,162.0,143.0,162.0
rcsD,250.0,226.0,253.0
rcsF,102.0,123.0,100.0
rdgC,9.0,9.0,7.0
recA,0.0,1.0,0.0
recB,142.0,145.0,132.0
recC,188.0,186.0,200.0
recD,40.0,59.0,41.0
recE,236.0,200.0,200.0
recF,55.0,77.0,68.0
recG,1.0,5.0,2.0
recJ,123.0,169.0,130.0
recN,218.0,206.0,196.0
recO,57.0,34.0,66.0
recQ,135.0,129.0,155.0
recR,3.0,5.0,8.0
recT,55.0,65.0,59.0
recX,3.0,0.0,0.0
relA,127.0,130.0,145.0
relB,118.0,115.0,85.0
relE,29.0,32.0,12.0
rem,56.0,73.0,75.0
rep,117.0,130.0,138.0
rfaB,127.0,135.0,141.0
rfaC,92.0,109.0,101.0
rfaD,3.0,4.0,5.0
rfaE,35.0,36.0,42.0
rfaF,26.0,25.0,33.0
rfaG,179.0,194.0,149.0
rfaH,33.0,23.0,22.0
rfaI,161.0,179.0,191.0
rfaJ,176.0,213.0,230.0
rfaK,56.0,48.0,47.0
rfaL,283.0,264.0,262.0
rfaP,321.0,310.0,305.0
rfaQ,127.0,160.0,167.0
rfaS,1.0,2.0,3.0
rfaY,114.0,124.0,124.0
rfaZ,153.0,171.0,153.0
rfbA,141.0,135.0,142.0
rfbB,192.0,172.0,199.0
rfbC,693.0,698.0,669.0
rfbD,431.0,398.0,433.0
rfbX,291.0,327.0,331.0
rfe,93.0,81.0,88.0
rffA,172.0,189.0,167.0
rffC,0.0,0.0,0.0
rffD,249.0,229.0,234.0
rffE,218.0,192.0,204.0
rffG,108.0,98.0,89.0
rffH,131.0,154.0,132.0
rffM,233.0,265.0,262.0
rffT,35.0,37.0,24.0
rhaA,0.0,2.0,2.0
rhaB,95.0,107.0,108.0
rhaD,48.0,50.0,41.0
rhaM,0.0,1.0,2.0
rhaR,181.0,196.0,192.0
rhaS,85.0,93.0,73.0
rhaT,39.0,26.0,34.0
rhlB,270.0,280.0,283.0
rhlE,22.0,21.0,36.0
rho,301.0,295.0,292.0
rhoL,1.0,3.0,0.0
rhsA,105.0,96.0,105.0
rhsB,404.0,434.0,435.0
rhsC,277.0,280.0,267.0
rhsD,104.0,106.0,101.0
rhsE,180.0,185.0,181.0
rhtA,6.0,6.0,6.0
rhtB,93.0,115.0,101.0
rhtC,62.0,58.0,66.0
ribA,141.0,156.0,140.0
ribB,52.0,54.0,56.0
ribC,226.0,211.0,215.0
ribD,147.0,151.0,164.0
ribE,3.0,1.0,1.0
ribF,37.0,40.0,35.0
rihA,58.0,37.0,53.0
rihB,207.0,216.0,219.0
rihC,159.0,162.0,143.0
rimI,23.0,13.0,13.0
rimJ,312.0,258.0,258.0
rimK,0.0,0.0,3.0
rimL,331.0,322.0,305.0
rimM,15.0,26.0,26.0
rlmB,33.0,35.0,45.0
rlmL,173.0,159.0,175.0
rlpA,2.0,5.0,4.0
rlpB,49.0,47.0,45.0
rluA,62.0,83.0,66.0
rluB,20.0,20.0,20.0
rluC,4.0,2.0,1.0
rluD,66.0,58.0,58.0
rluE,116.0,130.0,126.0
rluF,32.0,30.0,34.0
rmf,6.0,2.0,2.0
rmuC,0.0,0.0,0.0
rna,287.0,267.0,269.0
rnb,268.0,305.0,255.0
rnc,143.0,138.0,152.0
rnd,164.0,163.0,150.0
rne,401.0,437.0,420.0
rng,27.0,35.0,31.0
rnhA,2.0,2.0,3.0
rnhB,26.0,35.0,24.0
rnk,42.0,36.0,31.0
rnpA,11.0,9.0,11.0
rnr,0.0,1.0,1.0
rnt,6.0,3.0,6.0
rob,16.0,7.0,23.0
rof,117.0,118.0,94.0
rpe,116.0,129.0,107.0
rph,0.0,0.0,2.0
rpiA,108.0,83.0,97.0
rpiB,16.0,13.0,16.0
rpiR,183.0,171.0,183.0
rplA,226.0,208.0,208.0
rplB,4.0,6.0,2.0
rplC,150.0,124.0,171.0
rplD,133.0,126.0,140.0
rplE,108.0,106.0,126.0
rplF,99.0,98.0,86.0
rplI,99.0,107.0,108.0
rplJ,150.0,145.0,158.0
rplK,16.0,19.0,15.0
rplL,550.0,582.0,603.0
rplM,2.0,3.0,0.0
rplN,148.0,169.0,159.0
rplO,199.0,188.0,152.0
rplP,1.0,0.0,2.0
rplQ,60.0,57.0,55.0
rplR,110.0,131.0,117.0
rplS,130.0,125.0,146.0
rplT,126.0,115.0,130.0
rplU,11.0,15.0,11.0
rplV,43.0,40.0,34.0
rplW,81.0,102.0,115.0
rplX,78.0,83.0,83.0
rplY,0.0,1.0,5.0
rpmA,53.0,62.0,54.0
rpmB,0.0,3.0,4.0
rpmC,466.0,488.0,518.0
rpmD,51.0,41.0,55.0
rpmE,0.0,1.0,1.0
rpmF,27.0,33.0,28.0
rpmG,75.0,76.0,60.0
rpmH,5.0,12.0,5.0
rpmI,7.0,7.0,12.0
rpmJ,0.0,3.0,0.0
rpoA,209.0,223.0,244.0
rpoB,213.0,221.0,212.0
rpoC,242.0,284.0,278.0
rpoD,148.0,164.0,174.0
rpoE,171.0,184.0,174.0
rpoH,97.0,106.0,113.0
rpoN,77.0,95.0,89.0
rpoS,235.0,244.0,208.0
rpoZ,69.0,73.0,46.0
rpsA,448.0,389.0,408.0
rpsB,84.0,90.0,63.0
rpsC,119.0,102.0,109.0
rpsD,114.0,139.0,132.0
rpsE,160.0,179.0,171.0
rpsF,19.0,21.0,21.0
rpsG,77.0,88.0,97.0
rpsH,24.0,21.0,26.0
rpsI,0.0,1.0,0.0
rpsJ,2.0,0.0,0.0
rpsK,101.0,94.0,120.0
rpsM,37.0,33.0,45.0
rpsN,174.0,176.0,168.0
rpsO,1.0,0.0,1.0
rpsP,0.0,0.0,0.0
rpsQ,149.0,119.0,170.0
rpsR,30.0,31.0,33.0
rpsS,8.0,9.0,5.0
rpsT,0.0,0.0,2.0
rpsU,18.0,15.0,26.0
rraA,168.0,166.0,167.0
rraB,126.0,137.0,131.0
rrfB,22656.0,23480.0,22705.0
rrmA,236.0,211.0,185.0
rrmJ,240.0,221.0,229.0
rsd,192.0,230.0,204.0
rseA,78.0,82.0,75.0
rseB,499.0,476.0,493.0
rseC,2.0,1.0,0.0
rseP,108.0,119.0,112.0
rsgA,59.0,78.0,59.0
rsmB,30.0,31.0,39.0
rsmC,66.0,65.0,65.0
rspA,147.0,127.0,131.0
rspB,337.0,369.0,371.0
rssA,386.0,364.0,353.0
rssB,105.0,107.0,93.0
rstA,175.0,172.0,183.0
rstB,77.0,92.0,72.0
rsuA,67.0,62.0,63.0
rsxA,92.0,77.0,89.0
rsxB,1.0,4.0,0.0
rsxC,116.0,123.0,141.0
rsxD,5.0,5.0,5.0
rsxE,45.0,57.0,44.0
rsxG,1.0,1.0,1.0
rtcA,3.0,1.0,3.0
rtcB,404.0,358.0,393.0
rtcR,3.0,2.0,0.0
rtn,278.0,280.0,261.0
rumA,181.0,177.0,198.0
rumB,0.0,1.0,0.0
rusA,3.0,9.0,6.0
rutF,43.0,50.0,40.0
ruvA,195.0,177.0,197.0
ruvB,437.0,442.0,478.0
ruvC,0.0,0.0,0.0
rzpR,1.0,0.0,1.0
sanA,100.0,122.0,113.0
sapA,14.0,16.0,20.0
sapB,46.0,50.0,46.0
sapC,2.0,1.0,1.0
sapD,121.0,124.0,132.0
sapF,23.0,36.0,37.0
sbcB,152.0,167.0,155.0
sbcC,160.0,151.0,167.0
sbcD,194.0,211.0,194.0
sbmA,290.0,239.0,262.0
sbmC,205.0,193.0,205.0
sbp,162.0,142.0,123.0
sdaA,81.0,105.0,87.0
sdaB,168.0,168.0,193.0
sdaC,155.0,179.0,164.0
sdhA,0.0,0.0,0.0
sdhB,24.0,30.0,34.0
sdhC,157.0,203.0,167.0
sdhD,1.0,2.0,0.0
sdiA,540.0,503.0,498.0
secA,346.0,377.0,367.0
secB,29.0,26.0,43.0
secD,155.0,155.0,182.0
secE,0.0,0.0,1.0
secF,104.0,98.0,86.0
secG,201.0,197.0,177.0
secM,103.0,97.0,86.0
secY,65.0,71.0,86.0
selA,87.0,80.0,95.0
selB,3.0,6.0,4.0
selD,48.0,29.0,41.0
seqA,43.0,53.0,41.0
serA,271.0,297.0,296.0
serB,9.0,9.0,10.0
serC,389.0,366.0,403.0
serS,184.0,149.0,163.0
serV,14704.0,14706.0,14058.0
setA,157.0,126.0,137.0
setB,70.0,62.0,65.0
setC,88.0,103.0,84.0
sfcA,233.0,246.0,262.0
sfmA,180.0,164.0,149.0
sfmC,101.0,89.0,92.0
sfmD,70.0,66.0,78.0
sfmF,365.0,302.0,338.0
sfmH,175.0,180.0,192.0
sfsA,82.0,74.0,85.0
sfsB,4.0,1.0,1.0
sgbE,1.0,2.0,1.0
sgbH,0.0,1.0,1.0
sgbU,149.0,129.0,138.0
sgcA,52.0,51.0,50.0
sgcB,73.0,77.0,90.0
sgcC,185.0,171.0,179.0
sgcE,156.0,122.0,141.0
sgcQ,47.0,51.0,53.0
sgcR,239.0,259.0,242.0
sgcX,19.0,30.0,30.0
sgrR,40.0,42.0,54.0
shiA,290.0,285.0,283.0
sieB,248.0,274.0,270.0
sirA,166.0,125.0,153.0
sixA,69.0,88.0,70.0
slp,277.0,298.0,256.0
slt,89.0,97.0,96.0
slyA,217.0,239.0,225.0
slyB,157.0,138.0,136.0
slyD,7.0,7.0,10.0
slyX,29.0,39.0,40.0
smf,269.0,238.0,219.0
smg,282.0,339.0,281.0
smpA,63.0,66.0,63.0
smpB,16.0,13.0,8.0
smtA,186.0,195.0,193.0
sodA,27.0,29.0,33.0
sodB,379.0,376.0,380.0
sodC,1.0,2.0,0.0
sohA,133.0,137.0,132.0
sohB,273.0,262.0,242.0
solA,1.0,2.0,1.0
soxR,3.0,3.0,0.0
soxS,56.0,55.0,36.0
speA,283.0,322.0,337.0
speB,49.0,42.0,46.0
speC,228.0,195.0,227.0
speD,170.0,181.0,161.0
speE,54.0,45.0,48.0
speF,260.0,289.0,244.0
speG,149.0,202.0,157.0
spoT,180.0,195.0,202.0
spoU,0.0,2.0,0.0
sppA,69.0,75.0,75.0
spr,258.0,244.0,251.0
sprT,34.0,39.0,36.0
spy,78.0,76.0,73.0
sra,16.0,32.0,28.0
srlA,13.0,5.0,5.0
srlB,19.0,11.0,12.0
srlD,11.0,14.0,17.0
srlE,46.0,63.0,64.0
srlR,96.0,96.0,92.0
srmB,22.0,25.0,22.0
ssb,0.0,0.0,2.0
sscR,6.0,4.0,6.0
sseA,209.0,211.0,223.0
sseB,235.0,233.0,235.0
ssnA,153.0,177.0,174.0
sspA,0.0,0.0,0.0
sspB,1.0,2.0,4.0
sstT,113.0,118.0,131.0
ssuA,35.0,19.0,31.0
ssuB,16.0,11.0,11.0
ssuC,25.0,36.0,30.0
ssuD,0.0,3.0,2.0
ssuE,26.0,28.0,25.0
stfE,62.0,47.0,73.0
stfQ,216.0,219.0,206.0
stfR,177.0,184.0,185.0
sthA,162.0,160.0,188.0
stpA,55.0,63.0,56.0
sucA,2.0,3.0,1.0
sucB,1.0,1.0,3.0
sucC,94.0,81.0,112.0
sucD,5.0,6.0,5.0
sufA,83.0,73.0,82.0
sufB,93.0,80.0,82.0
sufC,159.0,168.0,167.0
sufD,218.0,200.0,231.0
sufE,26.0,36.0,26.0
sufI,4.0,6.0,9.0
sufS,267.0,272.0,271.0
sugE,1.0,0.0,0.0
suhB,607.0,666.0,564.0
sulA,300.0,274.0,321.0
surA,128.0,105.0,106.0
surE,9.0,10.0,15.0
sxy,4.0,4.0,0.0
syd,223.0,230.0,236.0
tadA,9.0,4.0,4.0
tag,233.0,248.0,248.0
talA,169.0,165.0,154.0
talB,104.0,83.0,100.0
tam,1.0,1.0,0.0
tap,33.0,30.0,42.0
tar,213.0,213.0,193.0
tas,45.0,44.0,51.0
tatA,59.0,70.0,63.0
tatB,3.0,6.0,6.0
tatC,37.0,22.0,36.0
tatD,1.0,2.0,3.0
tatE,1.0,0.0,1.0
tauA,33.0,32.0,35.0
tauB,0.0,0.0,0.0
tauC,106.0,103.0,121.0
tauD,165.0,130.0,148.0
tbpA,54.0,61.0,58.0
tdcA,137.0,146.0,139.0
tdcB,192.0,191.0,185.0
tdcC,109.0,100.0,109.0
tdcD,53.0,55.0,55.0
tdcE,222.0,234.0,246.0
tdcF,4.0,2.0,1.0
tdcG,252.0,264.0,290.0
tdcR,115.0,110.0,121.0
tdh,36.0,46.0,40.0
tdk,86.0,90.0,85.0
tehA,28.0,29.0,23.0
tehB,93.0,92.0,94.0
tesA,92.0,83.0,107.0
tesB,0.0,2.0,4.0
tetR,5620.0,5623.0,5581.0
tfaE,453.0,476.0,504.0
tfaS,80.0,92.0,115.0
tfaX,2.0,0.0,0.0
tff,68216.0,68647.0,68021.0
tgt,215.0,223.0,214.0
thiC,3.0,7.0,11.0
thiD,1.0,4.0,0.0
thiE,0.0,0.0,0.0
thiF,3.0,7.0,4.0
thiG,1.0,0.0,1.0
thiH,53.0,37.0,41.0
thiI,254.0,254.0,225.0
thiK,62.0,48.0,58.0
thiL,168.0,183.0,205.0
thiM,12.0,37.0,18.0
thiP,0.0,0.0,0.0
thiQ,1.0,0.0,3.0
thiS,22.0,10.0,26.0
thrA,153.0,147.0,140.0
thrB,1.0,2.0,0.0
thrC,27.0,18.0,45.0
thrS,166.0,166.0,156.0
thrU---thrToperon,6173.0,6445.0,6053.0
thyA,60.0,43.0,56.0
tig,273.0,310.0,295.0
tilS,75.0,70.0,79.0
tktA,156.0,140.0,171.0
tktB,23.0,23.0,25.0
tldD,73.0,82.0,71.0
tmk,122.0,144.0,127.0
tnaA,58.0,49.0,53.0
tnaB,87.0,77.0,73.0
tnaC,0.0,1.0,4.0
tolA,277.0,254.0,256.0
tolB,135.0,165.0,154.0
tolC,129.0,139.0,155.0
tolQ,333.0,309.0,286.0
tolR,65.0,62.0,44.0
tonB,76.0,79.0,56.0
topA,213.0,227.0,243.0
topB,4.0,0.0,4.0
torA,303.0,300.0,339.0
torC,307.0,275.0,286.0
torD,6.0,3.0,4.0
torI,168.0,214.0,213.0
torR,43.0,50.0,55.0
torS,196.0,223.0,247.0
torT,206.0,210.0,191.0
torY,196.0,212.0,221.0
torZ,76.0,111.0,101.0
tpiA,110.0,105.0,123.0
tppB,274.0,255.0,231.0
tpr,18.0,17.0,9.0
tpx,117.0,101.0,94.0
tqsA,135.0,140.0,134.0
traY,2.0,0.0,3.0
treA,152.0,177.0,172.0
treB,47.0,33.0,62.0
treC,24.0,15.0,23.0
treF,33.0,22.0,29.0
treR,105.0,116.0,107.0
trg,154.0,181.0,176.0
trkA,156.0,164.0,163.0
trkD,108.0,115.0,110.0
trkG,310.0,299.0,321.0
trkH,81.0,69.0,71.0
trmA,130.0,135.0,140.0
trmD,7.0,10.0,7.0
trmI,85.0,78.0,80.0
trpB,1.0,0.0,0.0
trpC,8.0,10.0,10.0
trpD,26.0,24.0,31.0
trpE,5.0,7.0,6.0
trpH,21.0,21.0,20.0
trpR,35.0,39.0,32.0
trpS,146.0,153.0,155.0
truA,86.0,81.0,59.0
truB,18.0,21.0,25.0
truC,21.0,19.0,25.0
truD,142.0,116.0,131.0
trxB,4.0,3.0,5.0
trxC,136.0,134.0,134.0
tsf,1.0,3.0,2.0
tsgA,17.0,17.0,13.0
tsr,307.0,313.0,300.0
tsx,32.0,27.0,27.0
ttcA,150.0,143.0,142.0
ttdA,103.0,84.0,84.0
ttdB,13.0,22.0,18.0
ttk,135.0,155.0,151.0
tufA,0.0,3.0,4.0
tufB,4.0,2.0,2.0
tus,103.0,109.0,108.0
tynA,282.0,288.0,304.0
tyrA,120.0,123.0,127.0
tyrB,24.0,42.0,37.0
tyrP,247.0,262.0,253.0
tyrR,202.0,229.0,215.0
tyrS,36.0,32.0,46.0
tyrT,30474.0,30841.0,28792.0
ubiA,247.0,267.0,256.0
ubiB,355.0,332.0,336.0
ubiC,3.0,5.0,5.0
ubiD,213.0,215.0,191.0
ubiE,36.0,40.0,44.0
ubiF,61.0,71.0,80.0
ubiG,32.0,31.0,34.0
ubiH,35.0,36.0,33.0
ubiX,151.0,129.0,174.0
ucpA,2.0,1.0,1.0
udk,52.0,67.0,51.0
udp,44.0,36.0,34.0
ugd,159.0,156.0,155.0
ugpA,43.0,37.0,41.0
ugpB,10.0,14.0,16.0
ugpC,0.0,1.0,1.0
ugpE,1.0,0.0,1.0
ugpQ,29.0,35.0,29.0
uhpA,41.0,34.0,39.0
uhpB,5.0,3.0,4.0
uhpC,57.0,50.0,49.0
uhpT,127.0,102.0,112.0
uidB,62.0,68.0,82.0
uidC,194.0,212.0,210.0
uidR,47.0,38.0,46.0
ulaA,58.0,72.0,65.0
ulaB,5.0,5.0,10.0
ulaC,0.0,0.0,2.0
ulaD,1.0,1.0,1.0
ulaE,276.0,304.0,279.0
ulaF,100.0,94.0,107.0
ulaG,161.0,172.0,158.0
ulaR,143.0,166.0,167.0
umuC,190.0,191.0,183.0
umuD,66.0,72.0,58.0
ung,1.0,0.0,0.0
upp,3.0,3.0,1.0
uraA,123.0,140.0,127.0
usg,4.0,2.0,2.0
ushA,123.0,123.0,127.0
uspA,28.0,41.0,28.0
uspB,52.0,52.0,45.0
uspE,72.0,91.0,89.0
uspF,78.0,66.0,71.0
uspG,80.0,73.0,71.0
uup,172.0,222.0,179.0
uvrA,163.0,174.0,168.0
uvrB,99.0,120.0,138.0
uvrC,182.0,185.0,162.0
uvrD,9.0,7.0,7.0
uvrY,129.0,128.0,109.0
uxaA,3.0,1.0,2.0
uxaB,164.0,182.0,176.0
uxaC,320.0,339.0,277.0
uxuA,29.0,31.0,33.0
uxuB,4.0,2.0,5.0
uxuR,81.0,81.0,76.0
vacJ,6.0,6.0,9.0
valS,341.0,324.0,353.0
vapC,2458.0,2415.0,2578.0
viaA,41.0,38.0,45.0
visC,243.0,226.0,246.0
vsr,10.0,10.0,7.0
wbbH,210.0,165.0,182.0
wbbI,256.0,241.0,246.0
wbbJ,40.0,31.0,42.0
wbbK,123.0,122.0,146.0
wbbL,78.0,99.0,108.0
wcaA,26.0,33.0,22.0
wcaB,8.0,10.0,6.0
wcaC,21.0,21.0,17.0
wcaD,149.0,110.0,141.0
wcaE,288.0,282.0,300.0
wcaF,19.0,15.0,20.0
wcaI,136.0,147.0,117.0
wcaJ,306.0,260.0,309.0
wcaK,77.0,106.0,87.0
wcaL,37.0,57.0,36.0
wcaM,145.0,167.0,161.0
wrbA,2.0,4.0,1.0
wza,149.0,165.0,174.0
wzb,1.0,4.0,0.0
wzc,145.0,119.0,139.0
wzxC,96.0,122.0,98.0
wzxE,70.0,70.0,74.0
wzyE,11.0,23.0,15.0
wzzE,0.0,1.0,2.0
xapA,206.0,211.0,207.0
xapB,69.0,85.0,81.0
xapR,26.0,25.0,17.0
xdhA,347.0,338.0,340.0
xdhB,150.0,144.0,138.0
xdhC,16.0,30.0,15.0
xdhD,262.0,295.0,263.0
xerC,133.0,156.0,113.0
xerD,187.0,184.0,159.0
xni,261.0,204.0,246.0
xseA,73.0,76.0,65.0
xseB,0.0,0.0,1.0
xthA,48.0,53.0,71.0
xylA,210.0,248.0,206.0
xylB,143.0,116.0,126.0
xylE,160.0,187.0,177.0
xylF,188.0,233.0,214.0
xylG,281.0,276.0,271.0
xylH,80.0,61.0,84.0
xylR,196.0,226.0,207.0
yaaA,252.0,276.0,272.0
yaaH,49.0,54.0,64.0
yaaI,78.0,84.0,100.0
yaaJ,273.0,291.0,285.0
yaaU,171.0,186.0,186.0
yaaW,109.0,101.0,123.0
yaaX,2.0,0.0,1.0
yaaY,1.0,0.0,0.0
yabI,222.0,236.0,244.0
yabP,503.0,509.0,514.0
yacC,0.0,0.0,2.0
yacF,153.0,175.0,147.0
yacG,0.0,2.0,1.0
yacH,53.0,51.0,54.0
yacL,0.0,1.0,1.0
yadB,25.0,25.0,25.0
yadC,288.0,273.0,276.0
yadD,181.0,190.0,170.0
yadE,93.0,83.0,83.0
yadG,140.0,140.0,141.0
yadH,199.0,187.0,198.0
yadI,30.0,41.0,35.0
yadK,472.0,454.0,490.0
yadL,328.0,332.0,308.0
yadM,338.0,353.0,397.0
yadN,248.0,253.0,263.0
yadR,64.0,50.0,58.0
yadS,59.0,42.0,64.0
yaeB,1.0,0.0,0.0
yaeF,498.0,486.0,454.0
yaeH,54.0,58.0,58.0
yaeI,188.0,190.0,206.0
yaeJ,2.0,6.0,2.0
yaeP,0.0,0.0,4.0
yaeQ,52.0,46.0,39.0
yaeR,39.0,37.0,52.0
yafC,192.0,200.0,198.0
yafD,68.0,60.0,44.0
yafE,167.0,196.0,190.0
yafF,64.0,68.0,83.0
yafJ,3.0,2.0,4.0
yafK,194.0,192.0,185.0
yafL,199.0,207.0,201.0
yafM,111.0,120.0,142.0
yafN,55.0,51.0,42.0
yafO,279.0,301.0,273.0
yafP,32.0,48.0,32.0
yafQ,76.0,62.0,83.0
yafS,143.0,151.0,134.0
yafT,241.0,253.0,260.0
yafU,150.0,149.0,167.0
yafV,33.0,36.0,27.0
yafW,78.0,85.0,77.0
yafX,27.0,44.0,33.0
yafY,5.0,7.0,7.0
yafZ,6.0,3.0,8.0
yagA,0.0,0.0,0.0
yagB,54.0,52.0,55.0
yagE,4.0,3.0,0.0
yagF,3.0,1.0,0.0
yagG,0.0,1.0,0.0
yagH,59.0,44.0,43.0
yagI,7.0,12.0,1.0
yagJ,441.0,456.0,446.0
yagK,400.0,410.0,401.0
yagL,478.0,436.0,472.0
yagM,221.0,234.0,217.0
yagN,81.0,64.0,76.0
yagP,59.0,59.0,50.0
yagQ,5.0,11.0,6.0
yagR,9.0,12.0,12.0
yagS,10.0,7.0,14.0
yagT,17.0,6.0,13.0
yagU,187.0,191.0,213.0
yagV,381.0,355.0,344.0
yagW,42.0,71.0,44.0
yagX,259.0,253.0,264.0
yagY,62.0,55.0,50.0
yagZ,72.0,71.0,66.0
yahA,164.0,161.0,169.0
yahB,162.0,194.0,181.0
yahC,191.0,178.0,192.0
yahD,292.0,319.0,307.0
yahE,228.0,212.0,240.0
yahF,38.0,40.0,13.0
yahG,26.0,29.0,38.0
yahH,33.0,41.0,32.0
yahI,111.0,116.0,113.0
yahJ,2.0,1.0,1.0
yahK,160.0,170.0,180.0
yahL,271.0,290.0,262.0
yahM,104.0,113.0,116.0
yahN,99.0,105.0,125.0
yahO,26.0,35.0,32.0
yaiA,5.0,6.0,6.0
yaiC,79.0,68.0,85.0
yaiE,42.0,54.0,43.0
yaiI,3.0,0.0,0.0
yaiL,288.0,297.0,230.0
yaiO,164.0,164.0,152.0
yaiP,97.0,90.0,93.0
yaiS,129.0,110.0,126.0
yaiT,763.0,719.0,729.0
yaiV,135.0,134.0,115.0
yaiW,144.0,127.0,132.0
yaiX,203.0,233.0,220.0
yaiY,0.0,1.0,0.0
yaiZ,18.0,32.0,20.0
yajC,179.0,189.0,212.0
yajD,147.0,152.0,135.0
yajG,2.0,1.0,3.0
yajI,30.0,32.0,30.0
yajL,22.0,23.0,25.0
yajO,21.0,9.0,16.0
yajQ,16.0,20.0,25.0
yajR,120.0,118.0,103.0
ybaA,90.0,98.0,85.0
ybaB,28.0,32.0,32.0
ybaE,212.0,202.0,213.0
ybaJ,40.0,31.0,40.0
ybaK,10.0,8.0,6.0
ybaL,15.0,16.0,9.0
ybaM,94.0,77.0,79.0
ybaN,13.0,9.0,11.0
ybaO,0.0,0.0,1.0
ybaP,33.0,17.0,35.0
ybaQ,894.0,926.0,921.0
ybaS,205.0,192.0,171.0
ybaT,57.0,74.0,69.0
ybaV,0.0,0.0,0.0
ybaW,60.0,64.0,53.0
ybaY,32.0,29.0,32.0
ybaZ,100.0,121.0,99.0
ybbA,5.0,9.0,3.0
ybbB,20.0,12.0,20.0
ybbC,72.0,86.0,78.0
ybbD,24.0,33.0,25.0
ybbJ,0.0,4.0,0.0
ybbK,178.0,220.0,220.0
ybbL,553.0,525.0,572.0
ybbM,84.0,99.0,70.0
ybbN,0.0,1.0,4.0
ybbO,74.0,66.0,72.0
ybbP,80.0,69.0,68.0
ybbS,113.0,93.0,95.0
ybbV,150.0,126.0,142.0
ybbW,30.0,31.0,19.0
ybbY,73.0,78.0,57.0
ybcF,3.0,0.0,2.0
ybcH,26.0,23.0,30.0
ybcI,5.0,7.0,8.0
ybcJ,4.0,0.0,1.0
ybcK,242.0,257.0,233.0
ybcL,217.0,207.0,217.0
ybcM,274.0,226.0,256.0
ybcN,42.0,28.0,50.0
ybcO,6.0,3.0,2.0
ybcQ,14.0,21.0,17.0
ybcS,299.0,311.0,332.0
ybcY,230.0,221.0,234.0
ybdA,18.0,11.0,12.0
ybdB,17.0,11.0,6.0
ybdD,66.0,84.0,65.0
ybdF,1.0,1.0,0.0
ybdG,352.0,380.0,370.0
ybdH,23.0,29.0,33.0
ybdJ,0.0,0.0,0.0
ybdK,35.0,34.0,33.0
ybdL,6.0,4.0,7.0
ybdM,134.0,136.0,139.0
ybdN,66.0,66.0,76.0
ybdO,176.0,159.0,147.0
ybdR,160.0,166.0,178.0
ybdZ,22.0,27.0,17.0
ybeA,1.0,0.0,0.0
ybeB,1.0,1.0,3.0
ybeD,230.0,228.0,244.0
ybeF,276.0,277.0,277.0
ybeL,1.0,4.0,0.0
ybeM,4.0,5.0,4.0
ybeQ,145.0,139.0,165.0
ybeR,106.0,91.0,108.0
ybeT,185.0,220.0,183.0
ybeU,265.0,260.0,219.0
ybeX,314.0,281.0,300.0
ybeY,130.0,100.0,147.0
ybeZ,103.0,88.0,88.0
ybfA,0.0,1.0,3.0
ybfB,64.0,82.0,72.0
ybfC,77.0,75.0,75.0
ybfD,337.0,297.0,295.0
ybfE,83.0,80.0,69.0
ybfF,89.0,98.0,88.0
ybfG,415.0,454.0,395.0
ybfL,258.0,253.0,261.0
ybfM,90.0,102.0,101.0
ybfN,27.0,18.0,15.0
ybfO,276.0,279.0,239.0
ybfP,249.0,231.0,258.0
ybfQ,137.0,102.0,110.0
ybgA,263.0,297.0,275.0
ybgC,45.0,38.0,40.0
ybgD,139.0,145.0,146.0
ybgE,0.0,0.0,0.0
ybgF,108.0,78.0,100.0
ybgH,228.0,245.0,224.0
ybgI,1.0,1.0,2.0
ybgJ,3.0,2.0,2.0
ybgK,0.0,2.0,0.0
ybgL,3.0,10.0,5.0
ybgO,239.0,231.0,225.0
ybgP,205.0,222.0,201.0
ybgQ,166.0,163.0,137.0
ybgS,49.0,35.0,45.0
ybgT,2.0,0.0,2.0
ybhA,251.0,199.0,226.0
ybhB,89.0,74.0,91.0
ybhC,22.0,20.0,22.0
ybhD,375.0,365.0,385.0
ybhF,17.0,18.0,25.0
ybhG,1.0,1.0,0.0
ybhH,139.0,152.0,130.0
ybhI,260.0,263.0,260.0
ybhJ,96.0,79.0,82.0
ybhK,131.0,156.0,142.0
ybhL,103.0,101.0,102.0
ybhM,230.0,221.0,194.0
ybhN,153.0,156.0,181.0
ybhO,263.0,251.0,262.0
ybhP,15.0,22.0,18.0
ybhQ,2.0,0.0,1.0
ybhR,22.0,14.0,27.0
ybhS,2.0,7.0,11.0
ybhT,115.0,86.0,97.0
ybiA,72.0,81.0,84.0
ybiB,2.0,0.0,2.0
ybiC,121.0,111.0,125.0
ybiH,0.0,0.0,0.0
ybiI,0.0,0.0,1.0
ybiJ,1.0,2.0,4.0
ybiM,1.0,0.0,0.0
ybiN,142.0,152.0,135.0
ybiO,166.0,165.0,167.0
ybiP,183.0,168.0,183.0
ybiR,141.0,144.0,133.0
ybiS,175.0,173.0,181.0
ybiT,21.0,30.0,32.0
ybiU,0.0,0.0,0.0
ybiV,266.0,263.0,288.0
ybiW,170.0,185.0,194.0
ybiX,66.0,73.0,81.0
ybiY,113.0,97.0,111.0
ybjC,19.0,26.0,26.0
ybjD,28.0,31.0,37.0
ybjE,98.0,103.0,108.0
ybjG,1.0,6.0,3.0
ybjH,31.0,36.0,54.0
ybjI,112.0,107.0,124.0
ybjJ,11.0,16.0,19.0
ybjK,41.0,31.0,46.0
ybjL,265.0,235.0,264.0
ybjM,2.0,2.0,3.0
ybjN,113.0,91.0,95.0
ybjO,159.0,163.0,175.0
ybjP,16.0,14.0,11.0
ybjQ,0.0,0.0,0.0
ybjR,0.0,1.0,1.0
ybjS,52.0,47.0,40.0
ybjT,22.0,13.0,19.0
ybjX,166.0,177.0,147.0
ycaC,174.0,190.0,160.0
ycaD,44.0,41.0,37.0
ycaI,121.0,128.0,117.0
ycaJ,196.0,202.0,183.0
ycaK,378.0,411.0,383.0
ycaL,352.0,354.0,354.0
ycaM,187.0,188.0,192.0
ycaN,350.0,330.0,342.0
ycaO,359.0,352.0,370.0
ycaP,645.0,576.0,557.0
ycaQ,151.0,131.0,127.0
ycaR,11.0,9.0,23.0
ycbB,96.0,104.0,82.0
ycbC,105.0,95.0,99.0
ycbF,129.0,142.0,161.0
ycbG,175.0,175.0,153.0
ycbJ,534.0,510.0,559.0
ycbK,310.0,295.0,301.0
ycbL,0.0,0.0,0.0
ycbQ,371.0,338.0,353.0
ycbR,180.0,201.0,191.0
ycbS,107.0,101.0,119.0
ycbT,360.0,393.0,360.0
ycbU,86.0,62.0,83.0
ycbV,90.0,99.0,115.0
ycbW,215.0,202.0,201.0
ycbX,54.0,47.0,38.0
ycbZ,241.0,272.0,227.0
yccA,49.0,58.0,49.0
yccE,432.0,461.0,442.0
yccF,163.0,197.0,212.0
yccJ,331.0,311.0,291.0
yccK,109.0,122.0,91.0
yccM,105.0,107.0,112.0
yccS,463.0,446.0,445.0
yccT,80.0,59.0,71.0
yccU,2.0,4.0,4.0
yccW,151.0,159.0,141.0
yccX,35.0,31.0,41.0
yccZ,266.0,254.0,251.0
ycdB,22.0,20.0,26.0
ycdC,41.0,33.0,36.0
ycdG,36.0,34.0,41.0
ycdI,48.0,43.0,49.0
ycdK,15.0,25.0,15.0
ycdL,0.0,0.0,0.0
ycdM,125.0,106.0,133.0
ycdO,90.0,85.0,93.0
ycdT,153.0,171.0,160.0
ycdU,169.0,147.0,152.0
ycdW,282.0,273.0,290.0
ycdX,64.0,74.0,65.0
ycdY,149.0,139.0,133.0
ycdZ,46.0,49.0,35.0
yceA,200.0,225.0,201.0
yceB,45.0,29.0,31.0
yceD,3.0,4.0,4.0
yceF,55.0,56.0,64.0
yceG,183.0,161.0,187.0
yceH,152.0,143.0,164.0
yceI,192.0,234.0,224.0
yceJ,1.0,0.0,0.0
yceK,1.0,0.0,3.0
yceN,15.0,6.0,18.0
yceO,97.0,122.0,122.0
yceQ,34.0,42.0,37.0
ycfD,169.0,193.0,189.0
ycfH,165.0,212.0,200.0
ycfJ,56.0,46.0,67.0
ycfK,53.0,36.0,45.0
ycfL,61.0,90.0,70.0
ycfM,45.0,23.0,38.0
ycfP,154.0,173.0,183.0
ycfQ,119.0,92.0,104.0
ycfS,283.0,297.0,285.0
ycfT,108.0,119.0,123.0
ycfZ,164.0,209.0,173.0
ycgB,299.0,300.0,284.0
ycgE,387.0,383.0,386.0
ycgF,194.0,199.0,196.0
ycgG,199.0,193.0,191.0
ycgH,487.0,476.0,487.0
ycgI,0.0,0.0,0.0
ycgJ,55.0,30.0,36.0
ycgK,24.0,26.0,19.0
ycgL,35.0,42.0,33.0
ycgM,17.0,10.0,7.0
ycgN,69.0,66.0,60.0
ycgR,0.0,2.0,2.0
ycgV,247.0,267.0,244.0
ycgX,39.0,38.0,45.0
ycgY,155.0,149.0,154.0
ycgZ,128.0,129.0,156.0
ychA,239.0,258.0,231.0
ychE,55.0,57.0,51.0
ychF,141.0,142.0,141.0
ychG,88.0,85.0,70.0
ychH,11.0,18.0,22.0
ychJ,142.0,155.0,153.0
ychM,1.0,1.0,1.0
ychN,0.0,0.0,1.0
ychO,171.0,159.0,187.0
ychQ,64.0,68.0,79.0
ychS,1.0,0.0,0.0
yciA,142.0,169.0,165.0
yciB,349.0,366.0,327.0
yciC,13.0,16.0,19.0
yciE,313.0,316.0,306.0
yciF,274.0,287.0,229.0
yciG,15.0,11.0,12.0
yciH,1.0,0.0,0.0
yciI,51.0,41.0,36.0
yciK,18.0,11.0,11.0
yciM,203.0,229.0,219.0
yciN,2.0,1.0,1.0
yciO,2.0,0.0,1.0
yciQ,123.0,175.0,153.0
yciS,7.0,3.0,2.0
yciT,68.0,67.0,65.0
yciU,4.0,6.0,6.0
yciW,191.0,174.0,167.0
yciX,491.0,467.0,481.0
ycjD,129.0,155.0,131.0
ycjF,97.0,105.0,97.0
ycjG,116.0,111.0,103.0
ycjM,216.0,207.0,227.0
ycjN,205.0,192.0,178.0
ycjO,24.0,46.0,33.0
ycjP,1.0,0.0,0.0
ycjQ,3.0,1.0,4.0
ycjR,136.0,136.0,128.0
ycjS,44.0,49.0,51.0
ycjT,394.0,381.0,365.0
ycjU,8.0,9.0,9.0
ycjV,168.0,209.0,180.0
ycjW,85.0,82.0,94.0
ycjX,188.0,179.0,184.0
ycjY,315.0,275.0,263.0
ycjZ,118.0,122.0,117.0
ydaC,53.0,49.0,46.0
ydaE,53.0,56.0,63.0
ydaF,2.0,3.0,2.0
ydaG,250.0,255.0,262.0
ydaL,5.0,4.0,2.0
ydaM,23.0,22.0,15.0
ydaN,107.0,123.0,103.0
ydaQ,45.0,55.0,45.0
ydaS,47.0,53.0,56.0
ydaT,56.0,52.0,45.0
ydaU,141.0,142.0,135.0
ydaV,1.0,1.0,0.0
ydaW,2.0,2.0,1.0
ydaY,334.0,364.0,321.0
ydbA,485.0,498.0,508.0
ydbC,240.0,241.0,226.0
ydbD,236.0,231.0,249.0
ydbH,213.0,201.0,232.0
ydbJ,28.0,24.0,19.0
ydbK,281.0,279.0,236.0
ydbL,125.0,120.0,107.0
ydcA,14.0,14.0,14.0
ydcC,278.0,318.0,284.0
ydcD,240.0,201.0,212.0
ydcE,83.0,116.0,98.0
ydcF,66.0,74.0,98.0
ydcH,128.0,122.0,112.0
ydcI,70.0,81.0,71.0
ydcJ,157.0,183.0,174.0
ydcK,108.0,135.0,147.0
ydcL,123.0,122.0,141.0
ydcM,113.0,132.0,132.0
ydcN,67.0,58.0,55.0
ydcO,61.0,53.0,55.0
ydcP,142.0,137.0,140.0
ydcQ,248.0,280.0,229.0
ydcR,260.0,248.0,266.0
ydcS,18.0,12.0,13.0
ydcT,20.0,15.0,19.0
ydcU,66.0,84.0,77.0
ydcV,9.0,6.0,12.0
ydcW,496.0,504.0,502.0
ydcX,14.0,11.0,9.0
ydcY,1.0,3.0,2.0
ydcZ,27.0,25.0,21.0
yddA,248.0,205.0,220.0
yddB,155.0,156.0,170.0
yddE,4.0,0.0,0.0
yddG,148.0,180.0,164.0
yddH,22.0,31.0,28.0
yddJ,82.0,111.0,66.0
yddK,383.0,399.0,400.0
yddL,141.0,115.0,118.0
yddM,53.0,36.0,40.0
yddV,261.0,260.0,260.0
yddW,174.0,188.0,158.0
ydeA,142.0,164.0,148.0
ydeE,301.0,321.0,323.0
ydeH,199.0,218.0,231.0
ydeI,48.0,54.0,44.0
ydeJ,95.0,111.0,103.0
ydeK,159.0,143.0,154.0
ydeM,215.0,214.0,225.0
ydeN,175.0,166.0,193.0
ydeO,241.0,277.0,293.0
ydeP,176.0,192.0,210.0
ydeQ,110.0,119.0,112.0
ydeR,222.0,216.0,190.0
ydeS,180.0,190.0,185.0
ydeT,264.0,257.0,282.0
ydeU,121.0,110.0,113.0
ydfA,0.0,3.0,1.0
ydfB,9.0,12.0,12.0
ydfC,52.0,52.0,53.0
ydfD,14.0,15.0,6.0
ydfE,354.0,368.0,360.0
ydfG,90.0,101.0,108.0
ydfH,97.0,88.0,83.0
ydfI,192.0,190.0,198.0
ydfJ,203.0,205.0,198.0
ydfK,1693.0,1661.0,1683.0
ydfO,101.0,97.0,95.0
ydfP,119.0,93.0,106.0
ydfQ,77.0,109.0,85.0
ydfR,26.0,14.0,17.0
ydfT,116.0,120.0,118.0
ydfU,86.0,104.0,97.0
ydfV,13.0,13.0,17.0
ydfW,33.0,44.0,40.0
ydfX,14.0,19.0,15.0
ydfZ,0.0,1.0,0.0
ydgA,106.0,117.0,106.0
ydgC,61.0,62.0,65.0
ydgD,169.0,178.0,191.0
ydgH,81.0,91.0,82.0
ydgI,1.0,2.0,0.0
ydgJ,24.0,35.0,41.0
ydgK,36.0,22.0,24.0
ydgT,1.0,1.0,0.0
ydhA,80.0,62.0,78.0
ydhB,130.0,145.0,137.0
ydhC,76.0,64.0,58.0
ydhF,110.0,119.0,129.0
ydhI,1.0,2.0,0.0
ydhJ,219.0,270.0,279.0
ydhK,90.0,106.0,111.0
ydhL,6.0,1.0,3.0
ydhM,4.0,0.0,0.0
ydhO,116.0,111.0,95.0
ydhP,20.0,28.0,31.0
ydhQ,233.0,225.0,227.0
ydhR,65.0,57.0,60.0
ydhS,185.0,174.0,199.0
ydhT,28.0,17.0,21.0
ydhU,72.0,64.0,62.0
ydhV,189.0,191.0,179.0
ydhW,91.0,125.0,136.0
ydhX,6.0,8.0,11.0
ydhY,144.0,122.0,170.0
ydhZ,182.0,196.0,152.0
ydiA,157.0,178.0,177.0
ydiB,226.0,189.0,195.0
ydiE,1.0,6.0,1.0
ydiF,65.0,82.0,72.0
ydiH,157.0,155.0,145.0
ydiI,243.0,235.0,241.0
ydiJ,96.0,97.0,97.0
ydiK,84.0,77.0,90.0
ydiL,154.0,152.0,171.0
ydiM,215.0,218.0,209.0
ydiN,250.0,291.0,274.0
ydiO,518.0,486.0,507.0
ydiP,209.0,229.0,206.0
ydiQ,529.0,576.0,535.0
ydiR,132.0,108.0,105.0
ydiS,169.0,176.0,143.0
ydiT,94.0,99.0,95.0
ydiU,134.0,122.0,98.0
ydiV,276.0,263.0,282.0
ydiY,162.0,208.0,186.0
ydiZ,24.0,25.0,25.0
ydjA,67.0,64.0,52.0
ydjE,235.0,220.0,250.0
ydjF,278.0,278.0,283.0
ydjG,205.0,196.0,195.0
ydjH,231.0,225.0,191.0
ydjI,287.0,278.0,271.0
ydjJ,104.0,116.0,118.0
ydjK,256.0,257.0,303.0
ydjL,166.0,170.0,150.0
ydjM,16.0,12.0,10.0
ydjN,383.0,401.0,372.0
ydjO,312.0,326.0,329.0
ydjR,91.0,111.0,131.0
ydjX,77.0,90.0,96.0
ydjY,199.0,213.0,223.0
ydjZ,147.0,135.0,149.0
yeaB,6.0,0.0,5.0
yeaC,235.0,255.0,250.0
yeaD,361.0,390.0,408.0
yeaE,12.0,18.0,17.0
yeaG,408.0,418.0,411.0
yeaH,110.0,136.0,114.0
yeaI,206.0,181.0,186.0
yeaJ,176.0,161.0,171.0
yeaK,362.0,385.0,353.0
yeaL,34.0,17.0,22.0
yeaM,286.0,242.0,269.0
yeaN,65.0,45.0,52.0
yeaO,2.0,0.0,1.0
yeaP,155.0,156.0,127.0
yeaQ,39.0,50.0,41.0
yeaR,211.0,229.0,225.0
yeaS,268.0,244.0,255.0
yeaT,166.0,129.0,145.0
yeaU,1.0,1.0,0.0
yeaV,182.0,204.0,181.0
yeaW,6.0,10.0,6.0
yeaX,463.0,523.0,498.0
yeaY,261.0,241.0,235.0
yeaZ,5.0,5.0,8.0
yebA,269.0,273.0,274.0
yebB,186.0,183.0,205.0
yebC,46.0,46.0,44.0
yebE,7.0,4.0,4.0
yebF,19.0,14.0,14.0
yebG,43.0,56.0,57.0
yebK,195.0,167.0,186.0
yebN,125.0,131.0,137.0
yebO,43.0,48.0,29.0
yebQ,105.0,88.0,102.0
yebR,175.0,155.0,170.0
yebS,142.0,175.0,152.0
yebT,482.0,473.0,477.0
yebU,215.0,212.0,219.0
yebV,92.0,104.0,99.0
yebW,74.0,70.0,60.0
yebY,46.0,56.0,38.0
yebZ,0.0,1.0,1.0
yecA,7.0,8.0,8.0
yecC,188.0,178.0,204.0
yecD,73.0,90.0,87.0
yecE,0.0,1.0,0.0
yecF,71.0,81.0,64.0
yecG,544.0,590.0,561.0
yecH,5.0,2.0,7.0
yecI,374.0,356.0,413.0
yecJ,271.0,236.0,219.0
yecM,52.0,51.0,37.0
yecN,2.0,0.0,2.0
yecO,56.0,55.0,47.0
yecP,105.0,125.0,96.0
yecR,366.0,398.0,382.0
yecS,102.0,120.0,83.0
yecT,709.0,715.0,773.0
yedA,133.0,111.0,151.0
yedD,337.0,342.0,322.0
yedE,63.0,74.0,60.0
yedF,0.0,1.0,0.0
yedI,202.0,192.0,197.0
yedJ,21.0,16.0,14.0
yedK,18.0,16.0,13.0
yedL,108.0,106.0,100.0
yedM,44.0,49.0,38.0
yedN,279.0,282.0,297.0
yedP,92.0,88.0,85.0
yedQ,217.0,205.0,217.0
yedR,1.0,0.0,0.0
yedS,462.0,452.0,452.0
yedV,257.0,268.0,235.0
yedW,315.0,294.0,309.0
yedX,119.0,121.0,113.0
yedY,28.0,18.0,15.0
yedZ,179.0,171.0,141.0
yeeA,233.0,239.0,254.0
yeeD,57.0,67.0,51.0
yeeE,237.0,221.0,249.0
yeeF,81.0,96.0,92.0
yeeI,202.0,207.0,203.0
yeeJ,96.0,110.0,92.0
yeeL,401.0,392.0,404.0
yeeN,156.0,185.0,162.0
yeeO,114.0,97.0,108.0
yeeP,31.0,31.0,30.0
yeeR,102.0,117.0,110.0
yeeS,54.0,38.0,46.0
yeeT,0.0,1.0,0.0
yeeU,1.0,0.0,0.0
yeeV,38.0,34.0,36.0
yeeW,73.0,97.0,63.0
yeeX,60.0,65.0,71.0
yeeY,213.0,216.0,216.0
yeeZ,114.0,112.0,105.0
yefM,62.0,74.0,83.0
yegD,3.0,5.0,1.0
yegE,158.0,143.0,160.0
yegH,64.0,61.0,59.0
yegI,97.0,82.0,71.0
yegJ,147.0,183.0,141.0
yegK,125.0,112.0,107.0
yegL,89.0,89.0,115.0
yegP,76.0,58.0,60.0
yegQ,107.0,119.0,132.0
yegR,158.0,169.0,152.0
yegS,128.0,169.0,163.0
yegT,295.0,271.0,258.0
yegU,27.0,17.0,22.0
yegV,0.0,1.0,0.0
yegW,197.0,191.0,209.0
yegX,71.0,63.0,62.0
yegZ,90.0,102.0,113.0
yehA,235.0,198.0,235.0
yehB,226.0,226.0,207.0
yehC,297.0,313.0,317.0
yehD,281.0,271.0,297.0
yehE,98.0,95.0,86.0
yehI,203.0,254.0,206.0
yehK,53.0,61.0,49.0
yehL,33.0,27.0,42.0
yehM,151.0,167.0,148.0
yehP,98.0,107.0,76.0
yehQ,121.0,137.0,135.0
yehR,164.0,201.0,190.0
yehS,108.0,96.0,110.0
yehT,403.0,417.0,387.0
yehU,59.0,43.0,70.0
yehW,35.0,49.0,40.0
yehX,6.0,2.0,3.0
yehY,52.0,49.0,50.0
yehZ,92.0,104.0,107.0
yeiA,224.0,198.0,233.0
yeiB,1.0,2.0,8.0
yeiC,200.0,194.0,179.0
yeiE,1.0,1.0,0.0
yeiG,17.0,20.0,29.0
yeiH,113.0,121.0,119.0
yeiI,153.0,129.0,120.0
yeiJ,209.0,223.0,199.0
yeiL,116.0,101.0,105.0
yeiM,105.0,155.0,119.0
yeiN,235.0,221.0,187.0
yeiP,65.0,58.0,56.0
yeiQ,306.0,302.0,255.0
yeiR,6.0,1.0,5.0
yeiS,3.0,9.0,11.0
yeiT,125.0,119.0,114.0
yeiU,157.0,127.0,144.0
yeiW,0.0,0.0,0.0
yejA,137.0,152.0,138.0
yejB,203.0,204.0,207.0
yejE,190.0,167.0,186.0
yejF,51.0,36.0,31.0
yejG,2.0,3.0,1.0
yejH,94.0,94.0,105.0
yejK,105.0,94.0,100.0
yejL,0.0,1.0,0.0
yejM,53.0,61.0,41.0
yejO,198.0,223.0,195.0
yfaA,301.0,324.0,277.0
yfaD,348.0,405.0,403.0
yfaE,4.0,2.0,4.0
yfaH,196.0,167.0,188.0
yfaL,87.0,96.0,94.0
yfaP,211.0,208.0,183.0
yfaQ,95.0,91.0,82.0
yfaS,149.0,150.0,159.0
yfaT,180.0,165.0,180.0
yfaU,3.0,1.0,5.0
yfaV,46.0,62.0,51.0
yfaW,11.0,5.0,10.0
yfaX,182.0,190.0,222.0
yfaY,42.0,53.0,50.0
yfaZ,35.0,35.0,42.0
yfbB,63.0,58.0,60.0
yfbH,206.0,206.0,204.0
yfbJ,14.0,21.0,23.0
yfbK,210.0,212.0,239.0
yfbL,265.0,243.0,226.0
yfbM,245.0,236.0,234.0
yfbN,304.0,320.0,309.0
yfbO,25.0,21.0,21.0
yfbP,459.0,469.0,416.0
yfbQ,243.0,215.0,215.0
yfbR,16.0,16.0,13.0
yfbS,133.0,131.0,143.0
yfbT,53.0,50.0,36.0
yfbU,99.0,111.0,120.0
yfbV,10.0,16.0,18.0
yfbW,1.0,5.0,2.0
yfcA,3.0,3.0,2.0
yfcC,107.0,102.0,106.0
yfcD,4.0,3.0,4.0
yfcE,6.0,4.0,5.0
yfcF,117.0,120.0,116.0
yfcG,228.0,198.0,228.0
yfcH,45.0,26.0,36.0
yfcI,117.0,106.0,124.0
yfcJ,18.0,17.0,23.0
yfcL,35.0,51.0,39.0
yfcM,19.0,27.0,25.0
yfcN,3.0,5.0,0.0
yfcO,168.0,171.0,158.0
yfcP,95.0,92.0,101.0
yfcQ,47.0,40.0,50.0
yfcR,180.0,159.0,161.0
yfcS,94.0,112.0,109.0
yfcU,286.0,249.0,278.0
yfcV,682.0,663.0,645.0
yfcY,12.0,14.0,14.0
yfcZ,6.0,3.0,4.0
yfdC,36.0,48.0,45.0
yfdE,288.0,314.0,264.0
yfdF,129.0,160.0,160.0
yfdG,129.0,129.0,105.0
yfdH,294.0,303.0,263.0
yfdI,141.0,129.0,134.0
yfdK,123.0,145.0,134.0
yfdL,45.0,48.0,54.0
yfdM,12.0,15.0,21.0
yfdN,3.0,2.0,4.0
yfdO,64.0,53.0,48.0
yfdP,35.0,33.0,37.0
yfdQ,195.0,206.0,202.0
yfdR,280.0,301.0,284.0
yfdS,138.0,151.0,142.0
yfdT,19.0,23.0,41.0
yfdV,175.0,158.0,176.0
yfdX,187.0,202.0,202.0
yfdY,45.0,43.0,39.0
yfdZ,2.0,1.0,2.0
yfeA,209.0,232.0,202.0
yfeC,170.0,195.0,150.0
yfeD,9.0,8.0,16.0
yfeG,10.0,4.0,10.0
yfeH,78.0,82.0,70.0
yfeK,128.0,121.0,119.0
yfeN,163.0,176.0,173.0
yfeO,45.0,46.0,42.0
yfeR,2.0,2.0,1.0
yfeS,239.0,237.0,221.0
yfeT,439.0,416.0,467.0
yfeU,55.0,44.0,43.0
yfeW,74.0,63.0,64.0
yfeX,1.0,0.0,0.0
yfeY,105.0,95.0,92.0
yfeZ,14.0,6.0,8.0
yffB,5.0,8.0,8.0
yffI,21.0,17.0,23.0
yffL,89.0,94.0,95.0
yffM,2.0,6.0,6.0
yffN,102.0,66.0,108.0
yffO,165.0,143.0,151.0
yffP,65.0,58.0,66.0
yffQ,348.0,347.0,377.0
yffR,62.0,55.0,61.0
yffS,69.0,82.0,74.0
yfgA,37.0,27.0,35.0
yfgB,193.0,180.0,230.0
yfgC,38.0,32.0,38.0
yfgD,134.0,126.0,146.0
yfgF,143.0,132.0,158.0
yfgG,0.0,0.0,0.0
yfgH,75.0,84.0,86.0
yfgI,303.0,338.0,310.0
yfgJ,1.0,4.0,1.0
yfgL,59.0,83.0,64.0
yfgM,74.0,74.0,68.0
yfgO,0.0,0.0,0.0
yfhA,318.0,297.0,330.0
yfhB,1.0,2.0,3.0
yfhD,200.0,224.0,232.0
yfhG,12.0,7.0,15.0
yfhH,54.0,53.0,45.0
yfhJ,41.0,56.0,30.0
yfhK,36.0,51.0,55.0
yfhL,267.0,247.0,266.0
yfhM,291.0,307.0,292.0
yfhQ,22.0,31.0,18.0
yfhR,18.0,12.0,24.0
yfiB,180.0,190.0,148.0
yfiC,109.0,119.0,121.0
yfiD,67.0,91.0,86.0
yfiE,75.0,87.0,67.0
yfiF,39.0,56.0,31.0
yfiH,13.0,10.0,11.0
yfiK,85.0,75.0,57.0
yfiL,42.0,47.0,49.0
yfiM,3.0,0.0,1.0
yfiN,70.0,75.0,85.0
yfiO,47.0,66.0,61.0
yfiP,19.0,20.0,22.0
yfiQ,52.0,56.0,51.0
yfiR,104.0,87.0,123.0
yfjD,399.0,396.0,373.0
yfjF,23.0,15.0,28.0
yfjG,22.0,19.0,26.0
yfjH,518.0,469.0,500.0
yfjI,360.0,344.0,354.0
yfjJ,190.0,181.0,196.0
yfjK,135.0,160.0,135.0
yfjL,100.0,79.0,88.0
yfjM,78.0,102.0,73.0
yfjN,137.0,141.0,137.0
yfjO,268.0,263.0,290.0
yfjP,129.0,99.0,108.0
yfjQ,1.0,0.0,1.0
yfjR,12.0,12.0,17.0
yfjS,68.0,74.0,91.0
yfjT,15.0,10.0,7.0
yfjU,139.0,135.0,147.0
yfjV,71.0,64.0,80.0
yfjW,76.0,91.0,94.0
yfjX,148.0,136.0,138.0
yfjY,8.0,10.0,7.0
yfjZ,97.0,80.0,74.0
ygaC,99.0,108.0,102.0
ygaD,1.0,1.0,0.0
ygaF,2.0,0.0,0.0
ygaH,0.0,0.0,0.0
ygaM,279.0,229.0,237.0
ygaP,134.0,132.0,136.0
ygaQ,629.0,582.0,603.0
ygaT,225.0,210.0,193.0
ygaU,19.0,34.0,19.0
ygaV,9.0,5.0,9.0
ygaW,161.0,143.0,180.0
ygaY,133.0,150.0,141.0
ygaZ,1.0,8.0,0.0
ygbA,6.0,3.0,4.0
ygbE,3.0,1.0,1.0
ygbF,103.0,79.0,103.0
ygbI,429.0,434.0,489.0
ygbJ,93.0,74.0,88.0
ygbK,20.0,22.0,30.0
ygbL,28.0,29.0,24.0
ygbM,24.0,19.0,19.0
ygbN,192.0,198.0,211.0
ygbT,259.0,235.0,251.0
ygcB,137.0,143.0,156.0
ygcE,306.0,299.0,313.0
ygcF,56.0,58.0,52.0
ygcG,241.0,263.0,255.0
ygcH,156.0,187.0,192.0
ygcI,129.0,142.0,129.0
ygcJ,107.0,84.0,87.0
ygcK,229.0,236.0,241.0
ygcL,325.0,322.0,366.0
ygcN,26.0,32.0,30.0
ygcP,291.0,328.0,327.0
ygcQ,3.0,0.0,1.0
ygcR,59.0,65.0,68.0
ygcS,165.0,156.0,147.0
ygcU,213.0,190.0,199.0
ygcW,153.0,147.0,163.0
ygdB,2.0,1.0,1.0
ygdD,2.0,1.0,3.0
ygdE,141.0,177.0,137.0
ygdH,154.0,176.0,172.0
ygdI,221.0,248.0,240.0
ygdK,30.0,29.0,30.0
ygdL,3.0,6.0,3.0
ygdQ,19.0,19.0,14.0
ygdR,4.0,3.0,2.0
ygeA,4.0,0.0,1.0
ygeD,222.0,218.0,255.0
ygeF,2.0,5.0,4.0
ygeG,27.0,23.0,27.0
ygeH,192.0,208.0,162.0
ygeI,4.0,1.0,2.0
ygeK,242.0,268.0,268.0
ygeN,29.0,35.0,30.0
ygeO,7.0,7.0,7.0
ygeQ,371.0,374.0,399.0
ygeR,578.0,548.0,601.0
ygeV,183.0,143.0,173.0
ygeW,57.0,69.0,73.0
ygeX,163.0,143.0,150.0
ygeY,91.0,112.0,105.0
ygfA,16.0,10.0,4.0
ygfB,192.0,200.0,168.0
ygfF,2.0,3.0,3.0
ygfG,390.0,400.0,406.0
ygfH,157.0,152.0,126.0
ygfI,88.0,100.0,93.0
ygfJ,326.0,337.0,394.0
ygfK,276.0,267.0,270.0
ygfM,70.0,60.0,65.0
ygfO,174.0,151.0,149.0
ygfQ,84.0,95.0,105.0
ygfS,0.0,3.0,2.0
ygfT,207.0,238.0,219.0
ygfU,66.0,63.0,69.0
ygfY,107.0,106.0,119.0
ygfZ,103.0,91.0,91.0
yggC,137.0,131.0,131.0
yggD,284.0,273.0,273.0
yggE,192.0,185.0,195.0
yggF,1.0,0.0,1.0
yggG,10.0,11.0,11.0
yggJ,134.0,149.0,132.0
yggL,20.0,33.0,26.0
yggM,95.0,123.0,108.0
yggN,25.0,17.0,23.0
yggP,132.0,150.0,142.0
yggR,129.0,144.0,161.0
yggS,66.0,71.0,64.0
yggT,90.0,87.0,104.0
yggU,6.0,0.0,5.0
yggV,47.0,48.0,38.0
yggW,111.0,102.0,113.0
yggX,27.0,23.0,23.0
yghA,25.0,27.0,31.0
yghB,210.0,254.0,245.0
yghD,117.0,122.0,122.0
yghE,0.0,3.0,2.0
yghF,234.0,232.0,222.0
yghG,3.0,4.0,11.0
yghJ,199.0,193.0,231.0
yghO,358.0,364.0,340.0
yghQ,52.0,41.0,39.0
yghR,115.0,106.0,105.0
yghS,101.0,134.0,106.0
yghT,72.0,94.0,81.0
yghU,20.0,21.0,27.0
yghW,186.0,188.0,179.0
yghX,85.0,66.0,64.0
yghY,97.0,82.0,90.0
yghZ,325.0,314.0,311.0
ygiA,0.0,0.0,0.0
ygiB,28.0,36.0,34.0
ygiC,301.0,299.0,288.0
ygiD,10.0,11.0,6.0
ygiF,96.0,98.0,96.0
ygiH,72.0,72.0,69.0
ygiL,212.0,216.0,221.0
ygiN,70.0,58.0,75.0
ygiP,37.0,40.0,35.0
ygiQ,58.0,46.0,41.0
ygiS,306.0,299.0,317.0
ygiT,25.0,19.0,17.0
ygiV,0.0,2.0,3.0
ygiW,64.0,71.0,70.0
ygiZ,11.0,20.0,25.0
ygjD,59.0,50.0,64.0
ygjE,7.0,3.0,1.0
ygjG,327.0,338.0,374.0
ygjH,95.0,69.0,81.0
ygjI,109.0,81.0,89.0
ygjJ,28.0,24.0,21.0
ygjK,164.0,156.0,164.0
ygjM,12.0,15.0,14.0
ygjN,110.0,108.0,116.0
ygjO,70.0,68.0,71.0
ygjP,135.0,121.0,131.0
ygjQ,25.0,49.0,28.0
ygjR,84.0,90.0,77.0
ygjV,76.0,71.0,68.0
yhaB,112.0,107.0,103.0
yhaC,102.0,99.0,113.0
yhaH,5.0,2.0,3.0
yhaI,81.0,83.0,87.0
yhaJ,38.0,44.0,52.0
yhaK,129.0,139.0,142.0
yhaL,6.0,3.0,6.0
yhaM,38.0,28.0,39.0
yhaO,205.0,205.0,211.0
yhaV,344.0,371.0,356.0
yhbC,18.0,23.0,29.0
yhbE,29.0,33.0,35.0
yhbG,6.0,6.0,10.0
yhbJ,21.0,14.0,23.0
yhbN,42.0,55.0,68.0
yhbO,25.0,27.0,23.0
yhbP,128.0,140.0,152.0
yhbQ,0.0,1.0,0.0
yhbS,75.0,58.0,79.0
yhbT,59.0,69.0,85.0
yhbU,3.0,2.0,8.0
yhbV,1.0,6.0,3.0
yhbW,51.0,41.0,56.0
yhbX,246.0,243.0,263.0
yhbY,1.0,1.0,1.0
yhcA,190.0,194.0,174.0
yhcB,156.0,172.0,155.0
yhcC,36.0,30.0,34.0
yhcD,115.0,138.0,110.0
yhcE,138.0,109.0,119.0
yhcF,293.0,353.0,308.0
yhcG,285.0,305.0,281.0
yhcH,114.0,110.0,119.0
yhcM,117.0,148.0,145.0
yhcN,0.0,2.0,1.0
yhcO,65.0,59.0,69.0
yhdA,161.0,162.0,160.0
yhdE,123.0,119.0,105.0
yhdH,203.0,195.0,197.0
yhdJ,221.0,226.0,202.0
yhdL,305.0,320.0,303.0
yhdN,116.0,118.0,112.0
yhdP,332.0,311.0,301.0
yhdT,2.0,2.0,0.0
yhdU,49.0,55.0,57.0
yhdV,89.0,65.0,69.0
yhdW,283.0,345.0,296.0
yhdX,97.0,90.0,59.0
yhdY,143.0,134.0,141.0
yhdZ,274.0,254.0,253.0
yheL,0.0,0.0,2.0
yheM,17.0,18.0,22.0
yheN,4.0,1.0,2.0
yheO,144.0,201.0,168.0
yheS,44.0,62.0,41.0
yheT,3.0,0.0,1.0
yheU,144.0,167.0,178.0
yheV,61.0,52.0,43.0
yhfA,1.0,4.0,0.0
yhfG,1.0,1.0,1.0
yhfK,104.0,124.0,101.0
yhfL,181.0,178.0,178.0
yhfS,0.0,1.0,3.0
yhfT,1.0,1.0,0.0
yhfU,7.0,3.0,17.0
yhfW,59.0,50.0,67.0
yhfX,146.0,156.0,116.0
yhfY,123.0,127.0,113.0
yhfZ,499.0,486.0,463.0
yhgA,334.0,348.0,324.0
yhgE,134.0,126.0,136.0
yhgF,48.0,37.0,30.0
yhgG,3.0,1.0,2.0
yhgN,1.0,0.0,1.0
yhhA,88.0,71.0,88.0
yhhF,35.0,45.0,41.0
yhhH,4.0,1.0,3.0
yhhI,145.0,144.0,131.0
yhhJ,81.0,65.0,110.0
yhhK,0.0,1.0,0.0
yhhL,3.0,5.0,10.0
yhhM,9.0,10.0,18.0
yhhN,16.0,10.0,20.0
yhhQ,143.0,138.0,112.0
yhhS,123.0,132.0,117.0
yhhT,135.0,148.0,164.0
yhhW,78.0,54.0,62.0
yhhX,108.0,128.0,111.0
yhhY,14.0,19.0,23.0
yhhZ,299.0,286.0,306.0
yhiD,256.0,234.0,224.0
yhiF,225.0,216.0,213.0
yhiI,0.0,0.0,0.0
yhiJ,234.0,242.0,216.0
yhiL,266.0,296.0,257.0
yhiM,207.0,187.0,207.0
yhiN,0.0,0.0,0.0
yhiP,127.0,146.0,129.0
yhiQ,0.0,0.0,1.0
yhiR,34.0,16.0,40.0
yhiS,251.0,244.0,242.0
yhjA,243.0,236.0,254.0
yhjB,329.0,365.0,342.0
yhjC,49.0,51.0,38.0
yhjD,17.0,13.0,20.0
yhjE,219.0,263.0,242.0
yhjG,228.0,238.0,225.0
yhjH,27.0,32.0,29.0
yhjJ,135.0,116.0,125.0
yhjK,348.0,351.0,355.0
yhjQ,78.0,73.0,78.0
yhjR,230.0,223.0,229.0
yhjV,159.0,147.0,149.0
yhjX,53.0,52.0,46.0
yhjY,84.0,99.0,97.0
yiaA,179.0,176.0,175.0
yiaB,199.0,200.0,210.0
yiaC,10.0,8.0,8.0
yiaD,132.0,142.0,141.0
yiaF,146.0,136.0,148.0
yiaG,58.0,44.0,52.0
yiaH,115.0,115.0,125.0
yiaJ,2.0,3.0,2.0
yiaK,6.0,6.0,4.0
yiaL,92.0,104.0,106.0
yiaM,1.0,2.0,1.0
yiaN,120.0,116.0,127.0
yiaO,44.0,43.0,41.0
yiaT,218.0,263.0,245.0
yiaU,124.0,118.0,128.0
yiaV,9.0,11.0,5.0
yiaW,56.0,35.0,47.0
yiaY,224.0,203.0,210.0
yibA,214.0,218.0,201.0
yibD,153.0,151.0,157.0
yibF,5.0,15.0,11.0
yibG,157.0,202.0,201.0
yibH,147.0,171.0,152.0
yibI,1.0,2.0,3.0
yibJ,124.0,100.0,122.0
yibK,35.0,43.0,34.0
yibL,7.0,16.0,11.0
yibN,136.0,135.0,134.0
yibQ,111.0,79.0,126.0
yibT,14.0,15.0,16.0
yicC,66.0,96.0,99.0
yicE,2.0,0.0,0.0
yicG,120.0,110.0,116.0
yicH,226.0,236.0,205.0
yicI,157.0,140.0,172.0
yicJ,152.0,163.0,169.0
yicL,109.0,117.0,120.0
yicN,246.0,201.0,237.0
yicO,143.0,147.0,144.0
yicR,40.0,41.0,48.0
yicS,31.0,36.0,33.0
yidA,79.0,76.0,88.0
yidB,1.0,2.0,2.0
yidC,30.0,20.0,52.0
yidD,1.0,1.0,0.0
yidE,28.0,22.0,23.0
yidF,56.0,52.0,47.0
yidG,0.0,0.0,0.0
yidH,56.0,90.0,61.0
yidI,157.0,130.0,164.0
yidJ,140.0,141.0,160.0
yidK,352.0,399.0,401.0
yidL,244.0,227.0,259.0
yidP,68.0,71.0,79.0
yidQ,0.0,3.0,0.0
yidR,232.0,229.0,236.0
yidX,121.0,156.0,139.0
yidZ,32.0,26.0,30.0
yieE,3.0,3.0,5.0
yieF,53.0,40.0,45.0
yieG,20.0,31.0,18.0
yieH,241.0,261.0,302.0
yieI,230.0,189.0,231.0
yieK,140.0,155.0,159.0
yieL,183.0,225.0,212.0
yieP,277.0,294.0,300.0
yifB,141.0,159.0,158.0
yifE,3.0,6.0,5.0
yifK,250.0,267.0,289.0
yifL,1.0,0.0,2.0
yifN,53.0,48.0,41.0
yifO,123.0,137.0,155.0
yigA,100.0,123.0,136.0
yigB,0.0,1.0,2.0
yigE,224.0,219.0,228.0
yigF,2.0,3.0,2.0
yigG,234.0,256.0,237.0
yigI,111.0,103.0,130.0
yigL,149.0,151.0,171.0
yigM,1.0,0.0,0.0
yigP,0.0,0.0,1.0
yigZ,152.0,158.0,172.0
yihA,61.0,60.0,58.0
yihD,2.0,3.0,1.0
yihE,267.0,275.0,266.0
yihF,84.0,82.0,77.0
yihG,269.0,286.0,306.0
yihI,140.0,142.0,164.0
yihL,11.0,15.0,10.0
yihM,260.0,271.0,275.0
yihN,131.0,137.0,156.0
yihO,155.0,162.0,156.0
yihP,152.0,156.0,143.0
yihQ,53.0,56.0,57.0
yihR,152.0,162.0,183.0
yihS,266.0,266.0,263.0
yihT,38.0,43.0,34.0
yihU,0.0,0.0,0.0
yihV,12.0,13.0,9.0
yihW,65.0,62.0,42.0
yihX,42.0,49.0,63.0
yiiD,147.0,140.0,155.0
yiiE,1.0,0.0,0.0
yiiF,135.0,155.0,120.0
yiiG,168.0,225.0,192.0
yiiM,0.0,1.0,1.0
yiiQ,3.0,6.0,0.0
yiiR,114.0,124.0,98.0
yiiS,72.0,60.0,72.0
yiiT,119.0,139.0,134.0
yiiU,53.0,42.0,54.0
yiiX,87.0,89.0,71.0
yijD,69.0,59.0,53.0
yijE,97.0,117.0,96.0
yijF,111.0,99.0,94.0
yijO,35.0,50.0,32.0
yijP,111.0,125.0,122.0
yjaA,45.0,40.0,44.0
yjaB,23.0,25.0,20.0
yjaG,152.0,124.0,103.0
yjaH,1.0,0.0,3.0
yjbB,29.0,45.0,33.0
yjbD,39.0,38.0,34.0
yjbE,0.0,0.0,1.0
yjbF,37.0,36.0,32.0
yjbG,16.0,7.0,12.0
yjbH,459.0,427.0,428.0
yjbI,195.0,193.0,191.0
yjbJ,210.0,244.0,222.0
yjbL,1.0,0.0,1.0
yjbM,152.0,152.0,154.0
yjbO,0.0,0.0,0.0
yjbQ,117.0,125.0,130.0
yjbR,1.0,1.0,0.0
yjcB,39.0,37.0,45.0
yjcC,128.0,123.0,114.0
yjcD,96.0,89.0,86.0
yjcE,7.0,19.0,20.0
yjcF,252.0,269.0,252.0
yjcH,60.0,72.0,60.0
yjcO,176.0,152.0,175.0
yjcP,650.0,637.0,628.0
yjcQ,127.0,140.0,128.0
yjcR,15.0,17.0,15.0
yjcS,245.0,294.0,288.0
yjcZ,0.0,0.0,0.0
yjdA,113.0,111.0,142.0
yjdC,87.0,83.0,80.0
yjdF,16.0,14.0,15.0
yjdI,2.0,3.0,0.0
yjdJ,146.0,152.0,152.0
yjdK,89.0,80.0,82.0
yjdL,141.0,157.0,157.0
yjdO,0.0,0.0,0.0
yjdP,103.0,114.0,103.0
yjeE,30.0,26.0,24.0
yjeF,18.0,27.0,23.0
yjeH,1.0,1.0,0.0
yjeI,1.0,1.0,0.0
yjeJ,138.0,145.0,142.0
yjeK,162.0,138.0,155.0
yjeM,196.0,182.0,155.0
yjeN,0.0,1.0,0.0
yjeO,98.0,105.0,118.0
yjeP,256.0,227.0,247.0
yjeS,81.0,78.0,85.0
yjeT,3.0,0.0,0.0
yjfC,31.0,28.0,25.0
yjfF,47.0,50.0,42.0
yjfI,156.0,180.0,179.0
yjfJ,153.0,173.0,168.0
yjfK,151.0,144.0,139.0
yjfL,25.0,17.0,14.0
yjfM,116.0,128.0,146.0
yjfN,1.0,1.0,0.0
yjfO,29.0,42.0,41.0
yjfP,72.0,81.0,67.0
yjfY,68.0,84.0,95.0
yjfZ,195.0,191.0,188.0
yjgA,132.0,136.0,138.0
yjgB,134.0,140.0,146.0
yjgF,70.0,64.0,67.0
yjgH,13.0,13.0,15.0
yjgI,36.0,49.0,42.0
yjgJ,84.0,70.0,74.0
yjgK,170.0,164.0,166.0
yjgL,124.0,123.0,137.0
yjgM,233.0,251.0,226.0
yjgN,293.0,286.0,267.0
yjgP,146.0,178.0,162.0
yjgQ,175.0,176.0,177.0
yjgR,296.0,302.0,290.0
yjgW,53.0,48.0,34.0
yjgX,185.0,146.0,153.0
yjgZ,0.0,0.0,1.0
yjhA,283.0,260.0,243.0
yjhB,79.0,64.0,73.0
yjhC,198.0,201.0,209.0
yjhD,161.0,141.0,154.0
yjhE,3.0,10.0,9.0
yjhF,80.0,109.0,138.0
yjhG,174.0,198.0,181.0
yjhH,20.0,28.0,25.0
yjhI,336.0,350.0,330.0
yjhP,22.0,10.0,8.0
yjhQ,0.0,0.0,1.0
yjhR,213.0,197.0,183.0
yjhS,214.0,208.0,207.0
yjhT,67.0,55.0,61.0
yjhU,63.0,57.0,53.0
yjhV,246.0,241.0,233.0
yjhW,28.0,28.0,11.0
yjhX,105.0,125.0,110.0
yjiA,201.0,229.0,193.0
yjiC,96.0,108.0,131.0
yjiD,30.0,30.0,22.0
yjiE,11.0,3.0,6.0
yjiG,11.0,11.0,14.0
yjiH,4.0,4.0,6.0
yjiJ,2.0,0.0,0.0
yjiK,106.0,118.0,119.0
yjiL,3.0,5.0,2.0
yjiM,218.0,220.0,223.0
yjiN,161.0,182.0,173.0
yjiO,81.0,77.0,75.0
yjiP,546.0,536.0,545.0
yjiR,105.0,99.0,98.0
yjiS,1.0,0.0,1.0
yjiT,192.0,189.0,193.0
yjiV,251.0,236.0,238.0
yjiW,1.0,1.0,0.0
yjiX,0.0,0.0,1.0
yjiY,26.0,17.0,18.0
yjiZ,97.0,85.0,99.0
yjjA,0.0,1.0,2.0
yjjB,47.0,47.0,46.0
yjjG,222.0,160.0,189.0
yjjI,193.0,225.0,248.0
yjjJ,2.0,1.0,0.0
yjjK,249.0,232.0,231.0
yjjM,198.0,202.0,219.0
yjjN,253.0,219.0,240.0
yjjP,250.0,277.0,283.0
yjjQ,382.0,347.0,391.0
yjjU,50.0,52.0,51.0
yjjV,65.0,64.0,64.0
yjjW,0.0,0.0,0.0
yjjX,10.0,20.0,8.0
yjjY,11.0,17.0,17.0
yjjZ,161.0,140.0,167.0
yjtD,138.0,142.0,117.0
ykfA,196.0,221.0,217.0
ykfB,24.0,25.0,26.0
ykfC,253.0,235.0,226.0
ykfF,7.0,9.0,12.0
ykfG,13.0,18.0,12.0
ykfH,0.0,0.0,1.0
ykfI,1.0,1.0,0.0
ykfJ,1.0,1.0,0.0
ykgA,213.0,213.0,192.0
ykgB,236.0,239.0,226.0
ykgC,147.0,153.0,173.0
ykgD,88.0,94.0,80.0
ykgE,46.0,43.0,52.0
ykgF,85.0,90.0,118.0
ykgG,18.0,23.0,27.0
ykgH,229.0,210.0,186.0
ykgI,157.0,147.0,147.0
ykgJ,24.0,21.0,22.0
ykgK,226.0,262.0,250.0
ykgL,141.0,157.0,136.0
ykgM,145.0,122.0,135.0
ykgN,349.0,325.0,312.0
ykgO,70.0,95.0,86.0
ykiA,3.0,3.0,6.0
ykiB,1.0,1.0,1.0
ylaB,139.0,118.0,140.0
ylaC,38.0,26.0,26.0
ylbA,79.0,60.0,68.0
ylbE,7.0,1.0,8.0
ylbF,1.0,0.0,1.0
ylbG,123.0,129.0,141.0
ylbH,274.0,277.0,268.0
yliA,80.0,102.0,110.0
yliB,208.0,224.0,207.0
yliC,46.0,39.0,50.0
yliD,126.0,123.0,101.0
yliE,106.0,118.0,134.0
yliF,220.0,210.0,218.0
yliG,111.0,97.0,102.0
yliI,93.0,114.0,119.0
yliJ,123.0,118.0,116.0
yliK,43.0,53.0,51.0
yliL,97.0,105.0,102.0
ymbA,227.0,211.0,196.0
ymcB,27.0,45.0,34.0
ymcC,155.0,163.0,181.0
ymcE,55.0,48.0,54.0
ymdA,22.0,23.0,14.0
ymdB,26.0,17.0,21.0
ymdC,165.0,151.0,146.0
ymdE,20.0,17.0,20.0
ymdF,13.0,18.0,20.0
ymfA,89.0,90.0,83.0
ymfD,32.0,28.0,30.0
ymfE,44.0,38.0,48.0
ymfG,139.0,133.0,148.0
ymfH,5.0,6.0,4.0
ymfI,407.0,402.0,366.0
ymfJ,3.0,5.0,7.0
ymfK,350.0,365.0,343.0
ymfL,48.0,43.0,37.0
ymfM,2.0,1.0,4.0
ymfN,25.0,18.0,28.0
ymfO,13.0,12.0,10.0
ymfP,47.0,44.0,41.0
ymfQ,0.0,0.0,1.0
ymfR,29.0,37.0,31.0
ymfS,417.0,434.0,411.0
ymfT,1.0,2.0,1.0
ymgA,128.0,127.0,123.0
ymgB,123.0,93.0,85.0
ymgC,52.0,48.0,46.0
ymgD,9.0,15.0,11.0
ymgE,2.0,0.0,0.0
ymgF,12.0,4.0,2.0
ymgG,11.0,9.0,8.0
ymgH,95.0,98.0,117.0
ymiA,0.0,0.0,1.0
ymjA,205.0,198.0,238.0
ymjC,41.0,59.0,51.0
ynaA,371.0,381.0,369.0
ynaI,151.0,141.0,156.0
ynaJ,167.0,196.0,187.0
ynaK,8.0,7.0,11.0
ynbA,275.0,305.0,280.0
ynbB,190.0,157.0,177.0
ynbC,249.0,296.0,233.0
ynbD,181.0,165.0,163.0
ynbE,21.0,17.0,20.0
yncA,87.0,76.0,73.0
yncB,225.0,188.0,213.0
yncC,185.0,193.0,195.0
yncD,124.0,126.0,130.0
yncE,154.0,153.0,153.0
yncG,158.0,149.0,139.0
yncH,98.0,108.0,93.0
yncI,638.0,627.0,596.0
yncJ,44.0,41.0,55.0
yncK,262.0,316.0,282.0
yncN,2.0,1.0,1.0
yneE,109.0,116.0,97.0
yneF,91.0,73.0,95.0
yneG,13.0,16.0,16.0
yneH,196.0,219.0,195.0
yneI,0.0,0.0,3.0
yneJ,76.0,85.0,76.0
yneK,127.0,126.0,131.0
yneL,94.0,110.0,127.0
ynfA,23.0,25.0,22.0
ynfB,1.0,0.0,1.0
ynfC,314.0,313.0,289.0
ynfD,12.0,10.0,10.0
ynfE,252.0,212.0,227.0
ynfF,235.0,227.0,232.0
ynfG,4.0,13.0,9.0
ynfH,0.0,0.0,0.0
ynfK,1.0,2.0,0.0
ynfL,7.0,7.0,6.0
ynfM,11.0,12.0,15.0
ynfN,46.0,60.0,59.0
ynfO,1.0,0.0,0.0
ynfP,1.0,1.0,0.0
ynhG,309.0,345.0,306.0
yniA,69.0,78.0,75.0
yniB,277.0,274.0,276.0
yniC,47.0,42.0,37.0
yniD,0.0,0.0,0.0
ynjA,13.0,11.0,15.0
ynjB,0.0,0.0,1.0
ynjC,95.0,103.0,113.0
ynjD,152.0,119.0,139.0
ynjE,25.0,25.0,21.0
ynjF,10.0,15.0,10.0
ynjH,122.0,119.0,111.0
ynjI,190.0,210.0,206.0
yoaA,0.0,0.0,1.0
yoaB,2.0,0.0,0.0
yoaC,5.0,7.0,5.0
yoaD,410.0,423.0,420.0
yoaE,21.0,31.0,28.0
yoaF,0.0,0.0,0.0
yoaG,174.0,225.0,219.0
yoaH,39.0,38.0,49.0
yoaI,4.0,2.0,1.0
yobA,49.0,41.0,65.0
yobB,3.0,0.0,2.0
yobD,203.0,211.0,236.0
yobF,69.0,65.0,63.0
yobG,35.0,33.0,46.0
yobH,218.0,208.0,218.0
yodA,134.0,129.0,127.0
yodB,223.0,231.0,224.0
yodC,1.0,0.0,1.0
yodD,185.0,193.0,207.0
yoeA,69.0,84.0,78.0
yoeB,2.0,5.0,2.0
yoeF,76.0,92.0,87.0
yohC,26.0,11.0,21.0
yohD,1.0,2.0,0.0
yohF,0.0,0.0,0.0
yohJ,1.0,0.0,0.0
yohK,3.0,8.0,5.0
yohL,139.0,156.0,164.0
yohM,174.0,160.0,144.0
yohN,22.0,22.0,22.0
yohO,1.0,1.0,0.0
yojI,339.0,312.0,331.0
yojL,188.0,191.0,195.0
ypaA,94.0,88.0,64.0
ypdA,485.0,436.0,416.0
ypdB,275.0,290.0,271.0
ypdC,66.0,77.0,62.0
ypdD,91.0,76.0,79.0
ypdE,38.0,46.0,38.0
ypdF,59.0,59.0,57.0
ypdG,11.0,9.0,11.0
ypdH,179.0,191.0,199.0
ypdI,50.0,70.0,66.0
ypdJ,44.0,36.0,35.0
ypeA,122.0,121.0,119.0
ypeB,46.0,38.0,56.0
ypeC,141.0,158.0,122.0
ypfE,125.0,126.0,133.0
ypfG,32.0,34.0,35.0
ypfH,45.0,25.0,38.0
ypfI,89.0,72.0,99.0
ypfJ,94.0,67.0,51.0
ypfN,0.0,2.0,0.0
yphA,45.0,40.0,55.0
yphB,29.0,35.0,19.0
yphC,0.0,5.0,6.0
yphD,60.0,52.0,70.0
yphE,1.0,0.0,2.0
yphF,236.0,245.0,238.0
yphG,160.0,159.0,183.0
yphH,316.0,316.0,313.0
ypjA,210.0,186.0,179.0
ypjC,515.0,532.0,531.0
ypjD,106.0,106.0,107.0
ypjF,231.0,213.0,251.0
ypjJ,1.0,0.0,0.0
ypjK,7.0,7.0,13.0
yqaA,18.0,22.0,16.0
yqaB,52.0,51.0,53.0
yqaE,42.0,30.0,46.0
yqcA,107.0,110.0,116.0
yqcC,13.0,11.0,8.0
yqcE,151.0,185.0,178.0
yqeA,291.0,293.0,276.0
yqeB,6.0,1.0,0.0
yqeC,127.0,107.0,94.0
yqeF,107.0,116.0,129.0
yqeG,259.0,265.0,252.0
yqeH,827.0,873.0,865.0
yqeI,166.0,172.0,144.0
yqeJ,31.0,24.0,30.0
yqeK,143.0,171.0,115.0
yqfA,164.0,170.0,175.0
yqfB,6.0,16.0,8.0
yqfE,111.0,123.0,114.0
yqgA,161.0,153.0,165.0
yqgB,3.0,0.0,3.0
yqgC,1.0,0.0,0.0
yqgD,126.0,137.0,139.0
yqgE,4.0,0.0,1.0
yqgF,13.0,19.0,12.0
yqhA,329.0,301.0,344.0
yqhC,277.0,211.0,232.0
yqhD,0.0,0.0,0.0
yqhG,210.0,236.0,200.0
yqhH,0.0,0.0,0.0
yqiA,1.0,1.0,0.0
yqiB,50.0,40.0,44.0
yqiC,9.0,13.0,20.0
yqiG,190.0,145.0,193.0
yqiH,357.0,361.0,374.0
yqiI,101.0,104.0,102.0
yqiJ,185.0,188.0,175.0
yqiK,286.0,297.0,295.0
yqjA,10.0,14.0,15.0
yqjB,33.0,34.0,31.0
yqjC,81.0,102.0,86.0
yqjD,19.0,22.0,22.0
yqjE,0.0,1.0,0.0
yqjF,2.0,2.0,2.0
yqjG,197.0,189.0,183.0
yqjH,35.0,36.0,44.0
yqjI,2.0,3.0,4.0
yqjK,53.0,60.0,35.0
yraH,216.0,251.0,235.0
yraI,146.0,141.0,153.0
yraJ,193.0,212.0,207.0
yraK,66.0,74.0,65.0
yraL,31.0,40.0,18.0
yraM,54.0,38.0,41.0
yraN,35.0,27.0,38.0
yraP,112.0,108.0,94.0
yraQ,19.0,17.0,20.0
yraR,46.0,55.0,46.0
yrbA,1.0,3.0,1.0
yrbB,71.0,65.0,90.0
yrbC,1.0,1.0,1.0
yrbD,150.0,129.0,142.0
yrbF,0.0,3.0,3.0
yrbG,116.0,135.0,119.0
yrbK,184.0,178.0,174.0
yrbL,91.0,94.0,90.0
yrdA,102.0,105.0,115.0
yrdB,57.0,68.0,55.0
yrdC,66.0,50.0,56.0
yrdD,67.0,76.0,64.0
yrfA,0.0,0.0,1.0
yrfB,3.0,1.0,1.0
yrfC,2.0,2.0,2.0
yrfD,16.0,17.0,6.0
yrfF,190.0,182.0,191.0
yrfG,157.0,153.0,129.0
yrhA,71.0,58.0,56.0
yrhB,234.0,240.0,231.0
yrhC,135.0,138.0,145.0
ysaA,0.0,1.0,0.0
ysaB,16.0,11.0,14.0
ysgA,70.0,59.0,50.0
ytfA,164.0,192.0,192.0
ytfB,0.0,0.0,0.0
ytfE,411.0,499.0,418.0
ytfF,0.0,0.0,1.0
ytfG,61.0,73.0,72.0
ytfH,0.0,2.0,0.0
ytfI,218.0,253.0,274.0
ytfJ,1.0,0.0,2.0
ytfK,82.0,90.0,83.0
ytfL,437.0,461.0,431.0
ytfM,304.0,298.0,296.0
ytfN,282.0,260.0,269.0
ytfP,0.0,2.0,0.0
ytfQ,155.0,168.0,124.0
ytfR,9.0,1.0,8.0
ytfT,0.0,2.0,1.0
ytjA,1.0,2.0,1.0
ytjB,1.0,4.0,4.0
ytjC,147.0,137.0,144.0
yzcX,280.0,249.0,281.0
yzfA,6.0,3.0,1.0
yzgL,47.0,58.0,61.0
zapA,370.0,353.0,399.0
zipA,313.0,309.0,295.0
zitB,28.0,23.0,25.0
zntA,57.0,62.0,65.0
zntR,139.0,130.0,149.0
znuA,382.0,391.0,370.0
znuB,70.0,81.0,78.0
znuC,112.0,120.0,110.0
zraP,67.0,87.0,87.0
zraR,4.0,6.0,6.0
zraS,39.0,37.0,39.0
zupT,300.0,299.0,313.0
zur,227.0,199.0,201.0
zwf,471.0,451.0,489.0
