,VAPC_T5B_A,VAPC_T5B_B,VAPC_T5B_C
Unnamed: 1,2829.0,2722.0,2940.0
GFP,42978.0,38618.0,40111.0
INTR_alaXW,1685.0,1893.0,1761.0
LELOBEKK,7.0,6.0,4.0
LELOBEKK_appX,0.0,1.0,0.0
LELOBEKK_araC,1.0,0.0,1.0
LELOBEKK_ccdA,0.0,0.0,0.0
LELOBEKK_fdoG,0.0,0.0,0.0
LELOBEKK_finO,0.0,0.0,0.0
LELOBEKK_flmC,0.0,0.0,1.0
LELOBEKK_galK,0.0,0.0,0.0
LELOBEKK_galT,0.0,0.0,0.0
LELOBEKK_gap,0.0,0.0,0.0
LELOBEKK_gpt,0.0,0.0,0.0
LELOBEKK_lacA,0.0,0.0,0.0
LELOBEKK_lacI,0.0,0.0,0.0
LELOBEKK_lacY,0.0,0.0,0.0
LELOBEKK_lacZ,0.0,0.0,0.0
LELOBEKK_lexA,0.0,0.0,0.0
LELOBEKK_malE,0.0,0.0,0.0
LELOBEKK_mpaA,0.0,0.0,0.0
LELOBEKK_pheS,0.0,0.0,0.0
LELOBEKK_psiB,1.0,0.0,0.0
LELOBEKK_rpsL,0.0,2.0,0.0
LELOBEKK_sgrT,0.0,0.0,0.0
LELOBEKK_tisB,1.0,0.0,0.0
LELOBEKK_traJ,0.0,0.0,0.0
LELOBEKK_traQ,0.0,0.0,0.0
LELOBEKK_traY,0.0,0.0,0.0
LELOBEKK_trpA,0.0,2.0,0.0
LELOBEKK_trxA,0.0,1.0,0.0
LELOBEKK_uidA,0.0,0.0,0.0
LELOBEKK_ylpA,0.0,0.0,0.0
LELOBEKK_ynhF,1.0,0.0,0.0
LELOBEKK_yshB,0.0,0.0,0.0
LELOBEKKtfaE,0.0,0.0,0.0
LacI,114628.0,106470.0,109558.0
MS2_fwd,0.0,0.0,1.0
YFP,2.0,0.0,2.0
aaeA,165.0,177.0,168.0
aaeB,117.0,147.0,127.0
aaeR,170.0,165.0,164.0
aaeX,4.0,14.0,10.0
aas,209.0,246.0,220.0
aat,42.0,64.0,66.0
abgA,2.0,0.0,0.0
abgB,149.0,127.0,135.0
abgR,158.0,147.0,175.0
abgT,161.0,201.0,175.0
abrB,15.0,19.0,14.0
accA,324.0,306.0,280.0
accB,125.0,131.0,142.0
accC,119.0,115.0,128.0
accD,12.0,13.0,13.0
aceA,194.0,198.0,195.0
aceB,117.0,119.0,111.0
aceE,158.0,125.0,137.0
aceF,254.0,261.0,281.0
aceK,79.0,79.0,83.0
ackA,149.0,156.0,132.0
acnA,121.0,134.0,121.0
acnB,42.0,41.0,39.0
acpH,0.0,0.0,2.0
acpP,259.0,219.0,247.0
acpS,4.0,1.0,1.0
acpT,11.0,12.0,12.0
acrA,37.0,36.0,30.0
acrB,54.0,65.0,49.0
acrD,16.0,25.0,21.0
acrE,16.0,26.0,27.0
acrF,206.0,213.0,197.0
acrR,317.0,356.0,287.0
acs,123.0,122.0,120.0
actP,21.0,44.0,37.0
ada,0.0,0.0,1.0
add,58.0,49.0,39.0
ade,85.0,84.0,80.0
adhE,142.0,173.0,141.0
adhP,350.0,330.0,324.0
adiA,148.0,126.0,128.0
adiC,52.0,55.0,48.0
adiY,154.0,162.0,121.0
adk,1.0,0.0,1.0
aegA,71.0,78.0,71.0
aer,3.0,2.0,1.0
aes,60.0,71.0,71.0
afuB,45.0,48.0,51.0
afuC,70.0,89.0,62.0
agaA,0.0,0.0,0.0
agaB,99.0,103.0,109.0
agaC,42.0,56.0,55.0
agaD,47.0,68.0,64.0
agaI,64.0,64.0,65.0
agaR,0.0,0.0,0.0
agaS,4.0,4.0,4.0
agaV,40.0,46.0,28.0
agaW,1.0,0.0,0.0
agp,94.0,102.0,117.0
ahpC,227.0,220.0,214.0
ahpF,67.0,82.0,88.0
aidB,124.0,115.0,94.0
ais,160.0,164.0,143.0
alaS,129.0,115.0,131.0
alaw,21766.0,21067.0,20766.0
aldA,292.0,317.0,303.0
aldB,1.0,0.0,4.0
alkA,0.0,0.0,0.0
alkB,52.0,55.0,64.0
allA,85.0,79.0,74.0
allB,95.0,106.0,82.0
allC,137.0,147.0,141.0
allD,39.0,28.0,35.0
allR,208.0,218.0,206.0
alpA,0.0,1.0,3.0
alr,91.0,90.0,91.0
alsA,131.0,147.0,126.0
alsB,246.0,237.0,247.0
alsC,25.0,29.0,24.0
alsE,31.0,24.0,27.0
alsK,29.0,39.0,24.0
alx,31.0,39.0,27.0
amiA,300.0,350.0,299.0
amiB,222.0,254.0,229.0
amiC,1.0,2.0,0.0
amn,88.0,98.0,101.0
ampC,80.0,67.0,90.0
ampD,3.0,1.0,1.0
ampE,303.0,339.0,297.0
ampG,148.0,132.0,153.0
ampH,41.0,51.0,53.0
ampR,12984.0,12544.0,13118.0
amtB,0.0,1.0,2.0
amyA,141.0,122.0,144.0
anmK,19.0,29.0,30.0
ansA,87.0,91.0,87.0
ansB,120.0,122.0,137.0
ansP,53.0,52.0,69.0
apaG,64.0,53.0,60.0
apaH,54.0,55.0,42.0
aphA,168.0,151.0,156.0
appA,140.0,156.0,160.0
appB,51.0,58.0,42.0
appC,70.0,81.0,56.0
appY,20.0,14.0,18.0
apt,5.0,1.0,1.0
aqpZ,36.0,40.0,31.0
araA,0.0,2.0,0.0
araB,13.0,11.0,10.0
araD,9.0,11.0,12.0
araE,3.0,2.0,1.0
araF,159.0,133.0,145.0
araG,157.0,163.0,185.0
araH,19.0,14.0,23.0
araJ,86.0,91.0,90.0
arcA,91.0,90.0,105.0
arcB,151.0,185.0,165.0
argA,162.0,161.0,155.0
argB,1.0,2.0,1.0
argC,55.0,81.0,58.0
argD,336.0,327.0,315.0
argE,101.0,110.0,117.0
argF,12.0,12.0,6.0
argG,193.0,188.0,204.0
argH,48.0,53.0,31.0
argI,81.0,81.0,58.0
argK,0.0,1.0,1.0
argO,89.0,99.0,79.0
argP,2.0,4.0,1.0
argR,156.0,147.0,125.0
argS,115.0,137.0,127.0
argT,32.0,33.0,23.0
arnA,125.0,154.0,140.0
arnB,96.0,72.0,78.0
arnC,79.0,75.0,83.0
arnT,269.0,329.0,303.0
aroA,219.0,252.0,236.0
aroB,20.0,14.0,15.0
aroC,2.0,1.0,2.0
aroD,103.0,98.0,90.0
aroE,74.0,107.0,110.0
aroF,106.0,107.0,125.0
aroG,50.0,73.0,59.0
aroH,101.0,120.0,119.0
aroK,120.0,122.0,131.0
aroL,0.0,0.0,0.0
aroM,308.0,348.0,364.0
aroP,209.0,212.0,235.0
arpA,108.0,127.0,88.0
arpB,190.0,220.0,211.0
arsB,48.0,39.0,51.0
arsC,12.0,18.0,16.0
arsR,0.0,0.0,0.0
artI,131.0,155.0,128.0
artJ,88.0,101.0,93.0
artM,42.0,65.0,75.0
artP,1.0,3.0,1.0
artQ,33.0,52.0,35.0
ascB,171.0,187.0,151.0
ascF,44.0,45.0,51.0
ascG,46.0,41.0,46.0
asd,141.0,126.0,133.0
aslA,113.0,123.0,121.0
aslB,74.0,97.0,86.0
asmA,180.0,192.0,171.0
asnA,11.0,17.0,9.0
asnB,102.0,105.0,89.0
asnC,13.0,11.0,9.0
asnS,1.0,2.0,3.0
aspA,175.0,165.0,170.0
aspC,102.0,117.0,112.0
aspS,102.0,104.0,105.0
aspv,12852.0,12009.0,11965.0
asr,7.0,5.0,2.0
astA,3.0,7.0,2.0
astB,71.0,80.0,84.0
astC,22.0,16.0,18.0
astD,2.0,5.0,1.0
astE,66.0,52.0,64.0
atoA,19.0,9.0,15.0
atoB,166.0,148.0,124.0
atoC,159.0,166.0,140.0
atoD,0.0,1.0,1.0
atoE,72.0,71.0,80.0
atoS,148.0,167.0,165.0
atpA,525.0,554.0,504.0
atpB,1.0,3.0,3.0
atpC,0.0,0.0,1.0
atpD,9.0,9.0,10.0
atpE,25.0,19.0,29.0
atpF,0.0,0.0,0.0
atpG,73.0,82.0,59.0
atpH,340.0,308.0,325.0
atpI,2.0,0.0,0.0
avtA,38.0,46.0,46.0
azoR,43.0,35.0,27.0
bacA,0.0,0.0,0.0
baeR,2.0,1.0,1.0
baeS,108.0,129.0,132.0
barA,205.0,223.0,207.0
basR,87.0,91.0,80.0
basS,102.0,94.0,91.0
bax,379.0,396.0,382.0
bcp,63.0,76.0,53.0
bcr,15.0,12.0,19.0
bcsA,2.0,0.0,2.0
bcsB,58.0,44.0,39.0
bcsC,20.0,27.0,25.0
bcsE,64.0,53.0,49.0
bcsF,31.0,29.0,32.0
bcsG,126.0,111.0,93.0
bcsZ,3.0,3.0,0.0
bdm,283.0,317.0,302.0
betA,52.0,62.0,44.0
betB,0.0,0.0,0.0
betI,0.0,0.0,0.0
betT,124.0,106.0,117.0
bfd,0.0,0.0,0.0
bfr,122.0,101.0,123.0
bglA,167.0,189.0,164.0
bglB,70.0,70.0,48.0
bglF,70.0,92.0,90.0
bglG,141.0,137.0,150.0
bglH,119.0,132.0,104.0
bglJ,82.0,73.0,69.0
bglX,106.0,123.0,133.0
bioA,79.0,75.0,98.0
bioB,1.0,1.0,0.0
bioC,41.0,73.0,54.0
bioD,171.0,152.0,164.0
bioF,26.0,20.0,21.0
bioH,16.0,14.0,22.0
bipA,395.0,407.0,390.0
birA,209.0,189.0,180.0
bisC,87.0,83.0,97.0
blc,45.0,31.0,36.0
blr,23.0,23.0,16.0
bolA,236.0,255.0,213.0
brnQ,1.0,0.0,2.0
bssR,130.0,133.0,126.0
bssS,30.0,36.0,37.0
btuB,162.0,132.0,131.0
btuC,3.0,1.0,1.0
btuD,75.0,82.0,107.0
btuE,28.0,48.0,45.0
btuF,8.0,4.0,5.0
btuR,149.0,148.0,137.0
cadA,44.0,29.0,36.0
cadB,179.0,153.0,146.0
cadC,158.0,175.0,136.0
caiA,16.0,27.0,26.0
caiB,140.0,172.0,169.0
caiC,270.0,321.0,247.0
caiD,39.0,36.0,44.0
caiE,157.0,149.0,165.0
caiF,292.0,274.0,281.0
caiT,206.0,224.0,227.0
camR,1.0,0.0,2.0
can,12.0,19.0,18.0
carA,11.0,9.0,19.0
carB,26.0,26.0,30.0
cbl,196.0,226.0,208.0
cbpA,41.0,42.0,50.0
cbpM,25.0,23.0,30.0
cbrA,65.0,52.0,54.0
cbrC,185.0,172.0,197.0
cca,46.0,67.0,49.0
cchA,0.0,0.0,1.0
cchB,30.0,34.0,38.0
ccmA,40.0,58.0,36.0
ccmB,0.0,0.0,0.0
ccmC,0.0,1.0,0.0
ccmD,2.0,0.0,1.0
ccmE,62.0,61.0,76.0
ccmF,0.0,2.0,5.0
ccmG,77.0,84.0,86.0
ccmH,24.0,19.0,10.0
cdaR,64.0,62.0,66.0
cdd,71.0,57.0,63.0
cdh,524.0,508.0,467.0
cdsA,40.0,51.0,50.0
cedA,11.0,12.0,13.0
cfa,162.0,149.0,163.0
chaA,86.0,93.0,79.0
chaB,26.0,12.0,18.0
chaC,91.0,94.0,79.0
chbA,28.0,28.0,22.0
chbB,28.0,24.0,23.0
chbC,288.0,300.0,291.0
chbF,131.0,137.0,125.0
chbG,8.0,16.0,26.0
chbR,149.0,152.0,147.0
cheA,281.0,269.0,257.0
cheB,107.0,85.0,106.0
cheR,0.0,0.0,0.0
cheW,74.0,75.0,88.0
cheY,0.0,1.0,0.0
cheZ,72.0,64.0,51.0
chiA,112.0,112.0,103.0
cho,78.0,108.0,92.0
chpA,2.0,2.0,4.0
chpB,0.0,0.0,1.0
chpR,93.0,67.0,71.0
chpS,6.0,4.0,2.0
cirA,299.0,292.0,300.0
citA,114.0,135.0,128.0
citB,91.0,66.0,82.0
citC,173.0,177.0,179.0
citD,0.0,1.0,0.0
citE,1.0,4.0,3.0
citF,13.0,16.0,19.0
citG,1.0,3.0,2.0
citT,92.0,90.0,77.0
citX,9.0,11.0,8.0
clcA,108.0,104.0,119.0
clcB,43.0,63.0,58.0
cld,297.0,302.0,306.0
clpA,157.0,149.0,166.0
clpB,166.0,157.0,168.0
clpP,3.0,3.0,0.0
clpS,8.0,20.0,14.0
clpX,368.0,370.0,370.0
cls,114.0,96.0,99.0
cmk,203.0,175.0,221.0
cmr,21.0,19.0,21.0
cmtA,101.0,99.0,78.0
cmtB,62.0,42.0,42.0
coaA,139.0,131.0,139.0
coaD,52.0,83.0,63.0
coaE,141.0,120.0,118.0
cobB,59.0,37.0,67.0
cobC,87.0,102.0,90.0
cobS,28.0,17.0,20.0
cobT,23.0,28.0,19.0
cobU,195.0,186.0,173.0
codA,3.0,1.0,0.0
codB,40.0,56.0,61.0
cof,101.0,92.0,94.0
copA,109.0,135.0,118.0
corA,101.0,123.0,116.0
cpdA,0.0,1.0,3.0
cpdB,45.0,58.0,40.0
cpsB,14.0,11.0,7.0
cpsG,111.0,88.0,105.0
cpxA,188.0,219.0,200.0
cpxP,89.0,87.0,83.0
cpxR,169.0,176.0,140.0
crcA,13.0,19.0,10.0
crcB,26.0,28.0,25.0
creA,8.0,7.0,7.0
creB,3.0,0.0,0.0
creC,231.0,228.0,236.0
creD,144.0,134.0,117.0
crl,49.0,39.0,40.0
crp,68.0,74.0,68.0
crr,152.0,152.0,150.0
csdA,8.0,16.0,8.0
csgA,31.0,27.0,20.0
csgB,41.0,48.0,47.0
csgC,89.0,82.0,77.0
csgD,183.0,181.0,173.0
csgE,57.0,49.0,42.0
csgF,96.0,84.0,78.0
csgG,23.0,17.0,27.0
csiE,286.0,270.0,282.0
csiR,126.0,99.0,103.0
cspA,166.0,201.0,210.0
cspB,8.0,11.0,6.0
cspC,0.0,1.0,1.0
cspD,14.0,13.0,19.0
cspE,71.0,54.0,55.0
cspF,2.0,3.0,1.0
cspG,101.0,111.0,112.0
cspH,1.0,2.0,2.0
cspI,16.0,18.0,21.0
csrA,19.0,8.0,18.0
csrb,14861.0,15234.0,14912.0
cstA,155.0,133.0,151.0
cueO,110.0,122.0,147.0
cueR,0.0,0.0,0.0
cusA,70.0,72.0,64.0
cusB,43.0,31.0,52.0
cusC,101.0,87.0,100.0
cusF,125.0,134.0,111.0
cusR,112.0,137.0,139.0
cusS,41.0,45.0,42.0
cutA,2.0,3.0,2.0
cutC,50.0,47.0,44.0
cvpA,33.0,32.0,38.0
cvrA,132.0,132.0,116.0
cyaA,64.0,77.0,73.0
cyaY,1.0,0.0,0.0
cybB,66.0,56.0,64.0
cybC,18.0,24.0,7.0
cycA,93.0,82.0,112.0
cydA,12.0,4.0,3.0
cydB,4.0,14.0,8.0
cydC,151.0,137.0,137.0
cydD,362.0,328.0,343.0
cynR,50.0,54.0,46.0
cynS,90.0,108.0,97.0
cynT,22.0,30.0,14.0
cynX,219.0,276.0,228.0
cyoA,224.0,204.0,217.0
cyoB,66.0,75.0,62.0
cyoC,58.0,76.0,67.0
cyoD,4.0,5.0,3.0
cyoE,4.0,4.0,2.0
cysA,3.0,2.0,9.0
cysB,238.0,271.0,250.0
cysC,22.0,25.0,23.0
cysD,198.0,227.0,189.0
cysE,0.0,1.0,0.0
cysG,48.0,63.0,39.0
cysH,127.0,127.0,117.0
cysI,53.0,68.0,76.0
cysJ,31.0,32.0,23.0
cysK,419.0,383.0,440.0
cysM,3.0,5.0,6.0
cysN,81.0,71.0,70.0
cysP,0.0,0.0,0.0
cysQ,5.0,2.0,2.0
cysS,32.0,31.0,18.0
cysU,51.0,34.0,45.0
cysW,0.0,1.0,0.0
cysZ,41.0,42.0,51.0
cytR,100.0,141.0,101.0
dacA,161.0,180.0,201.0
dacB,187.0,214.0,208.0
dacC,230.0,219.0,213.0
dacD,216.0,221.0,215.0
dadA,1.0,2.0,0.0
dadX,0.0,0.0,0.0
dam,93.0,90.0,80.0
damX,15.0,23.0,17.0
dapA,289.0,244.0,208.0
dapB,77.0,74.0,60.0
dapD,62.0,58.0,59.0
dapE,66.0,66.0,61.0
dapF,1.0,1.0,2.0
dbpA,40.0,53.0,42.0
dcd,11.0,13.0,15.0
dcm,21.0,27.0,25.0
dcp,80.0,68.0,71.0
dcrB,52.0,44.0,42.0
dctA,112.0,140.0,131.0
dcuA,47.0,34.0,43.0
dcuB,10.0,19.0,15.0
dcuC,42.0,67.0,63.0
dcuD,176.0,174.0,183.0
dcuR,128.0,142.0,146.0
dcuS,90.0,106.0,96.0
dcyD,81.0,72.0,78.0
ddlA,120.0,110.0,109.0
ddlB,34.0,37.0,46.0
ddpA,37.0,57.0,50.0
ddpB,4.0,5.0,3.0
ddpC,47.0,49.0,60.0
ddpD,46.0,44.0,34.0
ddpF,66.0,68.0,70.0
ddpX,155.0,128.0,129.0
deaD,596.0,542.0,564.0
dedA,36.0,73.0,51.0
dedD,64.0,66.0,43.0
def,88.0,102.0,105.0
degP,203.0,190.0,208.0
degQ,164.0,164.0,163.0
degS,165.0,166.0,167.0
deoA,138.0,173.0,166.0
deoB,68.0,45.0,49.0
deoC,12.0,20.0,8.0
deoD,5.0,10.0,9.0
deoR,2.0,8.0,9.0
der,30.0,34.0,47.0
dfp,44.0,48.0,51.0
dgkA,1.0,1.0,0.0
dgoA,0.0,2.0,0.0
dgoD,169.0,149.0,157.0
dgoK,72.0,84.0,86.0
dgoR,1.0,0.0,0.0
dgoT,7.0,15.0,20.0
dgsA,141.0,180.0,152.0
dgt,188.0,185.0,161.0
dhaK,33.0,44.0,21.0
dhaL,28.0,25.0,27.0
dhaM,194.0,183.0,208.0
dhaR,114.0,106.0,123.0
diaA,259.0,282.0,255.0
dicA,5.0,0.0,5.0
dicB,3.0,2.0,1.0
dicC,39.0,38.0,42.0
dinB,1.0,0.0,0.0
dinD,164.0,163.0,170.0
dinF,58.0,91.0,72.0
dinG,220.0,215.0,214.0
dinI,13.0,18.0,19.0
dinJ,9.0,12.0,15.0
dipZ,92.0,97.0,103.0
djlA,0.0,2.0,1.0
djlB,256.0,230.0,239.0
djlC,110.0,108.0,102.0
dkgA,52.0,52.0,63.0
dkgB,182.0,164.0,160.0
dksA,0.0,0.0,1.0
dld,82.0,80.0,93.0
dmsA,119.0,110.0,96.0
dmsB,393.0,412.0,391.0
dmsC,1.0,0.0,0.0
dmsD,117.0,133.0,123.0
dnaA,295.0,299.0,309.0
dnaB,45.0,68.0,62.0
dnaC,233.0,218.0,215.0
dnaE,122.0,143.0,118.0
dnaG,225.0,219.0,248.0
dnaJ,121.0,124.0,146.0
dnaK,102.0,86.0,98.0
dnaN,92.0,93.0,78.0
dnaQ,82.0,79.0,70.0
dnaT,72.0,60.0,85.0
dnaX,227.0,259.0,217.0
dos,224.0,253.0,211.0
dppA,103.0,106.0,89.0
dppB,0.0,0.0,1.0
dppC,23.0,19.0,23.0
dppD,34.0,53.0,39.0
dppF,22.0,18.0,20.0
dps,8.0,10.0,9.0
dsbA,44.0,38.0,39.0
dsbB,31.0,32.0,30.0
dsbC,184.0,196.0,173.0
dsbG,211.0,214.0,196.0
dsdA,177.0,167.0,179.0
dsdC,88.0,72.0,78.0
dsdX,95.0,118.0,109.0
dsrB,0.0,1.0,1.0
dtd,2.0,10.0,9.0
dusA,179.0,192.0,180.0
dusB,103.0,95.0,116.0
dusC,61.0,39.0,52.0
dut,4.0,1.0,2.0
dxr,13.0,8.0,21.0
dxs,0.0,0.0,1.0
eaeH,92.0,90.0,88.0
eamA,142.0,140.0,153.0
ebgA,210.0,213.0,201.0
ebgC,105.0,117.0,106.0
ebgR,84.0,87.0,89.0
ecfK,137.0,149.0,181.0
ecnA,84.0,70.0,73.0
ecnB,43.0,35.0,35.0
eco,0.0,0.0,0.0
ecpD,121.0,132.0,118.0
eda,1.0,1.0,1.0
edd,190.0,191.0,167.0
efeU,2.0,1.0,5.0
efp,27.0,35.0,44.0
elaA,16.0,21.0,26.0
elaB,7.0,6.0,4.0
elaC,112.0,121.0,105.0
elaD,72.0,85.0,68.0
elbA,45.0,51.0,54.0
elbB,122.0,119.0,114.0
emrA,48.0,47.0,45.0
emrB,59.0,69.0,68.0
emrD,0.0,1.0,0.0
emrE,131.0,139.0,151.0
emrK,219.0,228.0,243.0
emrY,53.0,51.0,60.0
emtA,51.0,71.0,51.0
endA,48.0,58.0,37.0
eno,218.0,195.0,165.0
entA,36.0,44.0,39.0
entB,29.0,35.0,44.0
entC,3.0,9.0,2.0
entD,116.0,132.0,124.0
entE,9.0,13.0,8.0
entF,26.0,33.0,23.0
envC,101.0,90.0,100.0
envR,337.0,340.0,292.0
envY,198.0,184.0,184.0
envZ,58.0,73.0,63.0
epd,177.0,154.0,178.0
eptA,136.0,133.0,127.0
eptB,169.0,196.0,175.0
era,59.0,65.0,55.0
erfK,135.0,150.0,165.0
essD,54.0,59.0,44.0
essQ,141.0,138.0,149.0
etk,119.0,144.0,146.0
etp,107.0,119.0,108.0
eutA,56.0,64.0,43.0
eutB,79.0,96.0,92.0
eutC,0.0,5.0,2.0
eutE,80.0,102.0,71.0
eutG,70.0,63.0,63.0
eutH,57.0,54.0,46.0
eutI,1.0,0.0,0.0
eutJ,1.0,2.0,1.0
eutL,0.0,0.0,0.0
eutP,0.0,1.0,1.0
eutQ,0.0,0.0,0.0
eutT,0.0,0.0,0.0
evgA,165.0,149.0,167.0
evgS,169.0,184.0,168.0
exbB,60.0,73.0,56.0
exbD,98.0,90.0,94.0
exoX,110.0,114.0,112.0
exuR,99.0,124.0,104.0
exuT,69.0,81.0,71.0
fabA,73.0,76.0,74.0
fabB,117.0,108.0,132.0
fabD,54.0,43.0,58.0
fabF,307.0,270.0,288.0
fabG,183.0,208.0,196.0
fabH,37.0,26.0,29.0
fabI,8.0,10.0,6.0
fabR,16.0,26.0,24.0
fabZ,154.0,167.0,200.0
fadA,21.0,30.0,30.0
fadB,6.0,14.0,8.0
fadD,70.0,76.0,81.0
fadE,44.0,19.0,28.0
fadH,43.0,31.0,36.0
fadJ,146.0,163.0,130.0
fadK,164.0,154.0,153.0
fadL,135.0,126.0,147.0
fadR,97.0,119.0,113.0
fbaA,112.0,92.0,93.0
fbaB,174.0,162.0,182.0
fbp,63.0,48.0,39.0
fcl,0.0,0.0,1.0
fdhD,62.0,80.0,70.0
fdhE,37.0,28.0,38.0
fdhF,85.0,93.0,104.0
fdnG,236.0,253.0,215.0
fdnH,5.0,6.0,5.0
fdnI,110.0,105.0,134.0
fdoG,211.0,217.0,188.0
fdoH,29.0,23.0,39.0
fdoI,138.0,123.0,126.0
fdrA,146.0,148.0,130.0
fdx,0.0,2.0,0.0
feaB,23.0,24.0,27.0
feaR,244.0,279.0,224.0
fecA,38.0,35.0,28.0
fecB,39.0,39.0,29.0
fecC,3.0,3.0,5.0
fecD,0.0,0.0,0.0
fecE,105.0,77.0,78.0
fecI,0.0,0.0,1.0
fecR,0.0,0.0,2.0
feoA,1.0,3.0,0.0
feoB,115.0,100.0,101.0
fepA,129.0,128.0,116.0
fepB,23.0,35.0,22.0
fepC,82.0,95.0,81.0
fepD,5.0,7.0,9.0
fepE,161.0,164.0,183.0
fepG,0.0,0.0,0.0
fes,42.0,30.0,29.0
ffh,122.0,115.0,116.0
ffs,18475.0,19298.0,19469.0
fhlA,282.0,277.0,303.0
fhuA,201.0,201.0,186.0
fhuB,95.0,103.0,140.0
fhuC,0.0,2.0,0.0
fhuD,137.0,142.0,137.0
fhuE,142.0,127.0,110.0
fhuF,0.0,1.0,2.0
fic,7.0,4.0,10.0
fieF,68.0,66.0,62.0
fimA,221.0,195.0,204.0
fimB,113.0,90.0,80.0
fimC,133.0,178.0,154.0
fimD,129.0,128.0,105.0
fimE,84.0,86.0,110.0
fimF,1.0,3.0,4.0
fimG,1.0,2.0,1.0
fimH,177.0,181.0,181.0
fimI,149.0,153.0,141.0
fimZ,57.0,44.0,58.0
fis,479.0,511.0,495.0
fiu,163.0,172.0,166.0
fixA,61.0,71.0,58.0
fixB,0.0,0.0,2.0
fixC,152.0,162.0,167.0
fixX,97.0,103.0,100.0
fklB,0.0,1.0,1.0
fkpA,236.0,248.0,247.0
fkpB,16.0,17.0,23.0
fldA,187.0,232.0,193.0
fldB,0.0,0.0,0.0
flgA,79.0,76.0,83.0
flgB,81.0,96.0,86.0
flgC,34.0,29.0,35.0
flgD,1.0,0.0,0.0
flgE,118.0,115.0,120.0
flgF,285.0,271.0,282.0
flgG,55.0,66.0,65.0
flgH,125.0,141.0,136.0
flgI,2.0,1.0,0.0
flgJ,43.0,40.0,33.0
flgK,65.0,76.0,59.0
flgL,21.0,16.0,10.0
flgM,35.0,37.0,35.0
flgN,39.0,41.0,35.0
flhA,64.0,57.0,82.0
flhB,2.0,3.0,4.0
flhC,72.0,71.0,65.0
flhD,2.0,2.0,2.0
flhE,0.0,1.0,0.0
fliA,26.0,43.0,27.0
fliC,323.0,254.0,319.0
fliD,209.0,189.0,164.0
fliE,2.0,2.0,2.0
fliF,20.0,19.0,21.0
fliG,92.0,108.0,97.0
fliH,48.0,33.0,45.0
fliI,2.0,1.0,0.0
fliJ,54.0,47.0,58.0
fliK,20.0,16.0,16.0
fliL,1.0,3.0,1.0
fliM,69.0,69.0,66.0
fliN,34.0,32.0,35.0
fliO,0.0,2.0,1.0
fliP,11.0,8.0,9.0
fliQ,23.0,17.0,23.0
fliR,63.0,71.0,55.0
fliS,73.0,57.0,59.0
fliT,4.0,0.0,1.0
fliY,199.0,221.0,225.0
fliZ,106.0,106.0,100.0
flk,51.0,64.0,55.0
flu,15.0,14.0,12.0
flxA,11.0,11.0,21.0
fmt,0.0,2.0,3.0
fnr,15.0,11.0,16.0
focA,19.0,22.0,20.0
focB,1.0,8.0,4.0
folA,103.0,115.0,120.0
folB,6.0,11.0,8.0
folC,99.0,102.0,122.0
folD,92.0,100.0,106.0
folE,29.0,37.0,24.0
folK,194.0,234.0,226.0
folM,268.0,265.0,223.0
folP,10.0,10.0,18.0
folX,21.0,12.0,18.0
fpr,44.0,44.0,37.0
frc,195.0,209.0,213.0
frdA,14.0,18.0,25.0
frdB,15.0,17.0,13.0
frdC,36.0,27.0,27.0
frdD,0.0,0.0,0.0
fre,22.0,24.0,20.0
frlA,10.0,5.0,6.0
frlB,40.0,53.0,48.0
frlC,117.0,124.0,134.0
frlD,2.0,0.0,1.0
frlR,80.0,65.0,94.0
frmA,403.0,397.0,379.0
frmB,300.0,294.0,275.0
frmR,1.0,2.0,0.0
frr,204.0,208.0,213.0
frsA,50.0,41.0,41.0
fruA,106.0,99.0,82.0
fruB,1.0,0.0,0.0
fruK,34.0,36.0,40.0
fruR,14.0,15.0,20.0
frvA,0.0,0.0,1.0
frvB,1.0,1.0,1.0
frvR,92.0,84.0,98.0
frvX,121.0,133.0,116.0
frwB,75.0,90.0,83.0
frwC,0.0,0.0,1.0
frwD,47.0,49.0,43.0
fsaA,51.0,53.0,36.0
fsaB,51.0,45.0,42.0
fsr,126.0,128.0,106.0
ftn,154.0,134.0,137.0
ftsA,184.0,200.0,191.0
ftsB,14.0,18.0,12.0
ftsE,1.0,1.0,0.0
ftsH,438.0,418.0,427.0
ftsI,150.0,131.0,140.0
ftsK,181.0,151.0,177.0
ftsL,0.0,0.0,0.0
ftsN,0.0,0.0,0.0
ftsQ,1.0,2.0,3.0
ftsW,87.0,93.0,87.0
ftsX,192.0,188.0,186.0
ftsY,43.0,40.0,45.0
ftsZ,36.0,24.0,31.0
fucA,101.0,83.0,94.0
fucI,15.0,11.0,12.0
fucK,110.0,140.0,101.0
fucO,4.0,7.0,7.0
fucP,83.0,112.0,99.0
fucR,167.0,190.0,184.0
fucU,163.0,132.0,155.0
fumA,95.0,106.0,88.0
fumB,26.0,22.0,23.0
fumC,113.0,123.0,100.0
fur,275.0,299.0,271.0
fusA,394.0,361.0,379.0
fxsA,117.0,107.0,124.0
gabD,0.0,0.0,0.0
gabP,50.0,78.0,59.0
gabT,0.0,3.0,0.0
gadA,5.0,1.0,2.0
gadB,104.0,116.0,118.0
gadC,121.0,120.0,138.0
gadE,14.0,13.0,8.0
gadW,118.0,117.0,135.0
gadX,353.0,378.0,368.0
galE,129.0,194.0,158.0
galF,195.0,206.0,178.0
galM,0.0,0.0,0.0
galP,51.0,42.0,44.0
galR,57.0,64.0,52.0
galS,160.0,165.0,148.0
galU,124.0,119.0,110.0
gapA,223.0,226.0,212.0
gapC,24.0,30.0,19.0
garD,258.0,239.0,237.0
garK,67.0,62.0,65.0
garL,27.0,28.0,18.0
garP,85.0,83.0,84.0
garR,38.0,36.0,37.0
gatA,105.0,123.0,106.0
gatB,47.0,65.0,57.0
gatC,63.0,67.0,57.0
gatD,200.0,187.0,180.0
gatR,102.0,102.0,96.0
gatY,2.0,0.0,0.0
gatZ,206.0,208.0,204.0
gcd,78.0,54.0,64.0
gcl,146.0,144.0,164.0
gcvA,107.0,118.0,110.0
gcvH,80.0,82.0,93.0
gcvP,23.0,28.0,33.0
gcvR,138.0,142.0,138.0
gcvT,42.0,40.0,45.0
gdhA,47.0,63.0,72.0
gfcD,59.0,69.0,77.0
ggt,70.0,57.0,50.0
ghrB,192.0,199.0,188.0
gidA,152.0,174.0,159.0
gidB,81.0,88.0,83.0
glcA,73.0,67.0,75.0
glcB,80.0,76.0,54.0
glcC,81.0,88.0,62.0
glcD,9.0,7.0,1.0
glcE,6.0,6.0,9.0
glcF,46.0,62.0,52.0
glcG,1.0,1.0,1.0
gldA,117.0,134.0,103.0
glf,105.0,146.0,163.0
glgA,335.0,335.0,327.0
glgB,186.0,167.0,146.0
glgC,305.0,305.0,286.0
glgP,156.0,161.0,163.0
glgS,3.0,5.0,3.0
glgX,42.0,35.0,42.0
glk,50.0,43.0,61.0
glmM,104.0,89.0,107.0
glmS,185.0,188.0,191.0
glmU,19.0,26.0,39.0
glnA,66.0,90.0,88.0
glnB,42.0,50.0,39.0
glnD,82.0,102.0,88.0
glnE,238.0,260.0,236.0
glnG,26.0,25.0,24.0
glnH,218.0,218.0,235.0
glnK,179.0,193.0,178.0
glnL,126.0,122.0,124.0
glnP,37.0,41.0,38.0
glnQ,0.0,1.0,0.0
glnS,334.0,334.0,337.0
gloA,12.0,9.0,8.0
gloB,173.0,180.0,192.0
glpA,207.0,234.0,209.0
glpB,0.0,0.0,1.0
glpC,16.0,24.0,22.0
glpD,610.0,562.0,591.0
glpE,0.0,0.0,0.0
glpF,29.0,17.0,24.0
glpG,0.0,0.0,0.0
glpK,111.0,131.0,121.0
glpQ,147.0,168.0,186.0
glpR,164.0,177.0,166.0
glpT,74.0,82.0,84.0
glpX,1.0,1.0,1.0
gltA,151.0,173.0,180.0
gltB,151.0,145.0,132.0
gltD,1.0,1.0,1.0
gltF,152.0,148.0,155.0
gltI,90.0,102.0,96.0
gltJ,38.0,35.0,42.0
gltK,37.0,40.0,50.0
gltL,3.0,0.0,1.0
gltP,51.0,60.0,39.0
gltS,5.0,4.0,4.0
gltX,42.0,52.0,42.0
glvC,15.0,12.0,14.0
glvG,11.0,20.0,18.0
glxK,26.0,19.0,31.0
glxR,29.0,19.0,23.0
glyA,3.0,5.0,3.0
glyQ,2.0,0.0,0.0
glyS,4.0,1.0,3.0
gmd,58.0,50.0,53.0
gmhB,87.0,80.0,96.0
gmk,102.0,81.0,99.0
gmr,98.0,115.0,110.0
gnd,282.0,272.0,265.0
gnsA,6.0,12.0,7.0
gnsB,19.0,17.0,24.0
gntK,96.0,88.0,86.0
gntP,86.0,102.0,91.0
gntR,54.0,44.0,56.0
gntT,11.0,15.0,13.0
gntU,85.0,88.0,72.0
gntX,13.0,25.0,13.0
gntY,3.0,4.0,2.0
gor,122.0,104.0,122.0
gph,125.0,132.0,138.0
gpmA,18.0,22.0,25.0
gpmI,16.0,10.0,15.0
gpp,18.0,19.0,20.0
gpsA,18.0,8.0,17.0
greA,50.0,43.0,36.0
greB,8.0,15.0,22.0
groL,149.0,168.0,167.0
groS,143.0,149.0,121.0
grpE,1.0,0.0,0.0
grxA,79.0,98.0,80.0
grxB,174.0,166.0,168.0
grxC,0.0,0.0,0.0
grxD,37.0,36.0,38.0
gshA,267.0,260.0,251.0
gshB,26.0,27.0,33.0
gsk,236.0,240.0,245.0
gspA,78.0,99.0,95.0
gspC,138.0,143.0,135.0
gspD,106.0,134.0,131.0
gspE,137.0,143.0,104.0
gspF,60.0,60.0,66.0
gspG,24.0,28.0,29.0
gspH,73.0,77.0,82.0
gspI,97.0,100.0,88.0
gspJ,67.0,64.0,71.0
gspK,177.0,214.0,200.0
gspL,182.0,182.0,173.0
gspM,54.0,61.0,47.0
gspO,110.0,115.0,115.0
gss,182.0,177.0,153.0
gst,39.0,29.0,37.0
guaA,87.0,70.0,82.0
guaB,188.0,184.0,201.0
guaC,373.0,416.0,399.0
guaD,141.0,131.0,107.0
gudD,22.0,21.0,13.0
gudP,96.0,84.0,95.0
gudX,139.0,136.0,136.0
gutM,43.0,51.0,46.0
gutQ,0.0,0.0,0.0
gyrA,64.0,66.0,69.0
gyrB,138.0,152.0,136.0
hcaB,0.0,0.0,0.0
hcaC,14.0,15.0,13.0
hcaD,23.0,28.0,16.0
hcaE,32.0,41.0,33.0
hcaF,69.0,46.0,62.0
hcaR,71.0,64.0,89.0
hcaT,61.0,69.0,89.0
hchA,139.0,129.0,123.0
hcp,47.0,47.0,65.0
hcr,14.0,3.0,7.0
hda,0.0,2.0,2.0
hdeA,12.0,11.0,15.0
hdeB,45.0,40.0,37.0
hdeD,76.0,80.0,61.0
hdfR,123.0,136.0,122.0
hdhA,377.0,432.0,355.0
helD,219.0,251.0,234.0
hemA,1.0,1.0,1.0
hemB,66.0,75.0,65.0
hemC,21.0,18.0,20.0
hemD,0.0,0.0,0.0
hemE,0.0,0.0,0.0
hemF,15.0,11.0,12.0
hemG,55.0,71.0,78.0
hemH,165.0,176.0,189.0
hemL,38.0,29.0,31.0
hemN,0.0,0.0,1.0
hemX,309.0,294.0,295.0
hemY,4.0,4.0,4.0
hepA,84.0,85.0,85.0
hflC,113.0,110.0,120.0
hflD,1.0,1.0,0.0
hflK,1.0,3.0,0.0
hflX,154.0,158.0,160.0
hfq,138.0,152.0,119.0
hha,5.0,8.0,4.0
hinT,37.0,39.0,42.0
hipA,167.0,176.0,141.0
hipB,6.0,6.0,8.0
hisA,0.0,0.0,0.0
hisB,20.0,24.0,27.0
hisC,106.0,114.0,105.0
hisD,4.0,2.0,5.0
hisF,5.0,6.0,5.0
hisG,74.0,73.0,60.0
hisH,0.0,0.0,1.0
hisI,8.0,9.0,10.0
hisJ,210.0,178.0,189.0
hisL,95.0,117.0,89.0
hisM,59.0,60.0,73.0
hisP,2.0,3.0,0.0
hisQ,63.0,81.0,66.0
hisS,60.0,49.0,71.0
hlpA,2.0,0.0,0.0
hlyE,144.0,156.0,159.0
hmp,48.0,60.0,33.0
hns,133.0,99.0,118.0
hofB,91.0,108.0,102.0
hofC,76.0,86.0,85.0
hofQ,34.0,33.0,23.0
hokA,7.0,9.0,10.0
hokB,4.0,8.0,4.0
hokC,557.0,586.0,529.0
hokD,120.0,125.0,109.0
hokE,80.0,95.0,98.0
holA,8.0,3.0,2.0
holB,78.0,78.0,56.0
holC,8.0,5.0,9.0
holD,0.0,0.0,0.0
holE,8.0,2.0,7.0
hpf,13.0,18.0,17.0
hpt,1.0,1.0,5.0
hrpA,102.0,103.0,115.0
hrpB,36.0,55.0,41.0
hscA,99.0,98.0,109.0
hscB,40.0,50.0,31.0
hscC,227.0,194.0,186.0
hsdM,66.0,87.0,88.0
hsdR,284.0,320.0,286.0
hsdS,143.0,122.0,158.0
hslJ,254.0,256.0,272.0
hslO,216.0,183.0,201.0
hslR,27.0,32.0,27.0
hslU,28.0,22.0,32.0
hslV,55.0,53.0,60.0
hspQ,84.0,74.0,78.0
hsrA,74.0,64.0,63.0
htgA,28.0,18.0,20.0
htpG,121.0,105.0,95.0
htpX,0.0,1.0,0.0
htrC,141.0,145.0,116.0
htrE,119.0,110.0,109.0
htrG,80.0,66.0,83.0
htrL,155.0,153.0,151.0
hupA,0.0,2.0,0.0
hupB,388.0,385.0,407.0
hyaA,54.0,73.0,59.0
hyaB,1.0,3.0,0.0
hyaC,73.0,82.0,70.0
hyaD,0.0,0.0,0.0
hyaE,0.0,0.0,0.0
hyaF,45.0,35.0,43.0
hybA,0.0,0.0,0.0
hybB,99.0,126.0,86.0
hybC,123.0,100.0,115.0
hybD,2.0,3.0,2.0
hybE,7.0,8.0,15.0
hybF,22.0,26.0,19.0
hybG,3.0,2.0,3.0
hybO,172.0,154.0,162.0
hycA,30.0,41.0,41.0
hycB,12.0,19.0,21.0
hycC,90.0,81.0,77.0
hycD,0.0,0.0,0.0
hycE,24.0,30.0,42.0
hycF,0.0,0.0,0.0
hycG,14.0,24.0,19.0
hycH,51.0,50.0,38.0
hycI,237.0,278.0,261.0
hydN,0.0,1.0,1.0
hyfA,11.0,7.0,5.0
hyfB,57.0,75.0,75.0
hyfC,74.0,69.0,69.0
hyfD,26.0,30.0,28.0
hyfE,11.0,12.0,14.0
hyfF,43.0,44.0,39.0
hyfG,35.0,38.0,44.0
hyfH,3.0,17.0,8.0
hyfI,0.0,0.0,0.0
hyfJ,101.0,112.0,114.0
hyfR,116.0,108.0,118.0
hyi,241.0,274.0,261.0
hypA,0.0,0.0,0.0
hypB,22.0,24.0,19.0
hypC,1.0,1.0,0.0
hypD,33.0,29.0,29.0
hypE,4.0,2.0,1.0
hypF,1.0,3.0,0.0
hyuA,47.0,43.0,41.0
iaaA,0.0,0.0,2.0
iadA,2.0,1.0,1.0
iap,48.0,61.0,60.0
ibpA,157.0,167.0,174.0
ibpB,1.0,0.0,4.0
icd,215.0,180.0,226.0
icdC,129.0,106.0,105.0
iclR,1.0,0.0,0.0
idi,53.0,59.0,50.0
idnD,101.0,82.0,97.0
idnK,221.0,227.0,205.0
idnO,103.0,110.0,104.0
idnR,91.0,66.0,93.0
idnT,213.0,204.0,207.0
ihfA,136.0,158.0,138.0
ihfB,30.0,35.0,29.0
ileS,28.0,36.0,26.0
ilvA,27.0,32.0,35.0
ilvB,96.0,92.0,87.0
ilvC,171.0,196.0,169.0
ilvD,141.0,151.0,151.0
ilvE,1.0,1.0,0.0
ilvG,18.0,19.0,10.0
ilvH,144.0,112.0,104.0
ilvI,164.0,154.0,154.0
ilvL,0.0,0.0,0.0
ilvM,54.0,66.0,54.0
ilvN,25.0,18.0,18.0
ilvY,0.0,0.0,0.0
imp,531.0,521.0,491.0
inaA,161.0,172.0,152.0
infA,2.0,1.0,0.0
infB,390.0,403.0,366.0
infC,3.0,3.0,3.0
insA-7,73.0,92.0,78.0
insC-2,33.0,40.0,33.0
insD-2,9.0,9.0,5.0
insE-4,273.0,250.0,268.0
insF-4,47.0,55.0,54.0
insG,150.0,148.0,158.0
insH-1,273.0,274.0,265.0
insH-5,0.0,1.0,0.0
insH-6,47.0,49.0,37.0
insI-1,176.0,118.0,155.0
insI-2,36.0,11.0,19.0
insJ,340.0,326.0,341.0
insK,234.0,213.0,228.0
insL-3,104.0,102.0,99.0
insM,145.0,149.0,166.0
insN-1,3.0,3.0,3.0
insN-2,53.0,53.0,55.0
insO-1,4.0,3.0,10.0
insO-2,122.0,157.0,133.0
intA,188.0,180.0,166.0
intB,179.0,191.0,193.0
intD,160.0,192.0,150.0
intE,130.0,144.0,159.0
intF,57.0,59.0,51.0
intG,103.0,106.0,104.0
intQ,171.0,192.0,184.0
intR,85.0,75.0,67.0
intS,131.0,139.0,118.0
intZ,38.0,46.0,36.0
iraP,115.0,105.0,88.0
iscA,35.0,42.0,52.0
iscR,81.0,63.0,85.0
iscS,7.0,6.0,2.0
iscU,271.0,310.0,278.0
ispA,3.0,2.0,1.0
ispB,110.0,124.0,107.0
ispD,28.0,23.0,38.0
ispE,157.0,179.0,183.0
ispF,47.0,49.0,49.0
ispG,58.0,72.0,47.0
ispH,60.0,81.0,74.0
ispU,129.0,125.0,120.0
ivbL,153.0,195.0,169.0
ivy,61.0,86.0,74.0
kanR,15122.0,15666.0,15766.0
katE,153.0,192.0,179.0
katG,165.0,182.0,177.0
kbaY,25.0,19.0,24.0
kbaZ,0.0,1.0,2.0
kbl,9.0,9.0,9.0
kch,197.0,210.0,189.0
kdgK,2.0,2.0,4.0
kdgR,39.0,40.0,43.0
kdgT,47.0,54.0,44.0
kdpA,72.0,67.0,62.0
kdpB,8.0,9.0,10.0
kdpC,20.0,22.0,15.0
kdpD,88.0,98.0,91.0
kdpE,0.0,0.0,0.0
kdpF,1.0,0.0,1.0
kdsA,61.0,64.0,67.0
kdsB,14.0,16.0,10.0
kdsC,20.0,27.0,22.0
kdsD,73.0,77.0,76.0
kdtA,46.0,49.0,41.0
kduD,72.0,69.0,67.0
kduI,72.0,78.0,99.0
kefA,141.0,173.0,150.0
kefB,130.0,133.0,118.0
kefC,29.0,31.0,17.0
kefF,18.0,12.0,17.0
kefG,52.0,47.0,49.0
kgtP,391.0,410.0,423.0
kil,53.0,49.0,38.0
kptA,141.0,135.0,148.0
ksgA,89.0,87.0,104.0
lafU,15.0,19.0,30.0
lamB,62.0,49.0,52.0
lar,15.0,16.0,20.0
ldcA,90.0,77.0,85.0
ldcC,74.0,63.0,67.0
ldhA,138.0,165.0,141.0
ldrB,29.0,40.0,49.0
ldrC,17.0,20.0,27.0
ldrD,72.0,82.0,58.0
lepA,191.0,185.0,241.0
lepB,17.0,29.0,33.0
leuA,109.0,108.0,110.0
leuB,7.0,2.0,4.0
leuC,106.0,107.0,112.0
leuD,11.0,11.0,4.0
leuL,7.0,15.0,9.0
leuO,104.0,133.0,140.0
leuS,145.0,200.0,181.0
lfhA,4.0,5.0,7.0
lgt,33.0,37.0,38.0
lhr,30.0,30.0,41.0
ligA,178.0,184.0,225.0
ligB,192.0,169.0,150.0
ligT,0.0,1.0,0.0
lipA,2.0,1.0,3.0
lipB,33.0,36.0,42.0
lit,280.0,310.0,324.0
livF,0.0,2.0,2.0
livG,75.0,99.0,77.0
livH,80.0,58.0,52.0
livJ,136.0,138.0,163.0
livK,108.0,108.0,80.0
livM,2.0,1.0,1.0
lldD,191.0,220.0,231.0
lldP,43.0,56.0,44.0
lldR,24.0,27.0,26.0
lnt,1.0,0.0,0.0
lolA,211.0,199.0,189.0
lolB,47.0,54.0,42.0
lolC,25.0,36.0,39.0
lolD,33.0,42.0,30.0
lolE,46.0,64.0,39.0
lomR,106.0,115.0,112.0
lon,178.0,145.0,170.0
lpcA,63.0,68.0,81.0
lpd,80.0,77.0,80.0
lplA,78.0,77.0,67.0
lpp,133.0,155.0,124.0
lpxA,84.0,75.0,81.0
lpxB,61.0,54.0,59.0
lpxC,118.0,110.0,89.0
lpxD,37.0,37.0,35.0
lpxH,0.0,1.0,0.0
lpxK,112.0,149.0,111.0
lpxL,45.0,48.0,40.0
lpxM,33.0,30.0,46.0
lpxP,70.0,81.0,93.0
lrhA,256.0,263.0,256.0
lrp,146.0,173.0,147.0
lspA,54.0,47.0,50.0
lsrA,84.0,102.0,83.0
lsrB,102.0,107.0,105.0
lsrC,1.0,2.0,3.0
lsrD,190.0,189.0,186.0
lsrF,118.0,116.0,101.0
lsrG,67.0,69.0,58.0
lsrK,200.0,193.0,191.0
lsrR,15.0,14.0,15.0
ltaE,12.0,5.0,4.0
luxS,243.0,278.0,271.0
lysA,65.0,75.0,58.0
lysC,19.0,25.0,17.0
lysP,52.0,47.0,63.0
lysR,87.0,84.0,78.0
lysS,160.0,146.0,176.0
lysT--lysQoperon,4946.0,5012.0,4984.0
lysU,151.0,132.0,138.0
lyxK,57.0,65.0,66.0
mCherry,10112.0,10248.0,10341.0
maa,24.0,34.0,22.0
macA,31.0,41.0,49.0
macB,48.0,60.0,52.0
maeB,96.0,90.0,89.0
mak,70.0,65.0,61.0
malF,112.0,103.0,96.0
malG,40.0,41.0,41.0
malI,14.0,16.0,19.0
malK,76.0,60.0,64.0
malM,24.0,18.0,16.0
malP,71.0,79.0,62.0
malQ,156.0,167.0,145.0
malS,42.0,43.0,44.0
malT,169.0,167.0,145.0
malX,69.0,80.0,78.0
malY,213.0,221.0,187.0
malZ,247.0,237.0,237.0
manA,13.0,16.0,17.0
manX,42.0,45.0,25.0
manY,73.0,84.0,83.0
manZ,90.0,104.0,103.0
maoC,84.0,104.0,82.0
map,43.0,27.0,34.0
marA,16.0,13.0,13.0
marB,22.0,20.0,19.0
marC,49.0,57.0,44.0
marR,38.0,35.0,42.0
mazG,91.0,130.0,116.0
mcrA,345.0,340.0,320.0
mcrB,81.0,84.0,74.0
mcrC,125.0,123.0,116.0
mdaB,42.0,45.0,40.0
mdh,66.0,52.0,48.0
mdlA,88.0,78.0,58.0
mdlB,27.0,29.0,25.0
mdoB,51.0,52.0,59.0
mdoC,135.0,125.0,107.0
mdoD,153.0,183.0,147.0
mdoG,251.0,236.0,255.0
mdoH,70.0,84.0,68.0
mdtA,81.0,61.0,56.0
mdtB,157.0,156.0,152.0
mdtC,100.0,98.0,76.0
mdtD,25.0,23.0,18.0
mdtE,6.0,4.0,3.0
mdtF,260.0,241.0,253.0
mdtG,107.0,124.0,115.0
mdtH,1.0,1.0,0.0
mdtI,57.0,62.0,65.0
mdtJ,0.0,2.0,2.0
mdtK,25.0,28.0,26.0
mdtL,38.0,34.0,25.0
mdtQ,157.0,160.0,131.0
melA,96.0,100.0,106.0
melB,205.0,234.0,203.0
melR,76.0,67.0,86.0
menA,34.0,40.0,33.0
menB,12.0,14.0,10.0
menC,39.0,39.0,44.0
menD,0.0,0.0,0.0
menE,14.0,9.0,17.0
menF,8.0,13.0,9.0
mepA,0.0,2.0,0.0
metA,133.0,123.0,145.0
metB,0.0,0.0,0.0
metC,135.0,117.0,118.0
metE,189.0,217.0,203.0
metF,113.0,90.0,93.0
metG,49.0,62.0,72.0
metH,234.0,263.0,251.0
metI,88.0,113.0,87.0
metJ,1.0,1.0,0.0
metK,34.0,44.0,54.0
metL,3.0,1.0,1.0
metN,1.0,1.0,0.0
metQ,40.0,46.0,37.0
metR,1.0,1.0,3.0
mfd,144.0,141.0,175.0
mglA,154.0,164.0,163.0
mglB,99.0,112.0,98.0
mglC,38.0,48.0,50.0
mgsA,2.0,1.0,1.0
mgtA,457.0,424.0,435.0
mhpA,107.0,98.0,73.0
mhpB,0.0,2.0,1.0
mhpC,40.0,39.0,42.0
mhpD,19.0,23.0,23.0
mhpE,7.0,9.0,15.0
mhpF,75.0,92.0,66.0
mhpR,0.0,0.0,0.0
mhpT,1.0,3.0,0.0
miaA,127.0,154.0,141.0
miaB,52.0,66.0,56.0
minC,0.0,1.0,1.0
minD,301.0,339.0,300.0
minE,0.0,1.0,0.0
mioC,3.0,2.0,2.0
mipA,85.0,97.0,103.0
mlrA,35.0,39.0,36.0
mltA,51.0,77.0,56.0
mltB,0.0,0.0,0.0
mltC,131.0,117.0,122.0
mltD,261.0,252.0,250.0
mmuM,1.0,1.0,0.0
mmuP,76.0,94.0,64.0
mngA,55.0,52.0,57.0
mngB,125.0,135.0,114.0
mngR,84.0,91.0,76.0
mnmA,52.0,63.0,51.0
mnmC,42.0,37.0,33.0
mnmE,20.0,28.0,30.0
mntH,116.0,125.0,107.0
mntR,3.0,0.0,1.0
moaA,69.0,88.0,55.0
moaB,3.0,4.0,5.0
moaC,0.0,3.0,0.0
moaE,3.0,0.0,2.0
mobA,110.0,112.0,109.0
mobB,214.0,222.0,223.0
modA,490.0,445.0,462.0
modB,65.0,70.0,61.0
modC,0.0,0.0,0.0
modE,49.0,71.0,68.0
modF,29.0,42.0,40.0
moeA,60.0,64.0,76.0
moeB,3.0,4.0,4.0
mog,1.0,3.0,3.0
mokB,23.0,26.0,27.0
mokC,17.0,17.0,17.0
molR,588.0,602.0,564.0
motA,56.0,54.0,63.0
motB,147.0,147.0,187.0
mpaA,52.0,60.0,61.0
mpl,13.0,17.0,12.0
mppA,119.0,141.0,138.0
mprA,71.0,92.0,67.0
mqo,2.0,3.0,1.0
mqsR,0.0,1.0,0.0
mraW,0.0,0.0,0.0
mraY,35.0,25.0,41.0
mraZ,1.0,0.0,0.0
mrcA,73.0,61.0,79.0
mrcB,212.0,218.0,207.0
mrdA,67.0,67.0,71.0
mrdB,94.0,94.0,97.0
mreB,45.0,46.0,54.0
mreC,22.0,23.0,24.0
mreD,26.0,28.0,27.0
mrp,34.0,38.0,54.0
mrr,114.0,113.0,111.0
ms2_rev,2.0,10.0,4.0
msbA,250.0,242.0,241.0
mscL,82.0,91.0,75.0
mscS,161.0,149.0,160.0
msrA,38.0,34.0,32.0
msrB,102.0,98.0,99.0
msyB,20.0,11.0,17.0
mtgA,21.0,26.0,18.0
mtlA,177.0,176.0,149.0
mtlD,22.0,37.0,34.0
mtlR,20.0,40.0,30.0
mtn,4.0,3.0,1.0
mtr,68.0,71.0,45.0
mug,30.0,35.0,34.0
mukB,58.0,72.0,61.0
mukE,22.0,13.0,11.0
mukF,243.0,229.0,202.0
murA,5.0,3.0,2.0
murB,63.0,72.0,89.0
murC,31.0,21.0,20.0
murD,129.0,143.0,108.0
murE,1.0,0.0,3.0
murF,53.0,81.0,67.0
murG,21.0,28.0,24.0
murI,127.0,100.0,122.0
murP,0.0,1.0,6.0
mutH,179.0,192.0,131.0
mutL,80.0,76.0,73.0
mutM,15.0,11.0,12.0
mutS,183.0,197.0,167.0
mutT,28.0,23.0,11.0
mutY,168.0,211.0,194.0
mviM,0.0,0.0,0.0
nac,527.0,577.0,492.0
nadA,191.0,184.0,188.0
nadB,24.0,18.0,27.0
nadC,59.0,55.0,65.0
nadD,28.0,26.0,21.0
nadE,107.0,96.0,105.0
nadK,141.0,149.0,131.0
nadR,99.0,112.0,93.0
nagA,79.0,94.0,100.0
nagB,33.0,28.0,25.0
nagC,160.0,160.0,133.0
nagD,2.0,4.0,2.0
nagE,221.0,229.0,239.0
nagK,77.0,68.0,73.0
nagZ,76.0,83.0,72.0
nanA,84.0,91.0,99.0
nanE,34.0,35.0,35.0
nanK,1.0,1.0,0.0
nanR,3.0,1.0,1.0
nanT,21.0,31.0,32.0
napA,47.0,59.0,52.0
napB,113.0,107.0,107.0
napC,31.0,31.0,17.0
napD,69.0,94.0,69.0
napF,19.0,18.0,11.0
napG,15.0,14.0,12.0
napH,41.0,42.0,35.0
narG,5.0,2.0,0.0
narH,11.0,8.0,5.0
narI,7.0,2.0,5.0
narJ,12.0,11.0,11.0
narK,10.0,10.0,2.0
narL,64.0,79.0,79.0
narP,112.0,130.0,141.0
narQ,132.0,145.0,113.0
narU,49.0,56.0,61.0
narV,23.0,36.0,17.0
narW,36.0,30.0,23.0
narX,366.0,393.0,384.0
narY,17.0,16.0,11.0
narZ,65.0,102.0,106.0
ndh,123.0,139.0,124.0
ndk,151.0,164.0,147.0
nei,28.0,22.0,32.0
nemA,30.0,29.0,24.0
nepI,57.0,52.0,52.0
nfi,28.0,40.0,29.0
nfnB,16.0,29.0,28.0
nfo,19.0,19.0,10.0
nfrA,174.0,150.0,138.0
nfrB,65.0,62.0,65.0
nfsA,30.0,34.0,48.0
nhaA,78.0,80.0,63.0
nhaB,542.0,580.0,531.0
nhaR,315.0,323.0,320.0
nhoA,46.0,36.0,48.0
nikA,179.0,172.0,196.0
nikB,6.0,6.0,9.0
nikC,11.0,14.0,18.0
nikD,3.0,1.0,1.0
nikE,128.0,134.0,147.0
nikR,27.0,26.0,31.0
ninE,31.0,38.0,33.0
nirB,213.0,210.0,208.0
nirC,31.0,24.0,31.0
nirD,23.0,37.0,16.0
nlpA,83.0,85.0,93.0
nlpB,154.0,151.0,172.0
nlpC,20.0,8.0,8.0
nlpD,170.0,176.0,153.0
nlpE,61.0,65.0,61.0
nlpI,450.0,495.0,518.0
nmpC,148.0,161.0,172.0
norR,1.0,0.0,1.0
norV,44.0,53.0,76.0
norW,2.0,0.0,0.0
npr,77.0,81.0,86.0
nrdA,88.0,96.0,86.0
nrdB,56.0,51.0,50.0
nrdD,61.0,71.0,61.0
nrdE,171.0,188.0,162.0
nrdF,43.0,71.0,58.0
nrdG,64.0,78.0,61.0
nrdH,1.0,0.0,0.0
nrdI,59.0,55.0,46.0
nrdR,114.0,88.0,88.0
nrfA,66.0,79.0,68.0
nrfB,173.0,182.0,170.0
nrfC,0.0,0.0,0.0
nrfD,53.0,75.0,66.0
nrfE,0.0,1.0,2.0
nrfF,0.0,0.0,0.0
nrfG,20.0,16.0,17.0
nsrR,146.0,173.0,142.0
nth,39.0,38.0,23.0
nudB,478.0,477.0,528.0
nudC,153.0,145.0,132.0
nudD,39.0,48.0,53.0
nudE,48.0,38.0,34.0
nudF,28.0,38.0,37.0
nudG,0.0,1.0,0.0
nudH,127.0,124.0,117.0
nudI,106.0,101.0,98.0
nudJ,48.0,31.0,33.0
nudK,49.0,65.0,53.0
nuoA,19.0,26.0,31.0
nuoB,53.0,56.0,46.0
nuoC,152.0,126.0,151.0
nuoE,0.0,0.0,2.0
nuoF,20.0,16.0,16.0
nuoG,0.0,0.0,0.0
nuoH,28.0,16.0,19.0
nuoI,0.0,0.0,0.0
nuoJ,16.0,15.0,14.0
nuoK,4.0,8.0,11.0
nuoL,3.0,6.0,3.0
nuoM,81.0,86.0,81.0
nuoN,2.0,0.0,0.0
nupC,215.0,225.0,207.0
nupG,197.0,179.0,169.0
nusA,187.0,175.0,195.0
nusB,0.0,0.0,0.0
nusG,282.0,237.0,256.0
obgE,91.0,80.0,93.0
ogrK,11.0,11.0,10.0
ogt,68.0,66.0,53.0
ompA,146.0,101.0,114.0
ompC,221.0,250.0,237.0
ompF,202.0,225.0,223.0
ompG,62.0,53.0,65.0
ompL,124.0,118.0,119.0
ompN,76.0,106.0,106.0
ompR,5.0,5.0,5.0
ompT,279.0,274.0,252.0
ompW,149.0,144.0,119.0
ompX,3.0,0.0,4.0
oppA,124.0,96.0,111.0
oppB,73.0,74.0,79.0
oppC,19.0,31.0,31.0
oppD,79.0,89.0,91.0
oppF,0.0,0.0,0.0
orn,32.0,42.0,31.0
osmB,7.0,6.0,6.0
osmC,38.0,40.0,30.0
osmE,3.0,0.0,6.0
osmY,47.0,51.0,51.0
otsA,119.0,130.0,111.0
otsB,128.0,130.0,126.0
oxc,107.0,128.0,127.0
oxyR,26.0,45.0,36.0
paaA,35.0,44.0,48.0
paaB,16.0,19.0,20.0
paaC,37.0,30.0,34.0
paaD,0.0,0.0,0.0
paaE,60.0,66.0,81.0
paaF,1.0,1.0,1.0
paaG,118.0,104.0,86.0
paaH,95.0,95.0,84.0
paaI,40.0,38.0,42.0
paaJ,174.0,189.0,155.0
paaK,170.0,177.0,165.0
paaX,43.0,36.0,42.0
paaY,106.0,89.0,89.0
pabA,2.0,1.0,3.0
pabB,88.0,92.0,102.0
pabC,73.0,76.0,82.0
pal,1.0,4.0,3.0
panB,4.0,0.0,0.0
panC,42.0,50.0,37.0
panD,0.0,0.0,1.0
panE,57.0,56.0,58.0
panF,4.0,5.0,4.0
parC,138.0,125.0,128.0
parE,43.0,57.0,32.0
pbl,15.0,11.0,15.0
pbpC,3.0,4.0,5.0
pbpG,84.0,94.0,99.0
pck,164.0,170.0,180.0
pcm,3.0,5.0,5.0
pcnB,304.0,305.0,331.0
pdhR,89.0,68.0,62.0
pdxA,129.0,140.0,130.0
pdxB,54.0,63.0,75.0
pdxH,93.0,100.0,77.0
pdxJ,12.0,13.0,9.0
pdxK,0.0,3.0,4.0
pdxY,2.0,0.0,0.0
pepA,71.0,78.0,82.0
pepB,1.0,1.0,1.0
pepD,114.0,134.0,135.0
pepE,1.0,2.0,2.0
pepN,201.0,210.0,198.0
pepP,158.0,159.0,183.0
pepQ,51.0,57.0,60.0
pepT,335.0,344.0,363.0
perR,306.0,345.0,340.0
pfkA,24.0,23.0,22.0
pfkB,53.0,62.0,48.0
pflA,3.0,0.0,1.0
pflB,285.0,318.0,293.0
pflC,60.0,65.0,54.0
pflD,199.0,195.0,208.0
pgaA,142.0,136.0,139.0
pgaB,130.0,132.0,130.0
pgaC,91.0,101.0,91.0
pgaD,125.0,144.0,161.0
pgi,57.0,58.0,60.0
pgk,117.0,109.0,126.0
pgl,246.0,261.0,262.0
pgm,273.0,276.0,258.0
pgpA,17.0,16.0,18.0
pgpB,156.0,181.0,189.0
pgsA,0.0,0.0,0.0
pheA,180.0,195.0,197.0
pheL,1.0,9.0,2.0
pheP,1.0,0.0,1.0
pheT,171.0,202.0,157.0
phnA,34.0,35.0,41.0
phnB,1.0,2.0,1.0
phnC,0.0,0.0,2.0
phnD,1.0,0.0,0.0
phnE,121.0,113.0,123.0
phnF,1.0,3.0,4.0
phnG,0.0,0.0,0.0
phnH,1.0,0.0,1.0
phnI,0.0,1.0,1.0
phnJ,133.0,138.0,115.0
phnK,96.0,89.0,109.0
phnL,0.0,3.0,1.0
phnM,52.0,36.0,57.0
phnN,182.0,236.0,199.0
phnO,0.0,0.0,0.0
phnP,0.0,2.0,2.0
phoA,0.0,1.0,0.0
phoB,2.0,4.0,3.0
phoE,117.0,111.0,94.0
phoH,129.0,116.0,112.0
phoP,308.0,338.0,309.0
phoQ,130.0,130.0,115.0
phoR,101.0,106.0,105.0
phoU,164.0,134.0,133.0
php,26.0,42.0,27.0
phr,170.0,177.0,165.0
pin,68.0,56.0,59.0
pinH,19.0,22.0,23.0
pinQ,145.0,180.0,162.0
pinR,68.0,82.0,91.0
pioO,16.0,10.0,13.0
pitA,24.0,35.0,26.0
pitB,2.0,1.0,3.0
pldA,20.0,19.0,21.0
pldB,0.0,0.0,1.0
plsB,203.0,195.0,193.0
plsC,95.0,106.0,95.0
plsX,313.0,358.0,299.0
pmbA,60.0,47.0,50.0
pmrD,74.0,77.0,54.0
pncA,39.0,52.0,49.0
pncB,223.0,215.0,196.0
pnp,70.0,69.0,66.0
pntA,129.0,114.0,130.0
pntB,293.0,326.0,295.0
pnuC,113.0,125.0,101.0
polA,87.0,86.0,88.0
polB,2.0,2.0,4.0
potA,70.0,67.0,61.0
potB,51.0,69.0,58.0
potC,0.0,0.0,0.0
potD,236.0,219.0,248.0
potE,189.0,211.0,192.0
potF,15.0,20.0,21.0
potG,32.0,38.0,42.0
potH,99.0,107.0,81.0
potI,0.0,3.0,0.0
poxA,20.0,21.0,24.0
poxB,78.0,83.0,89.0
ppa,2.0,0.0,1.0
ppc,146.0,139.0,130.0
ppdA,0.0,0.0,0.0
ppdB,35.0,58.0,39.0
ppdC,0.0,1.0,1.0
ppdD,66.0,74.0,68.0
pphA,258.0,297.0,269.0
pphB,91.0,96.0,97.0
ppiA,0.0,0.0,0.0
ppiB,42.0,33.0,40.0
ppiC,158.0,143.0,143.0
ppiD,141.0,172.0,146.0
ppk,81.0,86.0,100.0
pppA,138.0,119.0,127.0
pps,209.0,231.0,230.0
ppx,95.0,110.0,106.0
pqiA,190.0,194.0,194.0
pqiB,92.0,81.0,102.0
pqqL,31.0,31.0,29.0
prc,128.0,150.0,136.0
prfA,174.0,172.0,168.0
prfB,70.0,84.0,92.0
prfC,21.0,25.0,16.0
prfH,26.0,33.0,18.0
priA,2.0,1.0,0.0
priB,2.0,1.0,2.0
priC,0.0,0.0,0.0
prkB,154.0,176.0,140.0
prlC,228.0,226.0,209.0
prmA,16.0,16.0,12.0
prmB,79.0,91.0,94.0
prmC,9.0,12.0,10.0
proA,71.0,72.0,76.0
proB,0.0,3.0,2.0
proC,20.0,21.0,30.0
proP,433.0,470.0,434.0
proQ,23.0,20.0,19.0
proS,78.0,90.0,77.0
proV,204.0,209.0,214.0
proW,0.0,0.0,0.0
proX,37.0,41.0,50.0
proY,0.0,2.0,0.0
prpB,63.0,63.0,63.0
prpC,2.0,0.0,2.0
prpD,29.0,35.0,27.0
prpE,6.0,10.0,11.0
prpR,122.0,88.0,81.0
prsA,64.0,69.0,87.0
psd,127.0,157.0,133.0
psiE,119.0,124.0,125.0
psiF,69.0,66.0,52.0
pspA,144.0,128.0,131.0
pspB,24.0,33.0,20.0
pspC,36.0,53.0,46.0
pspD,0.0,0.0,0.0
pspE,23.0,30.0,17.0
pspF,161.0,182.0,155.0
pssA,66.0,73.0,71.0
pstA,17.0,22.0,28.0
pstB,23.0,32.0,38.0
pstC,65.0,51.0,54.0
pstS,20.0,15.0,20.0
pta,267.0,253.0,258.0
pth,154.0,142.0,131.0
ptrA,259.0,243.0,255.0
ptrB,98.0,132.0,103.0
ptsA,6.0,4.0,2.0
ptsG,29.0,25.0,26.0
ptsH,82.0,95.0,91.0
ptsI,203.0,202.0,197.0
ptsN,44.0,39.0,54.0
ptsP,24.0,9.0,17.0
purA,441.0,412.0,397.0
purB,77.0,79.0,72.0
purC,6.0,5.0,4.0
purD,17.0,18.0,18.0
purE,33.0,40.0,34.0
purF,54.0,57.0,52.0
purH,265.0,302.0,267.0
purK,51.0,39.0,58.0
purL,420.0,455.0,436.0
purM,73.0,76.0,69.0
purN,2.0,0.0,1.0
purR,271.0,272.0,274.0
purT,13.0,11.0,16.0
purU,148.0,162.0,171.0
putA,18.0,39.0,31.0
putP,95.0,122.0,126.0
puuA,28.0,32.0,37.0
puuB,104.0,117.0,105.0
puuC,18.0,21.0,17.0
puuD,125.0,91.0,125.0
puuE,1.0,5.0,4.0
puuP,160.0,154.0,167.0
puuR,218.0,236.0,198.0
pykA,4.0,6.0,15.0
pykF,94.0,114.0,115.0
pyrB,63.0,50.0,68.0
pyrC,149.0,138.0,124.0
pyrD,174.0,160.0,149.0
pyrE,223.0,238.0,200.0
pyrF,14.0,8.0,9.0
pyrG,324.0,353.0,337.0
pyrH,88.0,93.0,85.0
pyrI,13.0,8.0,6.0
pyrL,25.0,27.0,29.0
qor,34.0,45.0,37.0
qseB,22.0,19.0,22.0
qseC,0.0,2.0,1.0
queA,3.0,3.0,4.0
queC,40.0,30.0,31.0
queF,95.0,98.0,79.0
racC,129.0,136.0,149.0
racR,108.0,126.0,120.0
radA,67.0,102.0,81.0
raiA,59.0,75.0,64.0
rarA,1.0,3.0,5.0
rarD,37.0,42.0,25.0
ravA,110.0,96.0,91.0
rbbA,40.0,40.0,49.0
rbfA,4.0,2.0,1.0
rbn,10.0,13.0,20.0
rbsA,230.0,242.0,212.0
rbsB,30.0,20.0,27.0
rbsC,71.0,88.0,96.0
rbsD,17.0,15.0,16.0
rbsK,196.0,187.0,201.0
rbsR,56.0,56.0,54.0
rcsA,316.0,313.0,278.0
rcsB,62.0,60.0,51.0
rcsC,167.0,161.0,141.0
rcsD,204.0,192.0,180.0
rcsF,59.0,57.0,66.0
rdgC,5.0,6.0,7.0
recA,0.0,1.0,1.0
recB,103.0,89.0,84.0
recC,130.0,139.0,143.0
recD,30.0,35.0,38.0
recE,132.0,137.0,125.0
recF,49.0,69.0,53.0
recG,0.0,4.0,2.0
recJ,107.0,119.0,99.0
recN,159.0,141.0,147.0
recO,50.0,51.0,41.0
recQ,80.0,89.0,82.0
recR,3.0,0.0,4.0
recT,47.0,47.0,47.0
recX,3.0,1.0,1.0
relA,78.0,79.0,81.0
relB,88.0,86.0,75.0
relE,21.0,17.0,12.0
rem,37.0,47.0,52.0
rep,106.0,90.0,90.0
rfaB,82.0,119.0,85.0
rfaC,77.0,67.0,66.0
rfaD,3.0,4.0,2.0
rfaE,31.0,37.0,27.0
rfaF,17.0,22.0,15.0
rfaG,135.0,125.0,119.0
rfaH,18.0,19.0,16.0
rfaI,114.0,143.0,114.0
rfaJ,148.0,145.0,142.0
rfaK,32.0,44.0,38.0
rfaL,192.0,198.0,172.0
rfaP,222.0,225.0,218.0
rfaQ,120.0,117.0,120.0
rfaS,2.0,1.0,0.0
rfaY,84.0,102.0,82.0
rfaZ,128.0,114.0,110.0
rfbA,123.0,115.0,132.0
rfbB,108.0,115.0,123.0
rfbC,507.0,559.0,562.0
rfbD,381.0,333.0,322.0
rfbX,239.0,233.0,217.0
rfe,81.0,72.0,85.0
rffA,106.0,128.0,117.0
rffC,0.0,0.0,0.0
rffD,168.0,176.0,147.0
rffE,143.0,155.0,145.0
rffG,79.0,78.0,78.0
rffH,107.0,116.0,128.0
rffM,157.0,185.0,154.0
rffT,35.0,32.0,24.0
rhaA,0.0,2.0,0.0
rhaB,82.0,97.0,89.0
rhaD,28.0,39.0,19.0
rhaM,0.0,1.0,0.0
rhaR,140.0,125.0,145.0
rhaS,76.0,56.0,55.0
rhaT,25.0,30.0,24.0
rhlB,182.0,202.0,203.0
rhlE,10.0,32.0,20.0
rho,267.0,303.0,293.0
rhoL,1.0,0.0,1.0
rhsA,68.0,80.0,68.0
rhsB,309.0,319.0,297.0
rhsC,182.0,195.0,177.0
rhsD,72.0,80.0,71.0
rhsE,130.0,132.0,134.0
rhtA,9.0,3.0,9.0
rhtB,71.0,65.0,65.0
rhtC,33.0,39.0,44.0
ribA,103.0,115.0,96.0
ribB,53.0,58.0,40.0
ribC,149.0,162.0,132.0
ribD,135.0,117.0,106.0
ribE,1.0,4.0,2.0
ribF,49.0,36.0,40.0
rihA,41.0,40.0,38.0
rihB,131.0,130.0,120.0
rihC,114.0,108.0,102.0
rimI,9.0,8.0,16.0
rimJ,182.0,193.0,198.0
rimK,1.0,3.0,0.0
rimL,259.0,274.0,255.0
rimM,106.0,104.0,85.0
rlmB,37.0,30.0,27.0
rlmL,173.0,146.0,156.0
rlpA,0.0,1.0,2.0
rlpB,42.0,36.0,39.0
rluA,45.0,51.0,54.0
rluB,16.0,13.0,14.0
rluC,4.0,3.0,5.0
rluD,36.0,33.0,37.0
rluE,71.0,91.0,86.0
rluF,14.0,33.0,25.0
rmf,3.0,4.0,1.0
rmuC,0.0,0.0,0.0
rna,183.0,186.0,149.0
rnb,218.0,200.0,212.0
rnc,92.0,115.0,97.0
rnd,118.0,110.0,104.0
rne,341.0,344.0,351.0
rng,18.0,12.0,21.0
rnhA,0.0,0.0,1.0
rnhB,21.0,21.0,22.0
rnk,40.0,36.0,46.0
rnpA,6.0,5.0,5.0
rnr,1.0,0.0,1.0
rnt,4.0,1.0,4.0
rob,16.0,15.0,12.0
rof,73.0,76.0,87.0
rpe,96.0,86.0,73.0
rph,1.0,0.0,1.0
rpiA,41.0,58.0,60.0
rpiB,12.0,16.0,9.0
rpiR,128.0,104.0,127.0
rplA,635.0,598.0,542.0
rplB,12.0,20.0,11.0
rplC,1418.0,1347.0,1403.0
rplD,1235.0,1044.0,1119.0
rplE,592.0,558.0,553.0
rplF,945.0,853.0,864.0
rplI,387.0,359.0,365.0
rplJ,721.0,642.0,700.0
rplK,34.0,33.0,37.0
rplL,1764.0,1650.0,1694.0
rplM,4.0,7.0,5.0
rplN,753.0,701.0,698.0
rplO,2040.0,1862.0,2006.0
rplP,6.0,10.0,9.0
rplQ,217.0,250.0,207.0
rplR,624.0,525.0,563.0
rplS,335.0,342.0,332.0
rplT,325.0,307.0,320.0
rplU,15.0,14.0,18.0
rplV,362.0,330.0,365.0
rplW,1099.0,1048.0,1031.0
rplX,486.0,475.0,501.0
rplY,3.0,6.0,6.0
rpmA,93.0,101.0,89.0
rpmB,1.0,7.0,3.0
rpmC,1941.0,1895.0,1920.0
rpmD,443.0,404.0,421.0
rpmE,1.0,2.0,2.0
rpmF,62.0,67.0,63.0
rpmG,82.0,86.0,97.0
rpmH,10.0,10.0,8.0
rpmI,23.0,27.0,20.0
rpmJ,17.0,25.0,12.0
rpoA,1453.0,1339.0,1377.0
rpoB,356.0,364.0,346.0
rpoC,500.0,473.0,510.0
rpoD,176.0,180.0,154.0
rpoE,174.0,176.0,144.0
rpoH,70.0,71.0,78.0
rpoN,69.0,64.0,59.0
rpoS,249.0,207.0,211.0
rpoZ,65.0,55.0,71.0
rpsA,1015.0,992.0,1017.0
rpsB,118.0,103.0,94.0
rpsC,203.0,207.0,214.0
rpsD,1910.0,1655.0,1717.0
rpsE,758.0,745.0,726.0
rpsF,56.0,68.0,62.0
rpsG,126.0,130.0,141.0
rpsH,210.0,197.0,214.0
rpsI,2.0,3.0,4.0
rpsJ,10.0,8.0,6.0
rpsK,1830.0,1640.0,1620.0
rpsM,308.0,296.0,356.0
rpsN,1044.0,882.0,948.0
rpsO,0.0,1.0,2.0
rpsP,1.0,0.0,1.0
rpsQ,398.0,359.0,360.0
rpsR,77.0,88.0,75.0
rpsS,105.0,82.0,71.0
rpsT,0.0,0.0,1.0
rpsU,28.0,31.0,21.0
rraA,142.0,182.0,131.0
rraB,86.0,73.0,81.0
rrfB,63518.0,58397.0,60462.0
rrmA,163.0,169.0,172.0
rrmJ,264.0,231.0,222.0
rsd,124.0,163.0,120.0
rseA,47.0,64.0,66.0
rseB,419.0,419.0,429.0
rseC,0.0,2.0,1.0
rseP,125.0,124.0,129.0
rsgA,51.0,62.0,57.0
rsmB,27.0,31.0,22.0
rsmC,49.0,61.0,54.0
rspA,77.0,86.0,76.0
rspB,275.0,253.0,260.0
rssA,292.0,281.0,308.0
rssB,89.0,77.0,78.0
rstA,125.0,170.0,168.0
rstB,68.0,67.0,67.0
rsuA,42.0,63.0,55.0
rsxA,86.0,69.0,88.0
rsxB,0.0,1.0,0.0
rsxC,88.0,105.0,100.0
rsxD,6.0,4.0,4.0
rsxE,37.0,42.0,54.0
rsxG,0.0,1.0,0.0
rtcA,0.0,1.0,0.0
rtcB,291.0,292.0,268.0
rtcR,0.0,2.0,2.0
rtn,179.0,194.0,192.0
rumA,151.0,137.0,126.0
rumB,0.0,0.0,0.0
rusA,5.0,4.0,2.0
rutF,33.0,23.0,30.0
ruvA,142.0,146.0,140.0
ruvB,348.0,364.0,345.0
ruvC,0.0,0.0,0.0
rzpR,0.0,0.0,1.0
sanA,112.0,75.0,88.0
sapA,13.0,16.0,24.0
sapB,42.0,31.0,35.0
sapC,2.0,1.0,1.0
sapD,84.0,86.0,71.0
sapF,19.0,30.0,16.0
sbcB,89.0,133.0,133.0
sbcC,116.0,114.0,118.0
sbcD,147.0,149.0,165.0
sbmA,198.0,209.0,183.0
sbmC,148.0,150.0,151.0
sbp,127.0,127.0,141.0
sdaA,65.0,91.0,66.0
sdaB,126.0,131.0,109.0
sdaC,142.0,157.0,135.0
sdhA,2.0,0.0,0.0
sdhB,19.0,20.0,18.0
sdhC,102.0,103.0,129.0
sdhD,0.0,0.0,0.0
sdiA,369.0,421.0,393.0
secA,294.0,299.0,293.0
secB,29.0,38.0,34.0
secD,166.0,165.0,180.0
secE,0.0,0.0,0.0
secF,71.0,80.0,70.0
secG,274.0,285.0,261.0
secM,65.0,84.0,81.0
secY,553.0,532.0,582.0
selA,48.0,60.0,50.0
selB,5.0,1.0,0.0
selD,32.0,33.0,38.0
seqA,31.0,28.0,21.0
serA,202.0,197.0,188.0
serB,5.0,7.0,3.0
serC,283.0,271.0,273.0
serS,130.0,121.0,123.0
serV,16085.0,15613.0,15975.0
setA,122.0,114.0,125.0
setB,46.0,44.0,64.0
setC,70.0,71.0,71.0
sfcA,185.0,208.0,169.0
sfmA,114.0,100.0,97.0
sfmC,56.0,55.0,65.0
sfmD,65.0,62.0,56.0
sfmF,238.0,298.0,252.0
sfmH,133.0,113.0,104.0
sfsA,55.0,56.0,50.0
sfsB,1.0,2.0,3.0
sgbE,1.0,2.0,1.0
sgbH,0.0,0.0,0.0
sgbU,94.0,109.0,79.0
sgcA,33.0,25.0,20.0
sgcB,66.0,51.0,54.0
sgcC,110.0,124.0,129.0
sgcE,89.0,83.0,78.0
sgcQ,50.0,52.0,28.0
sgcR,176.0,179.0,166.0
sgcX,27.0,21.0,27.0
sgrR,28.0,39.0,42.0
shiA,224.0,194.0,222.0
sieB,209.0,219.0,188.0
sirA,136.0,143.0,138.0
sixA,78.0,73.0,77.0
slp,186.0,194.0,187.0
slt,89.0,80.0,68.0
slyA,142.0,173.0,146.0
slyB,176.0,217.0,186.0
slyD,9.0,13.0,14.0
slyX,32.0,24.0,37.0
smf,149.0,158.0,173.0
smg,204.0,228.0,224.0
smpA,37.0,38.0,45.0
smpB,14.0,7.0,4.0
smtA,133.0,152.0,168.0
sodA,19.0,17.0,16.0
sodB,343.0,354.0,362.0
sodC,0.0,0.0,1.0
sohA,112.0,96.0,119.0
sohB,177.0,203.0,187.0
solA,1.0,1.0,0.0
soxR,0.0,2.0,0.0
soxS,44.0,31.0,44.0
speA,343.0,356.0,329.0
speB,20.0,38.0,29.0
speC,165.0,148.0,164.0
speD,135.0,132.0,126.0
speE,36.0,36.0,48.0
speF,201.0,226.0,199.0
speG,122.0,133.0,125.0
spoT,154.0,151.0,177.0
spoU,0.0,0.0,0.0
sppA,58.0,51.0,58.0
spr,223.0,241.0,202.0
sprT,23.0,20.0,24.0
spy,48.0,50.0,49.0
sra,17.0,20.0,18.0
srlA,2.0,8.0,8.0
srlB,6.0,10.0,11.0
srlD,8.0,11.0,13.0
srlE,45.0,36.0,35.0
srlR,67.0,53.0,83.0
srmB,8.0,12.0,11.0
ssb,0.0,1.0,0.0
sscR,13.0,6.0,6.0
sseA,142.0,173.0,178.0
sseB,185.0,189.0,190.0
ssnA,116.0,138.0,111.0
sspA,0.0,1.0,0.0
sspB,3.0,3.0,3.0
sstT,114.0,85.0,77.0
ssuA,22.0,18.0,11.0
ssuB,7.0,11.0,6.0
ssuC,23.0,27.0,24.0
ssuD,0.0,0.0,1.0
ssuE,29.0,21.0,21.0
stfE,39.0,35.0,29.0
stfQ,130.0,133.0,130.0
stfR,133.0,128.0,109.0
sthA,152.0,164.0,150.0
stpA,43.0,48.0,40.0
sucA,1.0,1.0,4.0
sucB,5.0,0.0,3.0
sucC,55.0,68.0,51.0
sucD,0.0,0.0,1.0
sufA,52.0,49.0,55.0
sufB,70.0,67.0,71.0
sufC,116.0,129.0,116.0
sufD,135.0,131.0,126.0
sufE,10.0,16.0,17.0
sufI,7.0,2.0,9.0
sufS,179.0,184.0,181.0
sugE,0.0,1.0,1.0
suhB,540.0,521.0,528.0
sulA,239.0,241.0,281.0
surA,84.0,82.0,89.0
surE,4.0,7.0,5.0
sxy,1.0,1.0,1.0
syd,148.0,154.0,139.0
tadA,5.0,9.0,1.0
tag,199.0,183.0,173.0
talA,127.0,104.0,101.0
talB,71.0,68.0,86.0
tam,0.0,0.0,0.0
tap,29.0,29.0,34.0
tar,168.0,176.0,163.0
tas,36.0,26.0,38.0
tatA,53.0,60.0,58.0
tatB,4.0,1.0,1.0
tatC,17.0,21.0,24.0
tatD,0.0,0.0,2.0
tatE,0.0,0.0,0.0
tauA,21.0,24.0,15.0
tauB,0.0,1.0,0.0
tauC,85.0,100.0,75.0
tauD,100.0,89.0,108.0
tbpA,57.0,40.0,39.0
tdcA,117.0,94.0,100.0
tdcB,129.0,134.0,125.0
tdcC,76.0,90.0,78.0
tdcD,41.0,39.0,28.0
tdcE,175.0,178.0,155.0
tdcF,2.0,0.0,0.0
tdcG,174.0,189.0,194.0
tdcR,61.0,67.0,51.0
tdh,39.0,50.0,40.0
tdk,54.0,47.0,56.0
tehA,24.0,28.0,24.0
tehB,60.0,52.0,59.0
tesA,65.0,54.0,69.0
tesB,1.0,3.0,3.0
tetR,4014.0,4191.0,4171.0
tfaE,338.0,321.0,316.0
tfaS,96.0,60.0,74.0
tfaX,0.0,1.0,0.0
tff,48215.0,50341.0,48541.0
tgt,185.0,213.0,204.0
thiC,9.0,5.0,3.0
thiD,3.0,6.0,1.0
thiE,0.0,0.0,0.0
thiF,3.0,3.0,0.0
thiG,1.0,2.0,1.0
thiH,41.0,52.0,33.0
thiI,197.0,182.0,175.0
thiK,33.0,34.0,41.0
thiL,149.0,146.0,140.0
thiM,12.0,15.0,18.0
thiP,0.0,0.0,0.0
thiQ,1.0,0.0,2.0
thiS,17.0,24.0,21.0
thrA,116.0,108.0,97.0
thrB,1.0,0.0,3.0
thrC,20.0,18.0,11.0
thrS,144.0,146.0,134.0
thrU---thrToperon,5140.0,5308.0,5303.0
thyA,20.0,33.0,25.0
tig,401.0,360.0,347.0
tilS,65.0,73.0,55.0
tktA,127.0,126.0,135.0
tktB,14.0,9.0,14.0
tldD,48.0,64.0,74.0
tmk,106.0,103.0,94.0
tnaA,27.0,43.0,51.0
tnaB,66.0,66.0,68.0
tnaC,0.0,1.0,1.0
tolA,214.0,220.0,218.0
tolB,192.0,159.0,135.0
tolC,103.0,105.0,97.0
tolQ,304.0,309.0,295.0
tolR,40.0,49.0,31.0
tonB,44.0,50.0,41.0
topA,233.0,260.0,257.0
topB,2.0,2.0,0.0
torA,204.0,206.0,197.0
torC,237.0,225.0,210.0
torD,7.0,2.0,11.0
torI,159.0,151.0,126.0
torR,35.0,43.0,32.0
torS,158.0,186.0,183.0
torT,166.0,158.0,150.0
torY,154.0,152.0,149.0
torZ,64.0,93.0,71.0
tpiA,104.0,109.0,95.0
tppB,188.0,209.0,241.0
tpr,8.0,13.0,15.0
tpx,60.0,70.0,60.0
tqsA,125.0,103.0,103.0
traY,5.0,1.0,4.0
treA,100.0,117.0,97.0
treB,37.0,40.0,31.0
treC,14.0,7.0,10.0
treF,15.0,13.0,17.0
treR,96.0,75.0,71.0
trg,142.0,133.0,119.0
trkA,112.0,122.0,120.0
trkD,94.0,92.0,103.0
trkG,240.0,236.0,232.0
trkH,57.0,58.0,54.0
trmA,108.0,120.0,86.0
trmD,40.0,37.0,38.0
trmI,92.0,82.0,110.0
trpB,1.0,0.0,0.0
trpC,5.0,6.0,11.0
trpD,21.0,21.0,17.0
trpE,0.0,5.0,3.0
trpH,24.0,16.0,24.0
trpR,17.0,35.0,18.0
trpS,115.0,102.0,101.0
truA,63.0,63.0,69.0
truB,22.0,20.0,24.0
truC,12.0,9.0,13.0
truD,96.0,105.0,111.0
trxB,2.0,5.0,4.0
trxC,87.0,111.0,105.0
tsf,1.0,3.0,2.0
tsgA,14.0,12.0,7.0
tsr,267.0,278.0,246.0
tsx,31.0,26.0,24.0
ttcA,123.0,107.0,104.0
ttdA,67.0,66.0,61.0
ttdB,6.0,10.0,12.0
ttk,107.0,126.0,105.0
tufA,15.0,8.0,16.0
tufB,5.0,12.0,3.0
tus,68.0,75.0,58.0
tynA,254.0,229.0,240.0
tyrA,96.0,102.0,74.0
tyrB,23.0,23.0,21.0
tyrP,200.0,193.0,199.0
tyrR,158.0,156.0,146.0
tyrS,29.0,29.0,22.0
tyrT,35463.0,33272.0,33785.0
ubiA,191.0,183.0,178.0
ubiB,257.0,243.0,254.0
ubiC,2.0,4.0,3.0
ubiD,164.0,170.0,151.0
ubiE,24.0,35.0,29.0
ubiF,59.0,49.0,67.0
ubiG,18.0,11.0,25.0
ubiH,24.0,30.0,32.0
ubiX,108.0,104.0,103.0
ucpA,2.0,2.0,1.0
udk,23.0,34.0,46.0
udp,40.0,31.0,25.0
ugd,142.0,128.0,123.0
ugpA,37.0,45.0,38.0
ugpB,11.0,6.0,11.0
ugpC,0.0,0.0,0.0
ugpE,1.0,0.0,0.0
ugpQ,20.0,36.0,22.0
uhpA,30.0,27.0,33.0
uhpB,12.0,1.0,3.0
uhpC,31.0,38.0,34.0
uhpT,101.0,89.0,95.0
uidB,57.0,59.0,56.0
uidC,140.0,150.0,134.0
uidR,35.0,30.0,38.0
ulaA,55.0,43.0,50.0
ulaB,6.0,2.0,3.0
ulaC,0.0,0.0,0.0
ulaD,0.0,0.0,0.0
ulaE,217.0,251.0,270.0
ulaF,73.0,82.0,72.0
ulaG,101.0,92.0,113.0
ulaR,111.0,120.0,112.0
umuC,165.0,135.0,140.0
umuD,48.0,54.0,49.0
ung,0.0,0.0,0.0
upp,1.0,3.0,0.0
uraA,112.0,93.0,87.0
usg,5.0,1.0,2.0
ushA,65.0,75.0,73.0
uspA,19.0,24.0,27.0
uspB,38.0,41.0,52.0
uspE,52.0,63.0,60.0
uspF,41.0,53.0,36.0
uspG,42.0,69.0,59.0
uup,145.0,151.0,160.0
uvrA,113.0,115.0,124.0
uvrB,84.0,71.0,77.0
uvrC,139.0,152.0,141.0
uvrD,11.0,9.0,6.0
uvrY,95.0,122.0,125.0
uxaA,1.0,0.0,0.0
uxaB,129.0,145.0,131.0
uxaC,242.0,234.0,254.0
uxuA,28.0,25.0,20.0
uxuB,6.0,8.0,1.0
uxuR,63.0,56.0,57.0
vacJ,11.0,7.0,9.0
valS,282.0,292.0,296.0
vapC,2691.0,2696.0,2796.0
viaA,27.0,34.0,32.0
visC,162.0,172.0,147.0
vsr,4.0,6.0,7.0
wbbH,167.0,150.0,151.0
wbbI,183.0,185.0,162.0
wbbJ,42.0,45.0,42.0
wbbK,124.0,121.0,92.0
wbbL,91.0,88.0,67.0
wcaA,14.0,14.0,15.0
wcaB,6.0,6.0,8.0
wcaC,9.0,17.0,21.0
wcaD,101.0,96.0,98.0
wcaE,220.0,207.0,192.0
wcaF,11.0,10.0,16.0
wcaI,75.0,97.0,87.0
wcaJ,221.0,212.0,218.0
wcaK,63.0,74.0,67.0
wcaL,22.0,31.0,22.0
wcaM,78.0,102.0,88.0
wrbA,1.0,1.0,2.0
wza,125.0,139.0,142.0
wzb,1.0,4.0,1.0
wzc,91.0,90.0,83.0
wzxC,73.0,76.0,68.0
wzxE,47.0,69.0,57.0
wzyE,16.0,29.0,23.0
wzzE,0.0,1.0,0.0
xapA,156.0,161.0,133.0
xapB,69.0,57.0,67.0
xapR,11.0,23.0,16.0
xdhA,246.0,247.0,255.0
xdhB,121.0,108.0,113.0
xdhC,3.0,10.0,14.0
xdhD,180.0,176.0,194.0
xerC,81.0,87.0,90.0
xerD,151.0,109.0,137.0
xni,174.0,199.0,193.0
xseA,55.0,39.0,41.0
xseB,1.0,0.0,0.0
xthA,39.0,41.0,22.0
xylA,164.0,176.0,163.0
xylB,95.0,113.0,105.0
xylE,126.0,141.0,131.0
xylF,129.0,146.0,120.0
xylG,202.0,208.0,197.0
xylH,81.0,74.0,49.0
xylR,162.0,168.0,147.0
yaaA,186.0,178.0,182.0
yaaH,60.0,54.0,58.0
yaaI,56.0,56.0,54.0
yaaJ,218.0,202.0,215.0
yaaU,140.0,134.0,116.0
yaaW,69.0,69.0,77.0
yaaX,1.0,1.0,0.0
yaaY,0.0,0.0,0.0
yabI,165.0,178.0,168.0
yabP,365.0,381.0,333.0
yacC,0.0,0.0,0.0
yacF,131.0,121.0,129.0
yacG,0.0,0.0,1.0
yacH,53.0,25.0,42.0
yacL,0.0,0.0,4.0
yadB,31.0,23.0,26.0
yadC,216.0,224.0,206.0
yadD,118.0,100.0,128.0
yadE,50.0,57.0,47.0
yadG,114.0,112.0,131.0
yadH,127.0,183.0,142.0
yadI,22.0,22.0,25.0
yadK,360.0,342.0,354.0
yadL,232.0,217.0,195.0
yadM,268.0,260.0,218.0
yadN,184.0,159.0,170.0
yadR,60.0,45.0,53.0
yadS,39.0,47.0,49.0
yaeB,1.0,2.0,1.0
yaeF,384.0,406.0,368.0
yaeH,33.0,37.0,48.0
yaeI,119.0,141.0,132.0
yaeJ,2.0,6.0,2.0
yaeP,2.0,2.0,1.0
yaeQ,33.0,39.0,44.0
yaeR,32.0,34.0,35.0
yafC,125.0,153.0,144.0
yafD,41.0,55.0,50.0
yafE,143.0,142.0,124.0
yafF,58.0,44.0,56.0
yafJ,3.0,1.0,2.0
yafK,149.0,165.0,151.0
yafL,112.0,109.0,140.0
yafM,71.0,100.0,82.0
yafN,28.0,39.0,33.0
yafO,239.0,224.0,235.0
yafP,25.0,36.0,24.0
yafQ,60.0,49.0,46.0
yafS,109.0,110.0,90.0
yafT,186.0,221.0,215.0
yafU,111.0,128.0,131.0
yafV,17.0,23.0,21.0
yafW,71.0,67.0,46.0
yafX,29.0,30.0,38.0
yafY,4.0,7.0,2.0
yafZ,8.0,0.0,8.0
yagA,0.0,0.0,0.0
yagB,32.0,16.0,34.0
yagE,0.0,1.0,2.0
yagF,0.0,0.0,0.0
yagG,0.0,0.0,2.0
yagH,33.0,30.0,30.0
yagI,3.0,8.0,6.0
yagJ,312.0,333.0,322.0
yagK,300.0,303.0,315.0
yagL,333.0,353.0,341.0
yagM,150.0,166.0,136.0
yagN,53.0,64.0,57.0
yagP,30.0,29.0,35.0
yagQ,1.0,3.0,3.0
yagR,6.0,8.0,6.0
yagS,7.0,5.0,5.0
yagT,11.0,11.0,11.0
yagU,138.0,163.0,162.0
yagV,229.0,228.0,239.0
yagW,39.0,58.0,33.0
yagX,191.0,206.0,196.0
yagY,40.0,30.0,53.0
yagZ,46.0,33.0,40.0
yahA,151.0,123.0,137.0
yahB,122.0,143.0,104.0
yahC,144.0,126.0,136.0
yahD,222.0,216.0,211.0
yahE,163.0,195.0,169.0
yahF,20.0,28.0,23.0
yahG,15.0,22.0,23.0
yahH,43.0,45.0,39.0
yahI,93.0,80.0,85.0
yahJ,2.0,0.0,0.0
yahK,128.0,125.0,106.0
yahL,178.0,232.0,236.0
yahM,82.0,78.0,81.0
yahN,67.0,82.0,73.0
yahO,21.0,19.0,24.0
yaiA,1.0,4.0,4.0
yaiC,59.0,60.0,69.0
yaiE,24.0,38.0,33.0
yaiI,0.0,2.0,0.0
yaiL,162.0,183.0,153.0
yaiO,100.0,111.0,102.0
yaiP,71.0,79.0,61.0
yaiS,76.0,70.0,66.0
yaiT,611.0,610.0,642.0
yaiV,69.0,72.0,80.0
yaiW,92.0,84.0,79.0
yaiX,149.0,176.0,170.0
yaiY,0.0,1.0,0.0
yaiZ,11.0,20.0,10.0
yajC,185.0,179.0,181.0
yajD,112.0,77.0,122.0
yajG,0.0,0.0,0.0
yajI,13.0,19.0,14.0
yajL,16.0,23.0,16.0
yajO,12.0,15.0,8.0
yajQ,18.0,27.0,24.0
yajR,91.0,117.0,100.0
ybaA,61.0,77.0,63.0
ybaB,26.0,36.0,17.0
ybaE,143.0,131.0,136.0
ybaJ,29.0,25.0,25.0
ybaK,9.0,3.0,5.0
ybaL,15.0,11.0,6.0
ybaM,67.0,78.0,58.0
ybaN,5.0,6.0,3.0
ybaO,1.0,2.0,1.0
ybaP,19.0,27.0,20.0
ybaQ,651.0,703.0,694.0
ybaS,125.0,129.0,123.0
ybaT,67.0,36.0,63.0
ybaV,0.0,0.0,0.0
ybaW,67.0,46.0,58.0
ybaY,11.0,26.0,20.0
ybaZ,73.0,60.0,76.0
ybbA,2.0,1.0,3.0
ybbB,14.0,13.0,16.0
ybbC,67.0,68.0,54.0
ybbD,17.0,28.0,28.0
ybbJ,0.0,2.0,1.0
ybbK,153.0,151.0,160.0
ybbL,457.0,470.0,459.0
ybbM,60.0,61.0,60.0
ybbN,0.0,0.0,2.0
ybbO,53.0,53.0,43.0
ybbP,35.0,45.0,48.0
ybbS,81.0,74.0,80.0
ybbV,109.0,111.0,100.0
ybbW,23.0,28.0,23.0
ybbY,39.0,45.0,46.0
ybcF,1.0,1.0,1.0
ybcH,22.0,19.0,25.0
ybcI,3.0,6.0,6.0
ybcJ,1.0,0.0,0.0
ybcK,175.0,168.0,196.0
ybcL,166.0,144.0,174.0
ybcM,187.0,174.0,157.0
ybcN,29.0,28.0,23.0
ybcO,6.0,6.0,5.0
ybcQ,15.0,13.0,10.0
ybcS,248.0,234.0,221.0
ybcY,175.0,176.0,184.0
ybdA,10.0,9.0,9.0
ybdB,5.0,4.0,8.0
ybdD,57.0,53.0,53.0
ybdF,0.0,0.0,0.0
ybdG,300.0,298.0,279.0
ybdH,17.0,15.0,20.0
ybdJ,0.0,0.0,2.0
ybdK,20.0,28.0,27.0
ybdL,3.0,2.0,2.0
ybdM,73.0,91.0,70.0
ybdN,30.0,52.0,47.0
ybdO,82.0,104.0,103.0
ybdR,135.0,153.0,134.0
ybdZ,13.0,17.0,16.0
ybeA,0.0,0.0,0.0
ybeB,0.0,0.0,3.0
ybeD,186.0,205.0,191.0
ybeF,215.0,197.0,212.0
ybeL,1.0,1.0,1.0
ybeM,3.0,4.0,1.0
ybeQ,105.0,98.0,82.0
ybeR,57.0,70.0,73.0
ybeT,129.0,161.0,145.0
ybeU,158.0,206.0,195.0
ybeX,311.0,304.0,316.0
ybeY,90.0,88.0,75.0
ybeZ,65.0,77.0,69.0
ybfA,3.0,3.0,2.0
ybfB,56.0,57.0,51.0
ybfC,56.0,45.0,63.0
ybfD,240.0,242.0,206.0
ybfE,58.0,63.0,62.0
ybfF,61.0,58.0,62.0
ybfG,282.0,283.0,246.0
ybfL,175.0,167.0,179.0
ybfM,80.0,73.0,49.0
ybfN,10.0,15.0,16.0
ybfO,199.0,234.0,181.0
ybfP,157.0,174.0,132.0
ybfQ,87.0,93.0,71.0
ybgA,203.0,230.0,205.0
ybgC,41.0,41.0,33.0
ybgD,94.0,115.0,97.0
ybgE,0.0,0.0,0.0
ybgF,89.0,69.0,88.0
ybgH,148.0,170.0,142.0
ybgI,1.0,1.0,0.0
ybgJ,0.0,2.0,1.0
ybgK,0.0,0.0,0.0
ybgL,6.0,3.0,6.0
ybgO,166.0,167.0,168.0
ybgP,136.0,157.0,146.0
ybgQ,97.0,100.0,108.0
ybgS,24.0,33.0,25.0
ybgT,1.0,2.0,0.0
ybhA,199.0,186.0,180.0
ybhB,62.0,62.0,77.0
ybhC,12.0,11.0,16.0
ybhD,253.0,280.0,273.0
ybhF,6.0,12.0,12.0
ybhG,0.0,0.0,1.0
ybhH,110.0,103.0,80.0
ybhI,191.0,172.0,159.0
ybhJ,72.0,56.0,52.0
ybhK,100.0,97.0,86.0
ybhL,74.0,76.0,71.0
ybhM,146.0,145.0,139.0
ybhN,145.0,153.0,138.0
ybhO,197.0,207.0,170.0
ybhP,10.0,20.0,10.0
ybhQ,2.0,0.0,1.0
ybhR,23.0,17.0,14.0
ybhS,12.0,8.0,1.0
ybhT,76.0,59.0,73.0
ybiA,48.0,61.0,43.0
ybiB,2.0,1.0,3.0
ybiC,95.0,102.0,73.0
ybiH,1.0,0.0,1.0
ybiI,0.0,1.0,0.0
ybiJ,4.0,1.0,1.0
ybiM,0.0,0.0,1.0
ybiN,87.0,100.0,87.0
ybiO,103.0,127.0,106.0
ybiP,120.0,116.0,141.0
ybiR,129.0,102.0,92.0
ybiS,160.0,160.0,158.0
ybiT,18.0,29.0,31.0
ybiU,0.0,0.0,0.0
ybiV,194.0,227.0,214.0
ybiW,147.0,136.0,132.0
ybiX,54.0,44.0,61.0
ybiY,85.0,87.0,87.0
ybjC,19.0,27.0,13.0
ybjD,22.0,24.0,23.0
ybjE,69.0,80.0,74.0
ybjG,2.0,0.0,3.0
ybjH,42.0,36.0,32.0
ybjI,92.0,74.0,69.0
ybjJ,7.0,14.0,6.0
ybjK,27.0,28.0,40.0
ybjL,212.0,238.0,201.0
ybjM,1.0,1.0,0.0
ybjN,57.0,74.0,85.0
ybjO,123.0,134.0,118.0
ybjP,8.0,16.0,10.0
ybjQ,0.0,0.0,0.0
ybjR,0.0,1.0,2.0
ybjS,15.0,33.0,38.0
ybjT,18.0,17.0,14.0
ybjX,209.0,231.0,201.0
ycaC,116.0,144.0,121.0
ycaD,30.0,41.0,37.0
ycaI,96.0,111.0,105.0
ycaJ,133.0,147.0,126.0
ycaK,297.0,294.0,252.0
ycaL,232.0,229.0,244.0
ycaM,162.0,157.0,143.0
ycaN,226.0,247.0,230.0
ycaO,271.0,278.0,266.0
ycaP,421.0,403.0,384.0
ycaQ,93.0,98.0,91.0
ycaR,7.0,11.0,10.0
ycbB,60.0,85.0,84.0
ycbC,54.0,63.0,48.0
ycbF,97.0,123.0,122.0
ycbG,107.0,103.0,116.0
ycbJ,369.0,416.0,373.0
ycbK,250.0,267.0,252.0
ycbL,0.0,0.0,1.0
ycbQ,269.0,263.0,284.0
ycbR,124.0,135.0,143.0
ycbS,76.0,89.0,84.0
ycbT,259.0,268.0,292.0
ycbU,57.0,49.0,51.0
ycbV,81.0,78.0,71.0
ycbW,150.0,156.0,146.0
ycbX,22.0,28.0,27.0
ycbZ,199.0,177.0,192.0
yccA,52.0,36.0,41.0
yccE,339.0,321.0,334.0
yccF,135.0,145.0,151.0
yccJ,223.0,229.0,224.0
yccK,64.0,74.0,74.0
yccM,94.0,99.0,97.0
yccS,346.0,363.0,346.0
yccT,42.0,45.0,47.0
yccU,7.0,6.0,8.0
yccW,109.0,120.0,117.0
yccX,43.0,35.0,39.0
yccZ,175.0,211.0,225.0
ycdB,16.0,21.0,23.0
ycdC,15.0,13.0,31.0
ycdG,19.0,19.0,20.0
ycdI,43.0,34.0,25.0
ycdK,18.0,12.0,10.0
ycdL,1.0,2.0,2.0
ycdM,81.0,89.0,69.0
ycdO,75.0,61.0,66.0
ycdT,121.0,144.0,130.0
ycdU,114.0,106.0,113.0
ycdW,214.0,193.0,194.0
ycdX,47.0,54.0,47.0
ycdY,117.0,109.0,93.0
ycdZ,22.0,24.0,23.0
yceA,160.0,161.0,151.0
yceB,15.0,34.0,24.0
yceD,12.0,15.0,14.0
yceF,49.0,39.0,36.0
yceG,121.0,136.0,123.0
yceH,107.0,106.0,107.0
yceI,153.0,158.0,142.0
yceJ,0.0,0.0,0.0
yceK,3.0,1.0,4.0
yceN,7.0,10.0,9.0
yceO,90.0,80.0,79.0
yceQ,25.0,22.0,19.0
ycfD,166.0,167.0,149.0
ycfH,114.0,130.0,114.0
ycfJ,38.0,36.0,31.0
ycfK,43.0,38.0,35.0
ycfL,67.0,67.0,63.0
ycfM,22.0,24.0,30.0
ycfP,116.0,117.0,128.0
ycfQ,101.0,94.0,91.0
ycfS,197.0,216.0,223.0
ycfT,79.0,92.0,88.0
ycfZ,162.0,166.0,147.0
ycgB,199.0,235.0,202.0
ycgE,270.0,287.0,248.0
ycgF,147.0,165.0,159.0
ycgG,138.0,150.0,166.0
ycgH,335.0,365.0,367.0
ycgI,0.0,2.0,0.0
ycgJ,36.0,34.0,44.0
ycgK,19.0,23.0,33.0
ycgL,17.0,29.0,22.0
ycgM,3.0,3.0,4.0
ycgN,44.0,44.0,49.0
ycgR,0.0,5.0,2.0
ycgV,235.0,230.0,215.0
ycgX,29.0,35.0,21.0
ycgY,104.0,99.0,86.0
ycgZ,98.0,93.0,92.0
ychA,205.0,172.0,196.0
ychE,52.0,50.0,52.0
ychF,127.0,125.0,131.0
ychG,61.0,78.0,65.0
ychH,12.0,14.0,10.0
ychJ,82.0,107.0,103.0
ychM,0.0,0.0,1.0
ychN,0.0,1.0,0.0
ychO,114.0,145.0,113.0
ychQ,68.0,55.0,81.0
ychS,0.0,0.0,0.0
yciA,105.0,114.0,106.0
yciB,269.0,285.0,300.0
yciC,18.0,18.0,12.0
yciE,208.0,229.0,209.0
yciF,198.0,170.0,185.0
yciG,4.0,6.0,3.0
yciH,1.0,0.0,0.0
yciI,15.0,32.0,35.0
yciK,10.0,14.0,8.0
yciM,141.0,172.0,170.0
yciN,1.0,0.0,2.0
yciO,0.0,0.0,0.0
yciQ,123.0,131.0,107.0
yciS,4.0,2.0,2.0
yciT,59.0,55.0,60.0
yciU,4.0,7.0,2.0
yciW,106.0,106.0,108.0
yciX,362.0,399.0,390.0
ycjD,102.0,113.0,113.0
ycjF,79.0,76.0,83.0
ycjG,67.0,65.0,67.0
ycjM,128.0,154.0,156.0
ycjN,117.0,113.0,121.0
ycjO,24.0,25.0,26.0
ycjP,0.0,0.0,0.0
ycjQ,1.0,3.0,2.0
ycjR,75.0,81.0,72.0
ycjS,29.0,37.0,41.0
ycjT,279.0,294.0,301.0
ycjU,12.0,12.0,12.0
ycjV,130.0,139.0,135.0
ycjW,55.0,63.0,74.0
ycjX,154.0,141.0,153.0
ycjY,232.0,240.0,217.0
ycjZ,78.0,88.0,69.0
ydaC,20.0,23.0,19.0
ydaE,39.0,36.0,29.0
ydaF,3.0,1.0,0.0
ydaG,245.0,230.0,209.0
ydaL,1.0,0.0,0.0
ydaM,4.0,11.0,14.0
ydaN,53.0,83.0,89.0
ydaQ,29.0,33.0,38.0
ydaS,36.0,49.0,42.0
ydaT,43.0,44.0,33.0
ydaU,105.0,109.0,108.0
ydaV,1.0,1.0,0.0
ydaW,1.0,2.0,1.0
ydaY,253.0,258.0,247.0
ydbA,420.0,459.0,453.0
ydbC,164.0,135.0,152.0
ydbD,168.0,167.0,198.0
ydbH,187.0,207.0,182.0
ydbJ,30.0,25.0,20.0
ydbK,194.0,186.0,200.0
ydbL,70.0,88.0,75.0
ydcA,13.0,8.0,14.0
ydcC,233.0,236.0,217.0
ydcD,127.0,134.0,137.0
ydcE,64.0,72.0,56.0
ydcF,55.0,67.0,82.0
ydcH,86.0,71.0,82.0
ydcI,39.0,45.0,57.0
ydcJ,107.0,139.0,134.0
ydcK,90.0,114.0,89.0
ydcL,83.0,100.0,94.0
ydcM,88.0,81.0,93.0
ydcN,45.0,63.0,47.0
ydcO,45.0,41.0,52.0
ydcP,135.0,122.0,150.0
ydcQ,167.0,172.0,172.0
ydcR,207.0,257.0,255.0
ydcS,16.0,16.0,11.0
ydcT,12.0,14.0,8.0
ydcU,62.0,69.0,77.0
ydcV,6.0,9.0,5.0
ydcW,412.0,376.0,324.0
ydcX,6.0,10.0,14.0
ydcY,1.0,2.0,0.0
ydcZ,29.0,23.0,28.0
yddA,158.0,161.0,157.0
yddB,120.0,117.0,119.0
yddE,2.0,1.0,0.0
yddG,108.0,112.0,117.0
yddH,24.0,12.0,22.0
yddJ,67.0,70.0,66.0
yddK,275.0,311.0,279.0
yddL,72.0,84.0,104.0
yddM,23.0,26.0,25.0
yddV,199.0,199.0,170.0
yddW,100.0,113.0,95.0
ydeA,111.0,139.0,117.0
ydeE,220.0,206.0,203.0
ydeH,177.0,188.0,159.0
ydeI,32.0,29.0,33.0
ydeJ,69.0,62.0,62.0
ydeK,109.0,126.0,118.0
ydeM,148.0,151.0,140.0
ydeN,124.0,146.0,114.0
ydeO,185.0,162.0,153.0
ydeP,134.0,137.0,110.0
ydeQ,97.0,108.0,108.0
ydeR,173.0,174.0,164.0
ydeS,141.0,134.0,146.0
ydeT,243.0,246.0,253.0
ydeU,83.0,97.0,100.0
ydfA,1.0,2.0,2.0
ydfB,6.0,11.0,9.0
ydfC,37.0,33.0,33.0
ydfD,7.0,12.0,8.0
ydfE,269.0,265.0,261.0
ydfG,69.0,83.0,59.0
ydfH,67.0,87.0,65.0
ydfI,152.0,161.0,145.0
ydfJ,170.0,179.0,168.0
ydfK,1093.0,1219.0,1138.0
ydfO,70.0,70.0,78.0
ydfP,75.0,63.0,69.0
ydfQ,65.0,49.0,48.0
ydfR,18.0,7.0,11.0
ydfT,92.0,94.0,90.0
ydfU,78.0,79.0,51.0
ydfV,11.0,12.0,7.0
ydfW,26.0,31.0,32.0
ydfX,8.0,18.0,10.0
ydfZ,0.0,0.0,0.0
ydgA,79.0,80.0,61.0
ydgC,44.0,55.0,56.0
ydgD,147.0,135.0,150.0
ydgH,74.0,69.0,62.0
ydgI,2.0,0.0,1.0
ydgJ,18.0,20.0,19.0
ydgK,19.0,11.0,27.0
ydgT,1.0,1.0,0.0
ydhA,57.0,60.0,52.0
ydhB,119.0,136.0,139.0
ydhC,45.0,53.0,50.0
ydhF,83.0,102.0,97.0
ydhI,4.0,0.0,0.0
ydhJ,212.0,201.0,195.0
ydhK,80.0,79.0,81.0
ydhL,5.0,1.0,4.0
ydhM,1.0,0.0,1.0
ydhO,94.0,82.0,98.0
ydhP,21.0,18.0,33.0
ydhQ,148.0,186.0,167.0
ydhR,66.0,41.0,66.0
ydhS,124.0,112.0,139.0
ydhT,13.0,21.0,11.0
ydhU,42.0,53.0,39.0
ydhV,138.0,155.0,164.0
ydhW,84.0,82.0,92.0
ydhX,7.0,4.0,4.0
ydhY,107.0,107.0,109.0
ydhZ,124.0,152.0,147.0
ydiA,115.0,112.0,116.0
ydiB,142.0,147.0,146.0
ydiE,0.0,1.0,1.0
ydiF,54.0,59.0,57.0
ydiH,117.0,119.0,118.0
ydiI,192.0,187.0,177.0
ydiJ,71.0,62.0,84.0
ydiK,74.0,66.0,64.0
ydiL,94.0,106.0,90.0
ydiM,190.0,177.0,180.0
ydiN,203.0,216.0,192.0
ydiO,425.0,408.0,428.0
ydiP,145.0,147.0,143.0
ydiQ,410.0,389.0,434.0
ydiR,101.0,105.0,86.0
ydiS,116.0,119.0,112.0
ydiT,58.0,71.0,72.0
ydiU,89.0,89.0,86.0
ydiV,177.0,200.0,216.0
ydiY,128.0,129.0,148.0
ydiZ,13.0,12.0,15.0
ydjA,34.0,32.0,44.0
ydjE,208.0,179.0,181.0
ydjF,233.0,224.0,200.0
ydjG,142.0,138.0,126.0
ydjH,162.0,152.0,129.0
ydjI,211.0,217.0,182.0
ydjJ,89.0,78.0,75.0
ydjK,209.0,228.0,194.0
ydjL,120.0,112.0,128.0
ydjM,14.0,10.0,5.0
ydjN,684.0,658.0,672.0
ydjO,194.0,208.0,219.0
ydjR,99.0,114.0,115.0
ydjX,81.0,86.0,60.0
ydjY,140.0,197.0,143.0
ydjZ,90.0,96.0,110.0
yeaB,5.0,8.0,3.0
yeaC,181.0,192.0,218.0
yeaD,250.0,278.0,251.0
yeaE,8.0,10.0,4.0
yeaG,297.0,314.0,290.0
yeaH,83.0,92.0,74.0
yeaI,122.0,139.0,127.0
yeaJ,123.0,109.0,115.0
yeaK,200.0,226.0,232.0
yeaL,10.0,24.0,17.0
yeaM,178.0,228.0,198.0
yeaN,38.0,65.0,36.0
yeaO,1.0,0.0,0.0
yeaP,88.0,102.0,126.0
yeaQ,29.0,34.0,27.0
yeaR,143.0,169.0,179.0
yeaS,164.0,202.0,177.0
yeaT,97.0,108.0,89.0
yeaU,0.0,2.0,0.0
yeaV,139.0,115.0,149.0
yeaW,1.0,4.0,9.0
yeaX,346.0,375.0,379.0
yeaY,179.0,171.0,169.0
yeaZ,4.0,5.0,5.0
yebA,205.0,231.0,200.0
yebB,140.0,151.0,140.0
yebC,52.0,58.0,67.0
yebE,6.0,2.0,3.0
yebF,11.0,7.0,9.0
yebG,52.0,40.0,50.0
yebK,157.0,151.0,148.0
yebN,120.0,121.0,124.0
yebO,28.0,28.0,28.0
yebQ,56.0,74.0,68.0
yebR,145.0,137.0,130.0
yebS,132.0,136.0,129.0
yebT,340.0,363.0,346.0
yebU,159.0,174.0,133.0
yebV,75.0,67.0,60.0
yebW,71.0,44.0,50.0
yebY,39.0,43.0,32.0
yebZ,1.0,3.0,3.0
yecA,5.0,5.0,10.0
yecC,165.0,167.0,140.0
yecD,63.0,57.0,47.0
yecE,0.0,0.0,0.0
yecF,38.0,46.0,40.0
yecG,398.0,469.0,426.0
yecH,3.0,2.0,3.0
yecI,300.0,287.0,337.0
yecJ,198.0,213.0,214.0
yecM,47.0,34.0,41.0
yecN,1.0,0.0,2.0
yecO,41.0,42.0,40.0
yecP,80.0,73.0,80.0
yecR,264.0,280.0,278.0
yecS,70.0,76.0,66.0
yecT,537.0,564.0,510.0
yedA,86.0,110.0,85.0
yedD,276.0,270.0,262.0
yedE,27.0,38.0,35.0
yedF,0.0,0.0,0.0
yedI,136.0,156.0,174.0
yedJ,5.0,17.0,7.0
yedK,8.0,11.0,8.0
yedL,80.0,81.0,98.0
yedM,21.0,33.0,27.0
yedN,163.0,165.0,179.0
yedP,55.0,40.0,52.0
yedQ,160.0,184.0,176.0
yedR,1.0,1.0,1.0
yedS,295.0,297.0,315.0
yedV,137.0,167.0,169.0
yedW,190.0,213.0,249.0
yedX,94.0,81.0,82.0
yedY,9.0,20.0,14.0
yedZ,116.0,120.0,125.0
yeeA,173.0,212.0,192.0
yeeD,59.0,73.0,83.0
yeeE,259.0,269.0,288.0
yeeF,109.0,99.0,94.0
yeeI,137.0,173.0,138.0
yeeJ,64.0,78.0,86.0
yeeL,306.0,283.0,307.0
yeeN,116.0,133.0,114.0
yeeO,73.0,86.0,79.0
yeeP,15.0,16.0,19.0
yeeR,95.0,104.0,87.0
yeeS,42.0,44.0,50.0
yeeT,0.0,0.0,1.0
yeeU,0.0,0.0,0.0
yeeV,22.0,22.0,19.0
yeeW,48.0,50.0,50.0
yeeX,45.0,32.0,45.0
yeeY,169.0,165.0,180.0
yeeZ,78.0,93.0,100.0
yefM,74.0,56.0,64.0
yegD,7.0,1.0,2.0
yegE,101.0,116.0,106.0
yegH,52.0,56.0,47.0
yegI,79.0,81.0,63.0
yegJ,99.0,125.0,107.0
yegK,87.0,85.0,77.0
yegL,61.0,65.0,65.0
yegP,41.0,49.0,40.0
yegQ,108.0,88.0,99.0
yegR,119.0,114.0,113.0
yegS,124.0,126.0,109.0
yegT,218.0,191.0,191.0
yegU,15.0,13.0,18.0
yegV,0.0,0.0,1.0
yegW,180.0,179.0,200.0
yegX,56.0,53.0,43.0
yegZ,63.0,98.0,87.0
yehA,143.0,157.0,140.0
yehB,135.0,144.0,139.0
yehC,207.0,213.0,179.0
yehD,203.0,250.0,192.0
yehE,59.0,80.0,69.0
yehI,158.0,159.0,140.0
yehK,36.0,34.0,31.0
yehL,20.0,30.0,20.0
yehM,99.0,106.0,93.0
yehP,76.0,72.0,79.0
yehQ,95.0,96.0,74.0
yehR,120.0,123.0,113.0
yehS,62.0,67.0,67.0
yehT,266.0,286.0,283.0
yehU,49.0,45.0,49.0
yehW,35.0,37.0,40.0
yehX,1.0,1.0,2.0
yehY,53.0,48.0,51.0
yehZ,70.0,72.0,70.0
yeiA,154.0,162.0,144.0
yeiB,6.0,5.0,9.0
yeiC,129.0,122.0,117.0
yeiE,0.0,0.0,0.0
yeiG,16.0,15.0,12.0
yeiH,104.0,97.0,98.0
yeiI,89.0,107.0,107.0
yeiJ,137.0,143.0,152.0
yeiL,72.0,84.0,73.0
yeiM,111.0,111.0,104.0
yeiN,139.0,142.0,125.0
yeiP,40.0,60.0,71.0
yeiQ,201.0,205.0,184.0
yeiR,1.0,1.0,4.0
yeiS,3.0,3.0,4.0
yeiT,80.0,102.0,85.0
yeiU,98.0,112.0,110.0
yeiW,0.0,0.0,1.0
yejA,101.0,112.0,103.0
yejB,133.0,147.0,159.0
yejE,154.0,157.0,135.0
yejF,25.0,24.0,35.0
yejG,0.0,1.0,0.0
yejH,68.0,76.0,69.0
yejK,83.0,87.0,103.0
yejL,2.0,0.0,0.0
yejM,53.0,47.0,67.0
yejO,176.0,169.0,154.0
yfaA,227.0,235.0,224.0
yfaD,285.0,267.0,297.0
yfaE,1.0,1.0,4.0
yfaH,128.0,141.0,119.0
yfaL,88.0,93.0,70.0
yfaP,154.0,146.0,164.0
yfaQ,64.0,59.0,67.0
yfaS,101.0,115.0,98.0
yfaT,120.0,128.0,121.0
yfaU,2.0,3.0,3.0
yfaV,52.0,47.0,28.0
yfaW,7.0,5.0,7.0
yfaX,157.0,152.0,135.0
yfaY,32.0,24.0,29.0
yfaZ,20.0,23.0,25.0
yfbB,41.0,55.0,41.0
yfbH,149.0,143.0,152.0
yfbJ,18.0,14.0,19.0
yfbK,137.0,157.0,174.0
yfbL,160.0,176.0,173.0
yfbM,164.0,177.0,177.0
yfbN,205.0,211.0,213.0
yfbO,14.0,12.0,18.0
yfbP,325.0,315.0,323.0
yfbQ,157.0,186.0,149.0
yfbR,13.0,11.0,18.0
yfbS,111.0,93.0,108.0
yfbT,37.0,28.0,32.0
yfbU,102.0,98.0,96.0
yfbV,17.0,10.0,6.0
yfbW,2.0,0.0,1.0
yfcA,1.0,1.0,8.0
yfcC,69.0,65.0,89.0
yfcD,4.0,6.0,5.0
yfcE,4.0,3.0,4.0
yfcF,85.0,89.0,141.0
yfcG,188.0,159.0,190.0
yfcH,27.0,30.0,29.0
yfcI,78.0,77.0,74.0
yfcJ,11.0,15.0,19.0
yfcL,33.0,28.0,42.0
yfcM,10.0,19.0,20.0
yfcN,2.0,1.0,2.0
yfcO,120.0,125.0,117.0
yfcP,62.0,56.0,61.0
yfcQ,27.0,21.0,37.0
yfcR,157.0,141.0,109.0
yfcS,70.0,72.0,80.0
yfcU,184.0,182.0,207.0
yfcV,487.0,480.0,471.0
yfcY,9.0,11.0,11.0
yfcZ,9.0,5.0,7.0
yfdC,34.0,43.0,23.0
yfdE,228.0,211.0,209.0
yfdF,104.0,118.0,96.0
yfdG,101.0,111.0,82.0
yfdH,199.0,217.0,209.0
yfdI,77.0,111.0,99.0
yfdK,96.0,93.0,83.0
yfdL,35.0,23.0,27.0
yfdM,6.0,5.0,10.0
yfdN,1.0,0.0,2.0
yfdO,53.0,34.0,35.0
yfdP,18.0,27.0,33.0
yfdQ,141.0,157.0,128.0
yfdR,236.0,227.0,204.0
yfdS,80.0,90.0,85.0
yfdT,13.0,20.0,17.0
yfdV,122.0,133.0,125.0
yfdX,121.0,159.0,136.0
yfdY,20.0,41.0,36.0
yfdZ,1.0,1.0,1.0
yfeA,177.0,184.0,195.0
yfeC,123.0,116.0,102.0
yfeD,13.0,6.0,10.0
yfeG,5.0,2.0,8.0
yfeH,67.0,64.0,66.0
yfeK,82.0,95.0,99.0
yfeN,150.0,131.0,130.0
yfeO,24.0,27.0,35.0
yfeR,0.0,1.0,0.0
yfeS,186.0,180.0,155.0
yfeT,320.0,321.0,286.0
yfeU,42.0,49.0,32.0
yfeW,50.0,46.0,51.0
yfeX,2.0,1.0,0.0
yfeY,65.0,66.0,65.0
yfeZ,9.0,6.0,6.0
yffB,8.0,11.0,8.0
yffI,11.0,14.0,11.0
yffL,66.0,58.0,58.0
yffM,3.0,1.0,1.0
yffN,59.0,59.0,47.0
yffO,96.0,88.0,95.0
yffP,40.0,59.0,58.0
yffQ,289.0,283.0,258.0
yffR,43.0,42.0,35.0
yffS,30.0,51.0,47.0
yfgA,28.0,25.0,20.0
yfgB,182.0,203.0,189.0
yfgC,19.0,27.0,31.0
yfgD,85.0,98.0,99.0
yfgF,76.0,101.0,102.0
yfgG,0.0,0.0,0.0
yfgH,51.0,67.0,55.0
yfgI,188.0,182.0,194.0
yfgJ,0.0,0.0,0.0
yfgL,67.0,56.0,67.0
yfgM,35.0,51.0,51.0
yfgO,2.0,1.0,0.0
yfhA,211.0,216.0,229.0
yfhB,2.0,5.0,0.0
yfhD,153.0,134.0,136.0
yfhG,8.0,6.0,8.0
yfhH,44.0,51.0,41.0
yfhJ,55.0,39.0,40.0
yfhK,40.0,45.0,46.0
yfhL,203.0,193.0,201.0
yfhM,222.0,234.0,217.0
yfhQ,21.0,21.0,24.0
yfhR,14.0,12.0,24.0
yfiB,143.0,163.0,165.0
yfiC,74.0,84.0,89.0
yfiD,44.0,58.0,60.0
yfiE,47.0,55.0,54.0
yfiF,31.0,35.0,33.0
yfiH,5.0,10.0,9.0
yfiK,57.0,61.0,56.0
yfiL,29.0,26.0,22.0
yfiM,0.0,0.0,1.0
yfiN,55.0,64.0,67.0
yfiO,24.0,42.0,44.0
yfiP,7.0,10.0,9.0
yfiQ,33.0,36.0,33.0
yfiR,83.0,78.0,90.0
yfjD,260.0,278.0,271.0
yfjF,13.0,9.0,14.0
yfjG,15.0,20.0,18.0
yfjH,368.0,367.0,342.0
yfjI,241.0,269.0,240.0
yfjJ,140.0,140.0,130.0
yfjK,125.0,112.0,122.0
yfjL,66.0,85.0,77.0
yfjM,61.0,75.0,59.0
yfjN,95.0,104.0,108.0
yfjO,232.0,229.0,236.0
yfjP,91.0,92.0,68.0
yfjQ,0.0,0.0,0.0
yfjR,14.0,17.0,22.0
yfjS,46.0,56.0,55.0
yfjT,8.0,11.0,8.0
yfjU,100.0,104.0,91.0
yfjV,43.0,60.0,63.0
yfjW,66.0,81.0,68.0
yfjX,136.0,119.0,133.0
yfjY,5.0,6.0,8.0
yfjZ,77.0,56.0,79.0
ygaC,82.0,79.0,65.0
ygaD,1.0,0.0,0.0
ygaF,0.0,1.0,0.0
ygaH,1.0,0.0,0.0
ygaM,175.0,187.0,179.0
ygaP,72.0,91.0,77.0
ygaQ,432.0,434.0,433.0
ygaT,152.0,164.0,160.0
ygaU,22.0,16.0,15.0
ygaV,9.0,10.0,3.0
ygaW,130.0,126.0,113.0
ygaY,156.0,133.0,141.0
ygaZ,3.0,3.0,4.0
ygbA,2.0,1.0,1.0
ygbE,1.0,2.0,3.0
ygbF,66.0,70.0,68.0
ygbI,344.0,333.0,342.0
ygbJ,48.0,56.0,41.0
ygbK,25.0,27.0,22.0
ygbL,12.0,19.0,20.0
ygbM,8.0,15.0,13.0
ygbN,147.0,165.0,139.0
ygbT,168.0,169.0,176.0
ygcB,98.0,118.0,91.0
ygcE,199.0,234.0,223.0
ygcF,37.0,49.0,51.0
ygcG,164.0,182.0,204.0
ygcH,123.0,132.0,132.0
ygcI,89.0,100.0,80.0
ygcJ,71.0,65.0,69.0
ygcK,167.0,176.0,184.0
ygcL,240.0,267.0,254.0
ygcN,13.0,20.0,16.0
ygcO,0.0,0.0,0.0
ygcP,231.0,222.0,210.0
ygcQ,2.0,4.0,1.0
ygcR,42.0,82.0,36.0
ygcS,105.0,99.0,122.0
ygcU,141.0,174.0,157.0
ygcW,114.0,103.0,141.0
ygdB,1.0,0.0,1.0
ygdD,0.0,0.0,0.0
ygdE,118.0,99.0,119.0
ygdH,128.0,153.0,115.0
ygdI,181.0,172.0,150.0
ygdK,25.0,20.0,33.0
ygdL,2.0,1.0,5.0
ygdQ,9.0,14.0,13.0
ygdR,1.0,3.0,2.0
ygeA,1.0,1.0,1.0
ygeD,164.0,186.0,191.0
ygeF,2.0,4.0,1.0
ygeG,26.0,27.0,26.0
ygeH,116.0,127.0,124.0
ygeI,1.0,2.0,4.0
ygeK,186.0,174.0,189.0
ygeN,23.0,23.0,24.0
ygeO,5.0,5.0,9.0
ygeQ,310.0,302.0,308.0
ygeR,421.0,452.0,435.0
ygeV,121.0,124.0,129.0
ygeW,50.0,44.0,42.0
ygeX,91.0,74.0,80.0
ygeY,67.0,54.0,72.0
ygfA,6.0,9.0,8.0
ygfB,127.0,144.0,117.0
ygfF,2.0,0.0,1.0
ygfG,306.0,298.0,266.0
ygfH,95.0,125.0,120.0
ygfI,53.0,55.0,51.0
ygfJ,254.0,258.0,252.0
ygfK,178.0,202.0,164.0
ygfM,49.0,44.0,43.0
ygfO,133.0,129.0,131.0
ygfQ,57.0,73.0,73.0
ygfS,2.0,2.0,2.0
ygfT,166.0,153.0,151.0
ygfU,50.0,45.0,59.0
ygfX,0.0,0.0,0.0
ygfY,84.0,82.0,77.0
ygfZ,69.0,105.0,93.0
yggC,79.0,88.0,95.0
yggD,221.0,213.0,177.0
yggE,147.0,165.0,159.0
yggF,0.0,2.0,1.0
yggG,8.0,11.0,3.0
yggJ,88.0,89.0,93.0
yggL,29.0,19.0,21.0
yggM,56.0,66.0,73.0
yggN,11.0,15.0,13.0
yggP,94.0,100.0,85.0
yggR,106.0,119.0,98.0
yggS,43.0,50.0,47.0
yggT,60.0,64.0,81.0
yggU,2.0,2.0,1.0
yggV,26.0,16.0,22.0
yggW,89.0,75.0,89.0
yggX,23.0,22.0,23.0
yghA,22.0,22.0,12.0
yghB,173.0,175.0,173.0
yghD,77.0,83.0,69.0
yghE,0.0,1.0,3.0
yghF,175.0,161.0,177.0
yghG,0.0,0.0,7.0
yghJ,174.0,176.0,180.0
yghO,262.0,289.0,275.0
yghQ,28.0,23.0,26.0
yghR,76.0,81.0,82.0
yghS,67.0,78.0,85.0
yghT,62.0,54.0,63.0
yghU,23.0,22.0,13.0
yghW,115.0,131.0,144.0
yghX,51.0,50.0,47.0
yghY,63.0,60.0,64.0
yghZ,206.0,222.0,198.0
ygiA,0.0,0.0,0.0
ygiB,29.0,33.0,40.0
ygiC,204.0,233.0,208.0
ygiD,10.0,8.0,14.0
ygiF,85.0,70.0,66.0
ygiH,53.0,77.0,74.0
ygiL,133.0,169.0,157.0
ygiN,41.0,52.0,48.0
ygiP,24.0,27.0,19.0
ygiQ,33.0,35.0,33.0
ygiS,233.0,233.0,258.0
ygiT,18.0,14.0,13.0
ygiV,2.0,4.0,6.0
ygiW,50.0,65.0,53.0
ygiZ,18.0,10.0,15.0
ygjD,43.0,37.0,50.0
ygjE,6.0,0.0,3.0
ygjG,219.0,247.0,254.0
ygjH,58.0,58.0,55.0
ygjI,79.0,71.0,92.0
ygjJ,8.0,18.0,24.0
ygjK,100.0,121.0,117.0
ygjM,13.0,22.0,8.0
ygjN,82.0,72.0,72.0
ygjO,39.0,47.0,37.0
ygjP,102.0,100.0,93.0
ygjQ,40.0,30.0,30.0
ygjR,54.0,47.0,57.0
ygjV,54.0,64.0,70.0
yhaB,79.0,91.0,60.0
yhaC,89.0,89.0,63.0
yhaH,4.0,3.0,3.0
yhaI,58.0,60.0,57.0
yhaJ,21.0,36.0,37.0
yhaK,94.0,97.0,97.0
yhaL,1.0,1.0,2.0
yhaM,22.0,13.0,23.0
yhaO,142.0,170.0,134.0
yhaV,265.0,268.0,264.0
yhbC,27.0,41.0,39.0
yhbE,24.0,22.0,25.0
yhbG,7.0,7.0,5.0
yhbJ,14.0,16.0,16.0
yhbN,46.0,39.0,37.0
yhbO,22.0,24.0,14.0
yhbP,89.0,94.0,102.0
yhbQ,0.0,0.0,0.0
yhbS,66.0,55.0,50.0
yhbT,58.0,70.0,62.0
yhbU,5.0,1.0,2.0
yhbV,2.0,4.0,1.0
yhbW,35.0,43.0,33.0
yhbX,188.0,186.0,174.0
yhbY,0.0,4.0,0.0
yhcA,157.0,152.0,141.0
yhcB,137.0,111.0,100.0
yhcC,19.0,26.0,22.0
yhcD,108.0,113.0,87.0
yhcE,109.0,101.0,103.0
yhcF,226.0,247.0,238.0
yhcG,188.0,210.0,181.0
yhcH,87.0,108.0,88.0
yhcM,120.0,109.0,126.0
yhcN,1.0,0.0,0.0
yhcO,40.0,61.0,57.0
yhdA,115.0,124.0,136.0
yhdE,65.0,68.0,67.0
yhdH,124.0,129.0,124.0
yhdJ,171.0,155.0,152.0
yhdL,329.0,362.0,348.0
yhdN,110.0,99.0,104.0
yhdP,198.0,254.0,224.0
yhdT,0.0,1.0,0.0
yhdU,62.0,66.0,59.0
yhdV,56.0,42.0,55.0
yhdW,212.0,246.0,187.0
yhdX,57.0,78.0,83.0
yhdY,112.0,108.0,125.0
yhdZ,173.0,186.0,167.0
yheL,0.0,0.0,0.0
yheM,21.0,13.0,16.0
yheN,0.0,2.0,2.0
yheO,150.0,155.0,138.0
yheS,25.0,31.0,25.0
yheT,1.0,1.0,0.0
yheU,118.0,100.0,105.0
yheV,47.0,45.0,34.0
yhfA,4.0,1.0,2.0
yhfG,0.0,1.0,0.0
yhfK,83.0,92.0,102.0
yhfL,125.0,128.0,119.0
yhfS,0.0,0.0,0.0
yhfT,0.0,0.0,0.0
yhfU,2.0,10.0,2.0
yhfW,51.0,48.0,39.0
yhfX,105.0,110.0,103.0
yhfY,74.0,106.0,79.0
yhfZ,336.0,339.0,382.0
yhgA,238.0,263.0,256.0
yhgE,106.0,101.0,88.0
yhgF,19.0,36.0,29.0
yhgG,1.0,0.0,0.0
yhgN,0.0,0.0,0.0
yhhA,51.0,69.0,56.0
yhhF,29.0,31.0,29.0
yhhH,5.0,2.0,2.0
yhhI,94.0,92.0,100.0
yhhJ,46.0,47.0,47.0
yhhK,2.0,0.0,0.0
yhhL,5.0,4.0,5.0
yhhM,11.0,13.0,7.0
yhhN,15.0,9.0,20.0
yhhQ,123.0,125.0,117.0
yhhS,121.0,111.0,77.0
yhhT,99.0,92.0,110.0
yhhW,46.0,38.0,51.0
yhhX,74.0,58.0,82.0
yhhY,10.0,8.0,19.0
yhhZ,184.0,258.0,192.0
yhiD,185.0,189.0,168.0
yhiF,162.0,175.0,164.0
yhiI,0.0,1.0,0.0
yhiJ,151.0,148.0,125.0
yhiL,191.0,204.0,181.0
yhiM,123.0,153.0,123.0
yhiN,1.0,0.0,0.0
yhiP,91.0,87.0,92.0
yhiQ,0.0,0.0,0.0
yhiR,21.0,16.0,22.0
yhiS,172.0,162.0,166.0
yhjA,189.0,196.0,192.0
yhjB,215.0,224.0,203.0
yhjC,37.0,22.0,34.0
yhjD,7.0,9.0,8.0
yhjE,190.0,200.0,191.0
yhjG,203.0,223.0,220.0
yhjH,29.0,19.0,34.0
yhjJ,87.0,124.0,93.0
yhjK,212.0,264.0,269.0
yhjQ,66.0,68.0,84.0
yhjR,177.0,191.0,173.0
yhjV,100.0,129.0,109.0
yhjX,39.0,39.0,53.0
yhjY,57.0,67.0,59.0
yiaA,116.0,119.0,116.0
yiaB,165.0,153.0,145.0
yiaC,2.0,2.0,2.0
yiaD,101.0,111.0,103.0
yiaF,99.0,97.0,93.0
yiaG,42.0,39.0,37.0
yiaH,82.0,72.0,69.0
yiaJ,0.0,1.0,1.0
yiaK,5.0,2.0,4.0
yiaL,69.0,63.0,70.0
yiaM,0.0,2.0,0.0
yiaN,105.0,100.0,86.0
yiaO,22.0,27.0,19.0
yiaT,167.0,186.0,167.0
yiaU,88.0,90.0,73.0
yiaV,9.0,5.0,7.0
yiaW,33.0,35.0,30.0
yiaY,144.0,172.0,165.0
yibA,155.0,183.0,153.0
yibD,145.0,129.0,105.0
yibF,8.0,4.0,7.0
yibG,108.0,120.0,111.0
yibH,120.0,113.0,75.0
yibI,1.0,2.0,2.0
yibJ,74.0,74.0,68.0
yibK,17.0,31.0,10.0
yibL,14.0,5.0,7.0
yibN,110.0,127.0,88.0
yibQ,78.0,63.0,69.0
yibT,21.0,17.0,15.0
yicC,41.0,49.0,45.0
yicE,0.0,1.0,0.0
yicG,81.0,93.0,81.0
yicH,183.0,204.0,231.0
yicI,105.0,124.0,98.0
yicJ,136.0,136.0,149.0
yicL,79.0,91.0,77.0
yicN,182.0,185.0,165.0
yicO,90.0,119.0,105.0
yicR,30.0,20.0,20.0
yicS,25.0,35.0,24.0
yidA,55.0,64.0,75.0
yidB,1.0,2.0,0.0
yidC,33.0,34.0,34.0
yidD,3.0,0.0,0.0
yidE,12.0,21.0,11.0
yidF,36.0,40.0,44.0
yidG,0.0,0.0,0.0
yidH,63.0,52.0,53.0
yidI,100.0,131.0,125.0
yidJ,113.0,132.0,131.0
yidK,289.0,315.0,297.0
yidL,183.0,181.0,174.0
yidP,65.0,36.0,70.0
yidQ,0.0,1.0,3.0
yidR,151.0,156.0,179.0
yidX,95.0,89.0,75.0
yidZ,12.0,11.0,15.0
yieE,2.0,3.0,5.0
yieF,32.0,43.0,28.0
yieG,15.0,9.0,11.0
yieH,190.0,201.0,177.0
yieI,178.0,175.0,161.0
yieK,86.0,98.0,110.0
yieL,128.0,140.0,115.0
yieP,225.0,220.0,196.0
yifB,112.0,135.0,120.0
yifE,3.0,8.0,6.0
yifK,217.0,216.0,203.0
yifL,0.0,1.0,0.0
yifN,35.0,30.0,32.0
yifO,92.0,104.0,103.0
yigA,90.0,106.0,93.0
yigB,0.0,0.0,1.0
yigE,139.0,167.0,114.0
yigF,2.0,1.0,0.0
yigG,179.0,188.0,165.0
yigI,105.0,79.0,71.0
yigL,134.0,141.0,121.0
yigM,0.0,1.0,1.0
yigP,1.0,1.0,0.0
yigZ,127.0,114.0,129.0
yihA,43.0,27.0,35.0
yihD,3.0,0.0,4.0
yihE,171.0,200.0,184.0
yihF,52.0,59.0,65.0
yihG,226.0,231.0,228.0
yihI,103.0,121.0,120.0
yihL,6.0,11.0,9.0
yihM,210.0,252.0,228.0
yihN,117.0,109.0,121.0
yihO,128.0,132.0,134.0
yihP,115.0,91.0,103.0
yihQ,32.0,40.0,48.0
yihR,114.0,118.0,120.0
yihS,142.0,181.0,133.0
yihT,28.0,28.0,20.0
yihU,0.0,0.0,2.0
yihV,8.0,10.0,9.0
yihW,41.0,47.0,42.0
yihX,35.0,26.0,29.0
yiiD,105.0,107.0,110.0
yiiE,0.0,0.0,1.0
yiiF,104.0,99.0,105.0
yiiG,113.0,128.0,150.0
yiiM,1.0,0.0,0.0
yiiQ,4.0,1.0,5.0
yiiR,83.0,85.0,68.0
yiiS,51.0,61.0,60.0
yiiT,108.0,96.0,94.0
yiiU,27.0,37.0,25.0
yiiX,72.0,61.0,54.0
yijD,45.0,48.0,46.0
yijE,74.0,90.0,66.0
yijF,64.0,84.0,65.0
yijO,32.0,37.0,32.0
yijP,94.0,128.0,119.0
yjaA,41.0,37.0,38.0
yjaB,15.0,15.0,14.0
yjaG,92.0,74.0,78.0
yjaH,4.0,0.0,0.0
yjbB,23.0,32.0,38.0
yjbD,21.0,23.0,19.0
yjbE,0.0,0.0,0.0
yjbF,22.0,21.0,23.0
yjbG,8.0,5.0,8.0
yjbH,332.0,360.0,321.0
yjbI,109.0,113.0,111.0
yjbJ,162.0,178.0,160.0
yjbL,1.0,0.0,2.0
yjbM,88.0,91.0,101.0
yjbO,0.0,0.0,0.0
yjbQ,80.0,81.0,94.0
yjbR,0.0,1.0,0.0
yjcB,35.0,28.0,31.0
yjcC,110.0,95.0,74.0
yjcD,97.0,91.0,88.0
yjcE,12.0,15.0,12.0
yjcF,189.0,198.0,156.0
yjcH,31.0,35.0,26.0
yjcO,115.0,125.0,138.0
yjcP,478.0,494.0,463.0
yjcQ,94.0,99.0,90.0
yjcR,11.0,8.0,10.0
yjcS,212.0,206.0,187.0
yjcZ,0.0,0.0,0.0
yjdA,94.0,87.0,101.0
yjdC,63.0,58.0,51.0
yjdF,11.0,18.0,10.0
yjdI,0.0,3.0,0.0
yjdJ,84.0,98.0,106.0
yjdK,55.0,63.0,54.0
yjdL,147.0,153.0,132.0
yjdO,0.0,3.0,2.0
yjdP,67.0,99.0,80.0
yjeE,28.0,28.0,24.0
yjeF,14.0,21.0,18.0
yjeH,0.0,0.0,0.0
yjeI,1.0,1.0,0.0
yjeJ,107.0,99.0,87.0
yjeK,127.0,125.0,113.0
yjeM,155.0,125.0,143.0
yjeN,0.0,0.0,1.0
yjeO,86.0,80.0,89.0
yjeP,145.0,174.0,169.0
yjeS,52.0,68.0,67.0
yjeT,1.0,0.0,0.0
yjfC,16.0,26.0,17.0
yjfF,28.0,35.0,33.0
yjfI,108.0,123.0,107.0
yjfJ,108.0,118.0,122.0
yjfK,120.0,97.0,96.0
yjfL,11.0,14.0,16.0
yjfM,96.0,100.0,106.0
yjfN,0.0,0.0,1.0
yjfO,19.0,33.0,24.0
yjfP,63.0,51.0,61.0
yjfY,69.0,52.0,58.0
yjfZ,164.0,156.0,130.0
yjgA,95.0,96.0,91.0
yjgB,102.0,116.0,105.0
yjgF,65.0,56.0,52.0
yjgH,8.0,14.0,8.0
yjgI,28.0,29.0,32.0
yjgJ,65.0,63.0,58.0
yjgK,132.0,152.0,120.0
yjgL,93.0,96.0,84.0
yjgM,177.0,148.0,192.0
yjgN,189.0,203.0,181.0
yjgP,178.0,176.0,177.0
yjgQ,148.0,170.0,137.0
yjgR,242.0,216.0,214.0
yjgW,33.0,23.0,28.0
yjgX,113.0,115.0,105.0
yjgZ,1.0,0.0,0.0
yjhA,186.0,190.0,173.0
yjhB,60.0,60.0,47.0
yjhC,118.0,98.0,113.0
yjhD,114.0,119.0,122.0
yjhE,8.0,9.0,7.0
yjhF,69.0,68.0,70.0
yjhG,134.0,133.0,137.0
yjhH,24.0,20.0,16.0
yjhI,232.0,250.0,216.0
yjhP,11.0,12.0,5.0
yjhQ,0.0,0.0,1.0
yjhR,166.0,148.0,134.0
yjhS,142.0,178.0,152.0
yjhT,48.0,46.0,35.0
yjhU,39.0,39.0,34.0
yjhV,186.0,206.0,220.0
yjhW,17.0,15.0,13.0
yjhX,90.0,84.0,98.0
yjiA,150.0,162.0,145.0
yjiC,71.0,64.0,67.0
yjiD,22.0,17.0,20.0
yjiE,4.0,1.0,5.0
yjiG,8.0,12.0,9.0
yjiH,3.0,3.0,4.0
yjiJ,1.0,0.0,0.0
yjiK,78.0,75.0,95.0
yjiL,1.0,0.0,1.0
yjiM,155.0,166.0,142.0
yjiN,121.0,94.0,116.0
yjiO,56.0,58.0,65.0
yjiP,406.0,381.0,380.0
yjiR,68.0,56.0,74.0
yjiS,1.0,0.0,0.0
yjiT,146.0,122.0,137.0
yjiV,185.0,189.0,182.0
yjiW,0.0,1.0,0.0
yjiX,0.0,0.0,3.0
yjiY,27.0,19.0,21.0
yjiZ,85.0,82.0,50.0
yjjA,0.0,1.0,0.0
yjjB,29.0,40.0,34.0
yjjG,111.0,134.0,133.0
yjjI,150.0,150.0,152.0
yjjJ,0.0,1.0,0.0
yjjK,151.0,185.0,193.0
yjjM,162.0,155.0,137.0
yjjN,152.0,128.0,133.0
yjjP,185.0,192.0,207.0
yjjQ,260.0,279.0,254.0
yjjU,30.0,40.0,26.0
yjjV,54.0,39.0,43.0
yjjW,0.0,0.0,0.0
yjjX,13.0,13.0,14.0
yjjY,6.0,15.0,16.0
yjjZ,119.0,132.0,105.0
yjtD,93.0,93.0,76.0
ykfA,163.0,172.0,156.0
ykfB,19.0,12.0,18.0
ykfC,186.0,161.0,167.0
ykfF,3.0,11.0,4.0
ykfG,14.0,13.0,13.0
ykfH,0.0,1.0,2.0
ykfI,1.0,0.0,0.0
ykfJ,0.0,0.0,0.0
ykgA,144.0,163.0,163.0
ykgB,164.0,155.0,146.0
ykgC,113.0,98.0,110.0
ykgD,53.0,63.0,51.0
ykgE,31.0,36.0,28.0
ykgF,71.0,83.0,80.0
ykgG,28.0,13.0,17.0
ykgH,142.0,150.0,169.0
ykgI,88.0,83.0,96.0
ykgJ,13.0,12.0,15.0
ykgK,193.0,166.0,197.0
ykgL,85.0,96.0,91.0
ykgM,115.0,124.0,106.0
ykgN,245.0,271.0,245.0
ykgO,59.0,77.0,60.0
ykiA,0.0,2.0,2.0
ykiB,3.0,0.0,0.0
ylaB,99.0,84.0,99.0
ylaC,26.0,30.0,25.0
ylbA,45.0,39.0,42.0
ylbE,5.0,5.0,5.0
ylbF,0.0,0.0,0.0
ylbG,110.0,104.0,100.0
ylbH,203.0,202.0,200.0
ylcG,0.0,0.0,0.0
yliA,81.0,84.0,72.0
yliB,142.0,177.0,166.0
yliC,40.0,33.0,43.0
yliD,100.0,91.0,101.0
yliE,74.0,88.0,90.0
yliF,144.0,155.0,138.0
yliG,90.0,81.0,82.0
yliI,62.0,91.0,70.0
yliJ,57.0,69.0,66.0
yliK,28.0,35.0,33.0
yliL,77.0,78.0,64.0
ymbA,172.0,155.0,165.0
ymcB,31.0,34.0,27.0
ymcC,129.0,120.0,102.0
ymcE,29.0,30.0,28.0
ymdA,13.0,11.0,18.0
ymdB,13.0,8.0,14.0
ymdC,115.0,128.0,112.0
ymdE,19.0,16.0,11.0
ymdF,6.0,12.0,8.0
ymfA,80.0,72.0,96.0
ymfD,25.0,29.0,21.0
ymfE,31.0,40.0,38.0
ymfG,123.0,104.0,99.0
ymfH,0.0,3.0,0.0
ymfI,242.0,271.0,257.0
ymfJ,4.0,3.0,3.0
ymfK,264.0,267.0,280.0
ymfL,31.0,25.0,24.0
ymfM,2.0,1.0,3.0
ymfN,13.0,21.0,10.0
ymfO,12.0,8.0,5.0
ymfP,37.0,28.0,22.0
ymfQ,0.0,0.0,0.0
ymfR,24.0,27.0,34.0
ymfS,281.0,285.0,315.0
ymfT,0.0,0.0,0.0
ymgA,86.0,84.0,88.0
ymgB,68.0,76.0,69.0
ymgC,31.0,47.0,43.0
ymgD,6.0,4.0,6.0
ymgE,0.0,0.0,1.0
ymgF,3.0,2.0,2.0
ymgG,7.0,8.0,8.0
ymgH,79.0,55.0,61.0
ymiA,1.0,1.0,1.0
ymjA,137.0,153.0,132.0
ymjC,24.0,29.0,23.0
ynaA,284.0,289.0,262.0
ynaI,119.0,146.0,108.0
ynaJ,146.0,154.0,186.0
ynaK,7.0,7.0,6.0
ynbA,214.0,213.0,244.0
ynbB,122.0,139.0,131.0
ynbC,160.0,177.0,167.0
ynbD,128.0,114.0,138.0
ynbE,15.0,21.0,7.0
yncA,54.0,63.0,77.0
yncB,130.0,125.0,128.0
yncC,139.0,122.0,133.0
yncD,88.0,81.0,93.0
yncE,116.0,105.0,127.0
yncG,101.0,110.0,120.0
yncH,63.0,50.0,60.0
yncI,445.0,442.0,462.0
yncJ,50.0,39.0,52.0
yncK,190.0,198.0,188.0
yncN,0.0,2.0,0.0
yneE,72.0,67.0,74.0
yneF,53.0,80.0,65.0
yneG,11.0,10.0,8.0
yneH,147.0,150.0,151.0
yneI,0.0,0.0,0.0
yneJ,52.0,53.0,71.0
yneK,76.0,84.0,80.0
yneL,92.0,76.0,106.0
ynfA,15.0,22.0,14.0
ynfB,0.0,0.0,0.0
ynfC,218.0,245.0,204.0
ynfD,7.0,6.0,7.0
ynfE,189.0,154.0,157.0
ynfF,182.0,197.0,179.0
ynfG,7.0,10.0,8.0
ynfH,0.0,0.0,0.0
ynfK,2.0,1.0,0.0
ynfL,1.0,1.0,2.0
ynfM,14.0,10.0,10.0
ynfN,39.0,56.0,44.0
ynfO,0.0,0.0,1.0
ynfP,0.0,0.0,0.0
ynhG,208.0,222.0,229.0
yniA,51.0,66.0,59.0
yniB,214.0,224.0,209.0
yniC,46.0,33.0,29.0
yniD,2.0,0.0,0.0
ynjA,10.0,20.0,12.0
ynjB,0.0,0.0,1.0
ynjC,82.0,78.0,101.0
ynjD,100.0,103.0,115.0
ynjE,13.0,13.0,9.0
ynjF,8.0,14.0,8.0
ynjH,65.0,111.0,76.0
ynjI,130.0,162.0,163.0
yoaA,2.0,0.0,0.0
yoaB,0.0,2.0,1.0
yoaC,3.0,8.0,4.0
yoaD,340.0,362.0,314.0
yoaE,14.0,23.0,15.0
yoaF,0.0,0.0,1.0
yoaG,149.0,158.0,163.0
yoaH,21.0,33.0,28.0
yoaI,6.0,3.0,4.0
yobA,53.0,46.0,34.0
yobB,0.0,0.0,1.0
yobD,170.0,167.0,142.0
yobF,62.0,73.0,62.0
yobG,32.0,32.0,34.0
yobH,154.0,155.0,184.0
yodA,102.0,89.0,94.0
yodB,174.0,135.0,152.0
yodC,0.0,1.0,0.0
yodD,138.0,161.0,173.0
yoeA,39.0,45.0,39.0
yoeB,1.0,1.0,3.0
yoeF,62.0,51.0,49.0
yohC,12.0,19.0,21.0
yohD,0.0,0.0,1.0
yohF,0.0,0.0,0.0
yohJ,0.0,1.0,0.0
yohK,6.0,3.0,9.0
yohL,85.0,98.0,87.0
yohM,113.0,106.0,109.0
yohN,27.0,28.0,27.0
yohO,0.0,0.0,0.0
yojI,221.0,228.0,265.0
yojL,103.0,123.0,113.0
ypaA,54.0,56.0,46.0
ypdA,305.0,340.0,347.0
ypdB,188.0,220.0,206.0
ypdC,41.0,68.0,64.0
ypdD,70.0,75.0,71.0
ypdE,31.0,36.0,30.0
ypdF,36.0,49.0,37.0
ypdG,8.0,12.0,10.0
ypdH,131.0,143.0,142.0
ypdI,44.0,49.0,37.0
ypdJ,11.0,18.0,17.0
ypeA,109.0,103.0,101.0
ypeB,32.0,30.0,25.0
ypeC,106.0,119.0,103.0
ypfE,85.0,67.0,77.0
ypfG,28.0,23.0,23.0
ypfH,28.0,25.0,32.0
ypfI,56.0,61.0,67.0
ypfJ,65.0,56.0,52.0
ypfN,2.0,2.0,1.0
yphA,29.0,24.0,24.0
yphB,21.0,27.0,33.0
yphC,2.0,3.0,3.0
yphD,45.0,41.0,54.0
yphE,0.0,0.0,2.0
yphF,163.0,174.0,178.0
yphG,147.0,145.0,122.0
yphH,242.0,257.0,240.0
ypjA,145.0,143.0,148.0
ypjC,387.0,403.0,395.0
ypjD,83.0,88.0,83.0
ypjF,181.0,196.0,176.0
ypjJ,1.0,0.0,1.0
ypjK,6.0,4.0,7.0
yqaA,14.0,20.0,26.0
yqaB,48.0,50.0,63.0
yqaE,23.0,30.0,31.0
yqcA,86.0,88.0,91.0
yqcC,6.0,12.0,4.0
yqcE,121.0,125.0,132.0
yqeA,195.0,182.0,202.0
yqeB,2.0,0.0,1.0
yqeC,84.0,83.0,66.0
yqeF,93.0,94.0,93.0
yqeG,203.0,209.0,188.0
yqeH,593.0,602.0,589.0
yqeI,119.0,123.0,120.0
yqeJ,18.0,15.0,10.0
yqeK,106.0,90.0,85.0
yqfA,90.0,150.0,138.0
yqfB,2.0,7.0,2.0
yqfE,103.0,99.0,101.0
yqgA,111.0,117.0,117.0
yqgB,3.0,3.0,3.0
yqgC,0.0,0.0,0.0
yqgD,90.0,104.0,101.0
yqgE,1.0,0.0,0.0
yqgF,12.0,10.0,4.0
yqhA,281.0,275.0,288.0
yqhC,185.0,180.0,167.0
yqhD,1.0,2.0,0.0
yqhG,148.0,134.0,150.0
yqhH,0.0,2.0,1.0
yqiA,1.0,0.0,0.0
yqiB,48.0,43.0,38.0
yqiC,5.0,7.0,8.0
yqiG,116.0,107.0,124.0
yqiH,223.0,250.0,247.0
yqiI,64.0,63.0,71.0
yqiJ,137.0,131.0,129.0
yqiK,237.0,237.0,227.0
yqjA,13.0,12.0,14.0
yqjB,23.0,29.0,13.0
yqjC,78.0,82.0,77.0
yqjD,20.0,16.0,21.0
yqjE,0.0,0.0,1.0
yqjF,1.0,0.0,3.0
yqjG,137.0,124.0,122.0
yqjH,32.0,22.0,27.0
yqjI,3.0,6.0,2.0
yqjK,32.0,36.0,37.0
yraH,165.0,188.0,166.0
yraI,108.0,119.0,113.0
yraJ,160.0,171.0,154.0
yraK,53.0,52.0,49.0
yraL,29.0,15.0,16.0
yraM,38.0,22.0,30.0
yraN,32.0,34.0,26.0
yraP,89.0,77.0,77.0
yraQ,13.0,14.0,14.0
yraR,29.0,39.0,28.0
yrbA,0.0,2.0,1.0
yrbB,58.0,56.0,59.0
yrbC,0.0,0.0,2.0
yrbD,120.0,86.0,99.0
yrbF,3.0,1.0,2.0
yrbG,127.0,107.0,107.0
yrbK,121.0,139.0,127.0
yrbL,65.0,83.0,86.0
yrdA,84.0,69.0,73.0
yrdB,35.0,41.0,41.0
yrdC,52.0,31.0,33.0
yrdD,45.0,74.0,55.0
yrfA,1.0,0.0,1.0
yrfB,1.0,1.0,1.0
yrfC,1.0,1.0,1.0
yrfD,10.0,13.0,11.0
yrfF,132.0,133.0,136.0
yrfG,105.0,104.0,107.0
yrhA,49.0,32.0,34.0
yrhB,128.0,120.0,119.0
yrhC,73.0,97.0,97.0
ysaA,1.0,0.0,0.0
ysaB,15.0,6.0,14.0
ysgA,50.0,56.0,45.0
ytfA,113.0,136.0,118.0
ytfB,0.0,0.0,1.0
ytfE,365.0,322.0,325.0
ytfF,0.0,0.0,0.0
ytfG,40.0,49.0,46.0
ytfH,0.0,1.0,0.0
ytfI,177.0,190.0,166.0
ytfJ,0.0,1.0,0.0
ytfK,52.0,51.0,65.0
ytfL,320.0,327.0,300.0
ytfM,194.0,246.0,201.0
ytfN,185.0,219.0,197.0
ytfP,0.0,0.0,1.0
ytfQ,117.0,135.0,126.0
ytfR,6.0,6.0,5.0
ytfT,2.0,1.0,2.0
ytjA,0.0,1.0,1.0
ytjB,4.0,2.0,4.0
ytjC,102.0,96.0,83.0
yzcX,205.0,207.0,210.0
yzfA,2.0,4.0,2.0
yzgL,37.0,27.0,41.0
zapA,367.0,372.0,386.0
zipA,284.0,315.0,266.0
zitB,16.0,15.0,18.0
zntA,53.0,44.0,39.0
zntR,122.0,149.0,177.0
znuA,266.0,275.0,215.0
znuB,74.0,72.0,64.0
znuC,71.0,89.0,79.0
zraP,69.0,52.0,64.0
zraR,4.0,5.0,0.0
zraS,28.0,30.0,38.0
zupT,219.0,228.0,252.0
zur,172.0,174.0,154.0
zwf,323.0,329.0,360.0
